,asia,tub,smoke,lung,bronc,either,xray,dysp
0,no,no,no,no,no,no,no,no
1,no,no,no,no,no,no,no,no
2,no,no,yes,no,no,no,no,no
3,no,no,yes,no,yes,no,no,yes
4,no,no,no,no,no,no,no,no
5,no,no,no,no,yes,no,no,yes
6,no,no,no,no,yes,no,no,yes
7,no,no,no,no,no,no,no,no
8,no,no,no,no,no,no,no,no
9,no,no,yes,yes,yes,yes,yes,yes
10,no,no,yes,yes,yes,yes,yes,yes
11,no,no,no,no,no,no,no,no
12,no,no,no,no,no,no,no,no
13,no,no,no,no,no,no,no,no
14,no,no,no,no,no,no,no,no
15,no,no,no,no,no,no,no,no
16,no,no,yes,no,yes,no,yes,no
17,no,no,yes,no,yes,no,no,yes
18,no,no,yes,no,no,no,no,no
19,no,no,no,no,no,no,yes,no
20,no,no,yes,no,yes,no,no,yes
21,no,no,yes,no,no,no,no,no
22,no,no,yes,no,no,no,yes,yes
23,no,no,yes,no,yes,no,no,yes
24,no,no,no,no,no,no,no,no
25,no,no,yes,no,yes,no,yes,yes
26,no,no,yes,yes,yes,yes,yes,yes
27,no,no,no,no,yes,no,no,yes
28,no,no,yes,no,yes,no,no,yes
29,no,no,no,no,no,no,no,no
30,no,no,no,no,yes,no,no,yes
31,no,no,yes,no,yes,no,yes,no
32,no,no,yes,no,yes,no,no,yes
33,no,no,yes,no,yes,no,no,yes
34,no,no,yes,no,no,no,no,no
35,no,no,no,no,no,no,no,no
36,no,no,no,no,yes,no,no,no
37,no,no,yes,no,no,no,no,no
38,no,no,yes,no,yes,no,no,yes
39,no,no,no,no,no,no,no,yes
40,no,no,no,no,no,no,no,no
41,no,no,yes,no,no,no,no,no
42,no,no,yes,no,no,no,no,no
43,no,no,no,no,yes,no,no,yes
44,no,no,yes,no,yes,no,no,yes
45,no,no,no,no,no,no,no,no
46,no,no,no,no,no,no,no,no
47,no,no,yes,no,yes,no,no,yes
48,no,no,yes,no,yes,no,no,yes
49,no,no,no,no,yes,no,no,yes
50,no,no,yes,no,yes,no,no,yes
51,no,no,yes,no,no,no,no,no
52,no,no,no,no,yes,no,no,yes
53,no,no,yes,no,yes,no,no,yes
54,no,no,yes,no,yes,no,no,yes
55,no,no,no,no,no,no,no,no
56,no,no,no,no,yes,no,no,yes
57,no,no,yes,yes,no,yes,yes,yes
58,no,no,no,no,no,no,no,no
59,no,no,no,no,yes,no,no,no
60,no,no,no,no,no,no,no,no
61,no,no,no,no,no,no,no,yes
62,no,no,yes,yes,no,yes,yes,no
63,no,no,no,no,no,no,no,no
64,no,no,yes,no,yes,no,no,yes
65,no,no,yes,no,no,no,no,no
66,no,no,yes,no,no,no,no,yes
67,no,no,yes,no,yes,no,no,yes
68,no,no,yes,no,no,no,no,no
69,no,no,yes,no,yes,no,no,yes
70,no,no,no,no,no,no,no,no
71,no,no,yes,no,yes,no,no,no
72,no,no,yes,yes,yes,yes,yes,yes
73,no,no,no,no,no,no,no,no
74,no,no,no,no,no,no,no,no
75,no,no,no,no,yes,no,no,yes
76,no,no,no,no,no,no,no,no
77,no,no,no,no,no,no,no,no
78,no,no,yes,no,yes,no,no,no
79,no,no,no,no,no,no,no,yes
80,no,no,no,no,no,no,no,no
81,no,no,yes,no,no,no,no,no
82,no,no,no,no,no,no,no,no
83,no,no,yes,yes,yes,yes,yes,yes
84,no,no,yes,no,yes,no,no,yes
85,no,no,yes,no,yes,no,no,yes
86,no,no,no,no,no,no,no,no
87,no,yes,yes,yes,yes,yes,yes,no
88,no,no,no,no,no,no,yes,no
89,no,no,yes,no,no,no,no,no
90,no,no,yes,no,yes,no,no,yes
91,no,no,yes,no,yes,no,no,yes
92,no,no,yes,no,yes,no,no,yes
93,no,no,no,no,yes,no,no,yes
94,no,no,yes,no,no,no,no,no
95,no,no,yes,no,no,no,no,no
96,no,no,yes,no,no,no,no,no
97,no,no,no,no,no,no,yes,no
98,no,no,yes,no,yes,no,no,yes
99,no,no,yes,no,yes,no,no,no
100,no,no,no,no,no,no,no,no
101,no,no,yes,no,no,no,no,no
102,no,no,no,no,no,no,no,yes
103,no,no,no,no,no,no,no,no
104,no,no,no,no,yes,no,no,yes
105,no,no,no,no,no,no,no,no
106,no,no,no,no,no,no,yes,no
107,no,no,no,no,yes,no,no,no
108,no,no,yes,no,no,no,no,no
109,no,no,yes,no,yes,no,no,yes
110,no,no,no,no,no,no,no,no
111,no,no,no,no,yes,no,no,yes
112,no,no,yes,no,yes,no,no,no
113,no,no,yes,no,no,no,no,no
114,no,no,yes,no,yes,no,no,yes
115,no,no,no,no,no,no,no,no
116,no,no,no,no,yes,no,no,no
117,no,no,yes,no,yes,no,no,yes
118,no,no,no,no,no,no,no,no
119,no,no,no,no,no,no,no,no
120,no,no,yes,no,no,no,no,no
121,no,no,yes,no,no,no,no,no
122,no,no,no,no,yes,no,no,yes
123,no,no,yes,no,yes,no,no,yes
124,no,no,yes,no,yes,no,no,yes
125,no,no,yes,no,yes,no,no,yes
126,no,no,no,no,no,no,no,no
127,no,no,no,no,yes,no,no,no
128,no,no,yes,no,no,no,no,no
129,no,no,no,no,no,no,yes,no
130,no,no,yes,no,no,no,no,no
131,no,no,yes,no,no,no,no,no
132,no,no,yes,no,yes,no,no,yes
133,no,no,no,no,no,no,no,no
134,no,no,no,no,yes,no,no,no
135,no,no,yes,no,yes,no,no,yes
136,no,no,no,no,yes,no,no,yes
137,no,no,yes,yes,yes,yes,yes,yes
138,no,no,yes,no,yes,no,no,no
139,no,no,yes,no,yes,no,no,yes
140,no,no,no,no,no,no,no,no
141,no,no,yes,no,yes,no,no,no
142,no,no,no,yes,yes,yes,yes,yes
143,no,no,yes,no,no,no,no,no
144,no,no,yes,no,yes,no,no,yes
145,no,no,no,no,yes,no,no,yes
146,no,no,no,no,yes,no,no,yes
147,no,no,yes,no,yes,no,no,yes
148,no,no,no,no,no,no,no,no
149,no,no,yes,no,yes,no,no,yes
150,no,no,yes,no,yes,no,no,yes
151,no,no,no,no,no,no,no,no
152,no,no,no,no,no,no,no,no
153,no,no,no,no,yes,no,no,yes
154,no,no,yes,no,yes,no,no,yes
155,no,no,no,no,no,no,no,no
156,no,no,yes,yes,yes,yes,yes,yes
157,no,no,no,no,yes,no,no,no
158,no,no,yes,no,yes,no,no,yes
159,no,no,no,no,yes,no,no,no
160,no,no,yes,no,yes,no,no,yes
161,no,no,no,no,no,no,no,no
162,no,no,no,no,yes,no,no,yes
163,no,no,yes,no,yes,no,no,yes
164,no,no,no,no,no,no,no,no
165,no,no,no,no,no,no,yes,no
166,no,no,no,no,no,no,no,no
167,no,no,no,no,no,no,no,no
168,no,no,no,no,no,no,no,no
169,no,no,no,no,no,no,no,no
170,no,no,yes,no,yes,no,no,yes
171,no,no,no,no,no,no,yes,no
172,no,no,no,no,no,no,no,no
173,no,no,no,no,no,no,no,no
174,no,no,yes,no,yes,no,no,yes
175,no,no,no,no,no,no,no,no
176,no,no,no,no,no,no,no,no
177,no,no,yes,yes,yes,yes,yes,yes
178,no,no,yes,no,no,no,no,yes
179,no,no,no,no,no,no,no,no
180,no,no,yes,no,yes,no,no,yes
181,no,no,yes,no,yes,no,no,yes
182,no,no,yes,no,no,no,no,no
183,no,no,no,no,yes,no,no,yes
184,no,no,no,no,no,no,no,no
185,no,no,yes,no,yes,no,no,yes
186,no,no,yes,no,yes,no,no,yes
187,no,no,yes,no,no,no,no,yes
188,yes,no,yes,no,yes,no,no,yes
189,no,no,no,no,yes,no,no,yes
190,no,no,no,no,no,no,no,no
191,no,yes,no,no,yes,yes,yes,yes
192,no,no,yes,no,no,no,no,no
193,no,no,yes,yes,no,yes,yes,yes
194,no,no,yes,no,yes,no,no,no
195,no,no,yes,no,no,no,no,no
196,no,no,yes,no,no,no,no,no
197,no,no,yes,no,yes,no,no,no
198,no,no,no,no,no,no,no,no
199,no,no,yes,no,yes,no,yes,yes
200,no,no,yes,no,yes,no,no,yes
201,no,no,no,no,yes,no,no,no
202,no,no,yes,no,no,no,no,no
203,yes,yes,no,no,yes,yes,yes,yes
204,no,no,no,no,no,no,no,no
205,no,no,yes,no,no,no,no,no
206,no,no,yes,no,yes,no,no,no
207,no,no,no,no,yes,no,no,no
208,no,no,yes,no,no,no,no,no
209,no,no,no,no,no,no,no,yes
210,no,no,yes,no,yes,no,no,yes
211,no,no,no,no,no,no,no,no
212,no,no,yes,yes,yes,yes,yes,yes
213,no,no,yes,no,no,no,no,no
214,no,no,no,no,no,no,no,no
215,no,no,no,no,no,no,no,no
216,no,no,yes,no,no,no,no,no
217,no,no,yes,no,no,no,no,no
218,no,no,no,no,no,no,no,no
219,no,no,yes,no,yes,no,yes,no
220,no,no,yes,no,yes,no,no,yes
221,no,no,no,no,yes,no,no,yes
222,no,no,yes,no,no,no,no,yes
223,no,no,yes,no,yes,no,no,yes
224,no,no,no,no,no,no,no,no
225,no,no,no,no,yes,no,no,yes
226,no,no,no,no,no,no,no,no
227,no,no,no,no,no,no,no,no
228,no,no,yes,yes,yes,yes,yes,yes
229,no,no,no,no,no,no,no,no
230,no,no,yes,no,yes,no,no,yes
231,no,no,no,no,no,no,no,yes
232,no,no,yes,no,yes,no,no,yes
233,no,no,yes,yes,yes,yes,yes,yes
234,no,no,yes,no,yes,no,no,yes
235,no,no,yes,yes,yes,yes,yes,yes
236,no,no,no,no,yes,no,no,yes
237,no,no,no,no,no,no,no,no
238,no,no,yes,no,no,no,no,yes
239,no,no,no,no,no,no,no,no
240,no,no,yes,no,no,no,no,no
241,no,no,yes,no,yes,no,no,yes
242,no,no,yes,no,yes,no,no,yes
243,no,no,no,no,no,no,no,no
244,no,no,yes,no,no,no,no,yes
245,no,no,no,no,yes,no,no,yes
246,no,no,yes,no,no,no,no,no
247,no,no,yes,no,yes,no,no,yes
248,no,no,yes,no,yes,no,no,yes
249,no,no,yes,no,yes,no,yes,yes
250,no,no,yes,no,no,no,no,no
251,no,no,no,no,no,no,no,yes
252,no,no,yes,no,yes,no,no,yes
253,no,no,no,no,yes,no,no,yes
254,no,no,no,no,no,no,no,no
255,no,no,no,no,no,no,no,no
256,no,no,yes,yes,yes,yes,yes,yes
257,no,no,yes,no,yes,no,no,yes
258,no,no,no,no,yes,no,no,no
259,no,no,yes,no,no,no,no,no
260,no,no,no,no,no,no,no,no
261,no,no,no,no,no,no,no,no
262,no,no,no,no,no,no,no,no
263,no,no,yes,no,no,no,no,yes
264,no,no,yes,no,yes,no,no,yes
265,no,no,no,no,no,no,yes,yes
266,no,no,no,no,yes,no,no,yes
267,no,no,yes,no,yes,no,no,yes
268,no,yes,no,no,yes,yes,yes,yes
269,no,no,yes,no,yes,no,no,yes
270,no,no,yes,no,no,no,no,no
271,no,no,no,no,yes,no,no,no
272,no,no,yes,no,no,no,no,no
273,no,no,yes,no,yes,no,no,yes
274,no,no,yes,no,no,no,no,no
275,no,no,yes,no,no,no,no,no
276,no,no,yes,no,no,no,no,no
277,no,no,no,no,no,no,no,no
278,no,no,yes,no,yes,no,no,no
279,no,no,no,no,no,no,no,no
280,no,no,no,no,no,no,no,no
281,no,no,no,no,no,no,no,no
282,no,no,no,no,no,no,no,no
283,no,no,no,no,no,no,no,no
284,no,no,yes,no,yes,no,no,yes
285,no,no,yes,no,yes,no,no,yes
286,no,no,no,no,no,no,no,no
287,no,yes,no,no,no,yes,yes,no
288,no,no,no,no,no,no,no,no
289,no,no,no,no,no,no,no,no
290,no,no,yes,no,yes,no,no,yes
291,no,no,no,no,yes,no,no,yes
292,no,no,yes,yes,no,yes,yes,yes
293,no,no,yes,no,no,no,no,no
294,no,no,yes,yes,yes,yes,yes,yes
295,no,no,yes,no,yes,no,no,yes
296,no,no,yes,no,yes,no,no,no
297,no,no,no,no,yes,no,no,yes
298,no,no,yes,no,yes,no,no,no
299,no,no,yes,no,yes,no,no,yes
300,no,no,yes,no,yes,no,no,yes
301,no,no,no,no,no,no,no,no
302,no,no,yes,no,yes,no,no,yes
303,no,no,no,no,no,no,no,no
304,no,no,yes,no,no,no,no,no
305,no,no,no,no,no,no,no,no
306,no,no,yes,no,yes,no,no,yes
307,no,no,no,no,yes,no,yes,yes
308,no,no,no,no,yes,no,no,yes
309,no,no,no,no,yes,no,no,yes
310,no,no,no,no,no,no,no,no
311,no,no,yes,no,no,no,no,no
312,no,no,no,no,no,no,no,no
313,no,no,yes,no,no,no,no,no
314,no,no,yes,no,no,no,no,no
315,no,no,no,no,yes,no,no,yes
316,no,no,no,no,no,no,no,no
317,no,no,no,no,no,no,no,no
318,no,no,no,no,no,no,no,no
319,no,no,yes,yes,yes,yes,yes,yes
320,no,no,no,no,no,no,no,no
321,no,no,no,no,no,no,no,no
322,no,no,no,no,no,no,no,no
323,no,no,no,no,yes,no,no,yes
324,no,no,yes,no,no,no,no,no
325,yes,no,yes,no,yes,no,no,yes
326,no,no,yes,no,no,no,no,no
327,no,no,yes,no,no,no,no,yes
328,no,no,yes,no,no,no,no,no
329,no,no,yes,yes,no,yes,yes,no
330,no,no,no,no,no,no,no,no
331,no,no,no,no,no,no,no,no
332,no,no,no,no,no,no,no,no
333,no,no,no,no,no,no,no,no
334,no,no,yes,no,no,no,no,no
335,no,no,yes,no,yes,no,no,yes
336,no,no,yes,no,yes,no,no,yes
337,no,no,no,no,yes,no,no,yes
338,no,no,yes,yes,yes,yes,yes,yes
339,no,no,no,no,no,no,no,yes
340,no,no,no,no,no,no,no,no
341,no,no,yes,no,no,no,no,no
342,no,no,yes,no,yes,no,no,yes
343,no,no,yes,no,yes,no,no,yes
344,no,no,no,no,no,no,no,no
345,no,no,yes,no,no,no,no,no
346,no,no,yes,no,yes,no,no,no
347,no,no,no,no,yes,no,yes,yes
348,no,no,no,no,yes,no,no,yes
349,no,no,yes,no,yes,no,no,yes
350,no,no,yes,no,no,no,no,no
351,no,no,no,no,yes,no,no,yes
352,no,no,yes,no,yes,no,no,yes
353,no,no,no,no,no,no,no,no
354,no,no,no,no,no,no,no,no
355,no,no,no,no,yes,no,yes,yes
356,yes,no,no,no,no,no,no,yes
357,no,no,yes,no,yes,no,no,yes
358,no,no,yes,no,yes,no,no,yes
359,no,no,no,no,yes,no,no,no
360,no,no,yes,no,yes,no,no,yes
361,no,no,no,no,no,no,no,no
362,no,no,yes,no,no,no,no,no
363,no,no,no,no,yes,no,no,yes
364,no,no,no,no,no,no,no,no
365,no,no,no,no,no,no,no,no
366,no,no,yes,no,no,no,yes,no
367,no,no,no,yes,no,yes,yes,no
368,no,no,no,no,no,no,no,no
369,no,no,no,no,no,no,no,no
370,no,no,yes,no,yes,no,yes,no
371,no,no,yes,no,yes,no,no,no
372,no,no,no,no,no,no,no,no
373,no,no,yes,no,yes,no,no,yes
374,no,no,no,no,no,no,no,no
375,no,no,no,no,yes,no,no,yes
376,no,no,no,no,no,no,no,no
377,no,no,no,no,no,no,no,no
378,no,no,no,no,no,no,yes,no
379,no,no,yes,no,yes,no,no,yes
380,no,no,no,no,no,no,no,no
381,no,no,no,no,no,no,no,no
382,no,no,yes,no,yes,no,no,yes
383,no,no,no,no,yes,no,no,yes
384,no,no,yes,no,yes,no,no,no
385,no,no,yes,no,yes,no,yes,yes
386,no,no,no,no,yes,no,no,yes
387,no,no,no,no,no,no,no,no
388,no,no,no,no,yes,no,no,yes
389,no,no,yes,yes,yes,yes,yes,yes
390,no,no,no,no,yes,no,no,yes
391,no,no,yes,no,no,no,no,no
392,no,no,no,no,no,no,no,no
393,no,no,no,no,yes,no,no,yes
394,no,no,no,no,no,no,no,no
395,no,no,no,no,yes,no,no,yes
396,no,no,yes,no,yes,no,no,yes
397,no,no,yes,no,no,no,no,no
398,no,no,no,no,yes,no,no,no
399,no,no,no,no,no,no,no,no
400,no,no,yes,no,yes,no,no,yes
401,no,no,no,no,no,no,yes,no
402,no,no,yes,no,yes,no,yes,yes
403,no,no,yes,no,yes,no,no,yes
404,no,no,yes,no,no,no,no,no
405,no,no,no,no,no,no,no,no
406,no,no,no,no,no,no,no,no
407,no,no,yes,no,yes,no,no,yes
408,no,no,no,no,yes,no,no,yes
409,no,no,yes,no,yes,no,no,yes
410,no,no,no,no,no,no,no,no
411,no,no,no,no,yes,no,no,no
412,no,no,no,no,no,no,no,no
413,no,no,no,no,no,no,no,yes
414,no,no,no,no,yes,no,no,yes
415,no,no,no,no,yes,no,no,yes
416,no,no,no,no,no,no,no,no
417,no,no,yes,no,yes,no,no,yes
418,no,no,yes,no,yes,no,no,yes
419,no,no,yes,no,yes,no,no,yes
420,no,no,yes,no,yes,no,no,yes
421,no,no,no,no,no,no,no,no
422,no,no,no,no,no,no,no,no
423,no,no,yes,no,yes,no,no,yes
424,no,no,no,no,no,no,no,no
425,no,no,yes,no,yes,no,no,yes
426,no,no,yes,no,yes,no,no,yes
427,no,no,yes,no,yes,no,no,yes
428,no,no,no,no,no,no,no,no
429,no,no,yes,no,yes,no,no,yes
430,no,no,yes,yes,yes,yes,yes,yes
431,no,no,no,no,no,no,no,no
432,no,no,no,no,yes,no,no,yes
433,no,no,yes,yes,no,yes,yes,no
434,no,no,no,no,yes,no,no,yes
435,no,no,yes,yes,yes,yes,yes,yes
436,no,no,no,no,no,no,no,no
437,no,no,yes,no,no,no,no,yes
438,no,no,no,no,yes,no,no,yes
439,no,no,no,no,no,no,no,no
440,no,no,no,no,no,no,no,yes
441,no,no,yes,yes,yes,yes,yes,yes
442,no,no,no,no,yes,no,no,yes
443,no,no,yes,no,yes,no,no,no
444,no,no,no,no,no,no,no,yes
445,no,no,no,no,no,no,no,yes
446,no,no,no,no,no,no,no,no
447,no,no,no,no,no,no,no,no
448,no,no,yes,no,no,no,no,yes
449,no,no,no,no,no,no,yes,no
450,no,no,no,no,yes,no,no,no
451,no,no,yes,no,no,no,no,no
452,no,no,yes,no,yes,no,no,yes
453,no,no,yes,no,no,no,no,no
454,no,no,no,no,no,no,no,no
455,no,no,yes,no,no,no,no,no
456,no,no,no,no,no,no,no,no
457,no,no,yes,no,yes,no,no,yes
458,no,no,yes,yes,no,yes,yes,no
459,no,no,yes,no,no,no,no,no
460,no,no,no,no,yes,no,no,yes
461,no,no,yes,no,no,no,no,no
462,no,no,yes,no,yes,no,no,no
463,no,no,no,no,no,no,no,no
464,yes,no,no,no,no,no,no,no
465,no,no,yes,no,yes,no,no,yes
466,no,no,no,no,no,no,no,no
467,no,no,no,no,yes,no,no,yes
468,no,no,yes,no,yes,no,no,no
469,no,no,yes,no,no,no,no,no
470,no,no,yes,no,no,no,no,yes
471,no,no,no,no,no,no,no,no
472,no,no,no,no,no,no,no,no
473,no,no,yes,no,no,no,no,no
474,no,no,yes,no,yes,no,no,yes
475,no,no,no,no,no,no,no,no
476,no,no,no,no,no,no,no,no
477,no,no,no,no,no,no,no,no
478,no,no,no,no,no,no,no,no
479,no,no,yes,no,yes,no,no,no
480,no,no,no,no,no,no,no,yes
481,no,no,yes,no,no,no,no,no
482,no,no,yes,no,yes,no,no,no
483,no,no,yes,no,no,no,no,no
484,no,no,yes,no,yes,no,no,no
485,no,no,no,no,yes,no,no,yes
486,no,no,no,no,no,no,no,no
487,no,no,yes,no,yes,no,no,no
488,no,no,no,no,no,no,no,no
489,no,no,yes,no,yes,no,no,yes
490,no,yes,yes,no,yes,yes,yes,yes
491,no,no,yes,no,no,no,no,no
492,no,no,no,no,no,no,no,no
493,no,no,no,no,no,no,no,no
494,no,no,no,no,no,no,no,no
495,no,no,yes,no,no,no,yes,no
496,no,no,no,no,yes,no,no,no
497,no,no,yes,yes,yes,yes,yes,yes
498,no,no,yes,no,yes,no,no,no
499,no,no,yes,yes,no,yes,yes,yes
500,no,no,no,no,no,no,no,no
501,no,no,no,no,no,no,no,no
502,no,no,yes,no,yes,no,no,yes
503,no,no,no,no,no,no,no,no
504,no,no,no,no,no,no,no,yes
505,no,no,yes,no,no,no,no,no
506,no,no,no,no,no,no,no,no
507,no,no,yes,no,no,no,no,no
508,no,no,yes,no,no,no,no,no
509,no,no,yes,no,yes,no,no,yes
510,no,no,yes,no,yes,no,no,no
511,no,no,yes,no,no,no,no,no
512,no,no,yes,no,yes,no,no,yes
513,no,no,yes,no,no,no,no,no
514,no,no,no,no,no,no,no,yes
515,no,no,yes,no,no,no,yes,no
516,no,no,yes,no,no,no,no,no
517,no,no,yes,no,yes,no,no,yes
518,no,no,yes,no,yes,no,no,yes
519,no,no,yes,no,yes,no,no,yes
520,no,no,yes,no,no,no,no,no
521,no,no,no,no,yes,no,no,yes
522,no,no,yes,no,yes,no,no,yes
523,no,no,yes,yes,yes,yes,yes,yes
524,no,no,yes,no,no,no,no,no
525,no,no,no,no,yes,no,yes,no
526,no,no,no,no,yes,no,no,yes
527,no,no,yes,no,yes,no,no,yes
528,no,no,yes,no,no,no,no,yes
529,no,no,yes,no,no,no,no,no
530,no,no,no,no,no,no,no,yes
531,no,no,yes,no,no,no,no,no
532,no,no,yes,no,yes,no,no,yes
533,no,no,no,no,yes,no,no,no
534,no,no,no,no,yes,no,no,yes
535,no,no,yes,no,no,no,no,no
536,no,no,no,no,no,no,yes,no
537,no,yes,no,no,no,yes,yes,no
538,no,no,yes,no,yes,no,no,no
539,no,no,yes,yes,yes,yes,yes,yes
540,no,no,no,no,yes,no,no,yes
541,yes,no,no,no,no,no,no,yes
542,no,no,no,no,yes,no,no,yes
543,no,no,yes,no,yes,no,no,yes
544,no,no,yes,no,yes,no,no,no
545,no,yes,no,no,no,yes,yes,yes
546,no,no,no,no,no,no,yes,no
547,no,no,no,no,no,no,no,no
548,no,no,yes,no,yes,no,no,yes
549,no,no,no,no,no,no,no,no
550,no,no,yes,no,yes,no,no,no
551,no,no,yes,no,no,no,no,no
552,no,no,yes,yes,no,yes,yes,yes
553,no,no,yes,no,yes,no,no,no
554,no,no,yes,no,no,no,yes,yes
555,no,no,no,no,no,no,no,no
556,no,no,no,no,no,no,no,no
557,no,no,yes,no,no,no,no,no
558,no,no,yes,yes,no,yes,yes,yes
559,no,no,yes,no,yes,no,no,yes
560,no,no,no,no,no,no,no,no
561,no,no,yes,yes,yes,yes,yes,yes
562,no,no,yes,no,yes,no,no,yes
563,no,no,no,no,no,no,no,no
564,no,no,yes,no,yes,no,no,no
565,no,no,no,no,no,no,no,no
566,no,no,no,no,no,no,no,no
567,no,no,no,no,no,no,no,no
568,no,no,no,no,no,no,yes,no
569,no,no,no,no,no,no,no,no
570,no,no,yes,no,yes,no,no,yes
571,no,no,no,no,no,no,no,no
572,no,no,no,no,no,no,no,no
573,no,no,no,no,yes,no,no,yes
574,no,no,no,no,yes,no,no,no
575,no,no,yes,no,no,no,no,no
576,no,no,no,no,no,no,no,no
577,no,no,yes,no,yes,no,no,yes
578,no,no,yes,no,yes,no,no,yes
579,no,no,no,no,no,no,no,no
580,yes,no,no,no,no,no,no,no
581,no,no,yes,no,yes,no,no,yes
582,no,no,no,no,no,no,no,no
583,no,no,yes,no,no,no,no,no
584,no,no,yes,yes,yes,yes,yes,yes
585,no,no,no,no,no,no,no,no
586,no,no,no,no,no,no,no,no
587,no,no,no,no,no,no,no,no
588,no,no,yes,no,no,no,no,no
589,no,no,yes,no,no,no,no,no
590,no,no,no,no,no,no,no,no
591,no,no,no,no,yes,no,no,yes
592,no,no,no,no,no,no,no,no
593,no,no,yes,no,yes,no,no,no
594,no,no,yes,no,yes,no,no,yes
595,no,no,no,no,no,no,no,no
596,no,no,yes,no,yes,no,no,no
597,no,no,yes,no,yes,no,no,yes
598,no,no,yes,no,no,no,no,no
599,no,no,no,no,no,no,no,no
600,no,no,no,no,no,no,no,no
601,no,no,yes,yes,yes,yes,yes,no
602,no,no,yes,no,no,no,no,no
603,no,no,no,no,no,no,no,no
604,no,no,no,no,yes,no,no,yes
605,no,no,no,no,no,no,no,no
606,no,no,yes,yes,yes,yes,yes,no
607,no,no,no,no,no,no,no,no
608,no,no,no,no,no,no,no,no
609,no,no,no,no,no,no,yes,no
610,no,no,yes,no,yes,no,no,yes
611,no,no,no,no,yes,no,no,yes
612,no,no,no,no,no,no,no,no
613,no,no,no,no,yes,no,no,yes
614,no,no,yes,no,yes,no,no,yes
615,no,no,yes,no,yes,no,no,yes
616,no,no,no,no,yes,no,no,yes
617,no,no,no,no,no,no,no,no
618,no,no,yes,no,yes,no,no,yes
619,no,no,yes,yes,no,yes,yes,yes
620,no,no,yes,no,no,no,no,no
621,no,no,yes,no,no,no,no,yes
622,no,no,no,no,yes,no,no,yes
623,no,no,yes,no,no,no,no,no
624,no,no,no,no,no,no,no,no
625,no,no,yes,yes,yes,yes,yes,yes
626,no,no,yes,no,no,no,no,no
627,no,no,yes,yes,yes,yes,yes,yes
628,no,no,yes,no,no,no,no,no
629,no,no,yes,no,no,no,no,no
630,no,no,no,no,yes,no,no,yes
631,no,no,no,no,no,no,no,no
632,no,no,yes,no,yes,no,no,yes
633,no,no,yes,no,yes,no,no,no
634,no,no,yes,no,yes,no,no,yes
635,no,no,no,no,no,no,no,no
636,no,no,no,no,yes,no,no,yes
637,no,no,yes,no,yes,no,no,yes
638,no,no,yes,no,yes,no,no,no
639,no,no,no,no,no,no,no,no
640,no,no,yes,no,yes,no,no,yes
641,no,no,yes,no,yes,no,no,yes
642,no,no,yes,no,yes,no,no,yes
643,no,no,no,no,no,no,no,no
644,no,no,yes,no,no,no,no,yes
645,no,no,no,no,yes,no,no,yes
646,no,no,no,no,no,no,no,no
647,no,no,no,no,yes,no,yes,yes
648,no,no,yes,no,no,no,no,yes
649,no,no,yes,no,yes,no,no,yes
650,no,no,no,no,no,no,no,no
651,no,no,no,no,yes,no,no,yes
652,no,yes,no,no,yes,yes,yes,yes
653,no,no,no,no,no,no,no,no
654,no,no,yes,no,yes,no,no,yes
655,no,no,yes,no,yes,no,no,yes
656,no,no,no,no,no,no,no,no
657,no,no,no,no,no,no,no,no
658,no,no,no,no,no,no,no,no
659,no,no,yes,no,yes,no,no,yes
660,no,no,no,no,no,no,no,yes
661,no,no,no,no,yes,no,no,yes
662,no,no,yes,no,no,no,no,no
663,no,no,yes,no,yes,no,no,yes
664,no,no,no,no,no,no,no,no
665,no,no,yes,yes,no,yes,yes,no
666,no,no,yes,no,no,no,no,no
667,no,no,no,no,yes,no,no,yes
668,no,no,yes,no,yes,no,no,yes
669,no,no,yes,no,no,no,no,no
670,no,no,yes,no,no,no,no,no
671,no,no,no,no,yes,no,no,no
672,no,no,no,no,no,no,no,no
673,no,no,no,no,no,no,no,no
674,no,no,no,no,no,no,no,no
675,no,no,no,no,yes,no,no,yes
676,no,no,yes,no,yes,no,no,yes
677,no,no,no,no,no,no,no,no
678,no,no,no,no,no,no,no,no
679,no,no,no,no,no,no,no,no
680,no,no,no,yes,yes,yes,yes,yes
681,no,no,no,no,no,no,no,no
682,no,no,yes,no,no,no,no,no
683,no,no,yes,no,yes,no,no,yes
684,no,no,no,no,yes,no,no,yes
685,no,no,yes,no,yes,no,no,yes
686,no,no,no,no,yes,no,no,yes
687,no,no,no,no,no,no,no,no
688,no,no,yes,no,yes,no,no,yes
689,no,no,yes,no,no,no,no,no
690,no,no,no,no,no,no,no,no
691,no,no,no,no,no,no,yes,no
692,no,no,yes,no,yes,no,no,no
693,no,no,no,no,no,no,no,no
694,no,no,no,no,yes,no,no,yes
695,no,no,no,no,no,no,no,no
696,no,no,no,no,no,no,no,no
697,no,no,no,no,no,no,no,no
698,no,no,no,no,no,no,no,no
699,no,no,no,no,no,no,no,yes
700,no,no,no,no,no,no,no,no
701,no,no,no,no,no,no,no,no
702,no,no,no,no,yes,no,yes,yes
703,no,no,yes,yes,yes,yes,yes,yes
704,no,no,yes,no,yes,no,no,yes
705,no,no,no,no,no,no,no,no
706,no,no,yes,no,no,no,no,no
707,no,no,yes,no,no,no,no,no
708,no,no,no,no,no,no,no,no
709,no,no,yes,no,yes,no,no,yes
710,no,no,yes,no,yes,no,no,yes
711,no,no,yes,no,yes,no,no,yes
712,no,no,no,no,yes,no,no,yes
713,no,no,yes,no,no,no,no,no
714,no,no,no,no,no,no,yes,no
715,no,no,yes,no,no,no,yes,no
716,no,no,no,no,no,no,no,no
717,no,no,yes,no,yes,no,no,no
718,no,no,yes,no,no,no,no,no
719,no,no,no,no,no,no,no,no
720,no,no,no,no,no,no,no,no
721,no,no,no,no,no,no,no,no
722,no,no,no,no,no,no,no,no
723,no,no,yes,no,yes,no,no,yes
724,no,no,no,no,yes,no,yes,yes
725,no,no,yes,no,yes,no,no,no
726,no,no,no,no,no,no,no,no
727,no,no,no,no,no,no,no,no
728,no,no,no,no,no,no,no,yes
729,no,no,yes,no,no,no,no,no
730,no,no,no,no,no,no,no,no
731,no,no,yes,no,yes,no,no,yes
732,no,no,no,no,no,no,no,no
733,no,no,no,no,no,no,no,no
734,no,no,no,no,no,no,no,no
735,no,no,no,no,no,no,no,no
736,no,no,no,no,no,no,no,no
737,no,no,no,no,no,no,no,no
738,no,no,no,no,no,no,no,yes
739,no,no,yes,no,yes,no,no,yes
740,no,no,yes,no,no,no,no,no
741,no,no,yes,no,yes,no,no,no
742,no,no,no,no,no,no,no,no
743,no,no,yes,no,no,no,no,no
744,no,no,no,no,no,no,no,no
745,no,no,yes,no,yes,no,no,yes
746,no,no,no,no,no,no,no,no
747,no,no,no,no,no,no,no,no
748,no,no,no,no,no,no,no,no
749,no,no,no,no,no,no,no,no
750,no,no,no,no,no,no,no,no
751,no,no,no,no,no,no,no,no
752,no,no,yes,no,no,no,yes,no
753,no,no,no,no,no,no,no,no
754,no,no,yes,no,yes,no,no,yes
755,no,no,yes,no,yes,no,no,yes
756,no,no,yes,no,yes,no,no,yes
757,no,no,no,no,no,no,no,no
758,no,no,yes,no,no,no,yes,no
759,no,no,yes,no,yes,no,no,yes
760,no,no,yes,no,yes,no,no,no
761,no,no,yes,no,yes,no,no,yes
762,no,no,no,no,no,no,no,no
763,no,no,no,no,no,no,no,yes
764,no,no,no,no,no,no,no,no
765,no,no,yes,no,yes,no,no,yes
766,no,no,yes,no,yes,no,no,yes
767,no,no,no,no,no,no,no,yes
768,no,no,yes,no,yes,no,no,yes
769,no,no,yes,no,no,no,no,no
770,no,no,no,no,no,no,no,no
771,no,no,no,no,no,no,no,no
772,no,no,no,no,no,no,no,yes
773,no,no,yes,no,yes,no,no,yes
774,no,no,yes,yes,no,yes,yes,yes
775,no,no,yes,no,yes,no,no,yes
776,no,no,no,no,no,no,no,no
777,no,no,yes,no,yes,no,no,yes
778,no,no,no,no,no,no,no,no
779,no,no,no,no,no,no,no,no
780,no,no,no,no,no,no,yes,no
781,no,no,no,no,no,no,no,no
782,no,no,no,no,no,no,no,no
783,no,no,yes,no,yes,no,yes,yes
784,no,no,no,no,yes,no,no,yes
785,no,no,no,no,no,no,no,no
786,no,no,no,no,yes,no,no,yes
787,no,no,yes,no,yes,no,no,yes
788,no,no,yes,no,no,no,no,no
789,no,no,yes,yes,no,yes,yes,no
790,no,no,yes,no,yes,no,no,yes
791,no,no,no,no,no,no,no,no
792,no,no,yes,no,no,no,yes,no
793,no,no,yes,yes,yes,yes,yes,yes
794,no,no,yes,no,yes,no,no,yes
795,no,no,no,no,no,no,no,yes
796,no,no,yes,no,yes,no,no,no
797,no,no,yes,no,yes,no,no,yes
798,no,no,no,no,yes,no,no,yes
799,no,no,yes,no,no,no,no,no
800,no,no,no,no,no,no,no,no
801,no,no,no,no,no,no,no,no
802,no,no,yes,no,yes,no,no,yes
803,no,no,yes,no,yes,no,no,yes
804,no,no,yes,no,no,no,no,no
805,no,no,yes,no,no,no,no,no
806,no,no,no,no,no,no,no,no
807,no,no,no,no,no,no,no,no
808,no,no,yes,no,yes,no,yes,yes
809,no,no,yes,no,no,no,no,no
810,no,no,yes,no,yes,no,no,yes
811,no,no,yes,no,no,no,no,no
812,no,no,yes,no,yes,no,no,yes
813,no,no,no,no,no,no,no,no
814,no,no,yes,no,yes,no,no,no
815,no,no,no,no,no,no,yes,no
816,no,no,yes,no,yes,no,no,yes
817,no,no,no,no,yes,no,no,no
818,no,no,no,no,no,no,no,no
819,no,no,yes,no,yes,no,no,yes
820,no,no,yes,no,yes,no,no,yes
821,no,no,yes,no,yes,no,no,no
822,no,no,no,no,yes,no,no,yes
823,no,no,no,no,yes,no,no,yes
824,no,no,no,no,no,no,no,no
825,no,no,yes,yes,no,yes,yes,no
826,no,no,yes,yes,yes,yes,yes,yes
827,no,no,yes,no,yes,no,no,no
828,no,no,yes,no,yes,no,no,yes
829,no,no,yes,no,yes,no,no,yes
830,no,no,no,no,no,no,no,no
831,no,no,yes,yes,yes,yes,yes,yes
832,no,no,yes,no,no,no,no,no
833,no,no,yes,yes,yes,yes,yes,yes
834,no,no,no,no,no,no,no,no
835,no,no,yes,no,no,no,yes,yes
836,no,no,no,no,no,no,no,no
837,no,no,yes,no,yes,no,no,no
838,no,no,yes,no,no,no,no,no
839,no,no,no,no,yes,no,no,yes
840,no,no,no,no,no,no,yes,no
841,no,no,yes,no,yes,no,yes,yes
842,no,no,yes,no,no,no,no,yes
843,no,no,no,no,no,no,no,no
844,no,no,no,no,yes,no,no,no
845,no,no,yes,no,yes,no,yes,yes
846,no,no,yes,no,yes,no,no,yes
847,no,no,no,no,no,no,no,no
848,no,no,yes,no,no,no,no,no
849,no,no,yes,no,no,no,no,no
850,no,no,yes,no,no,no,no,no
851,no,no,no,no,no,no,no,no
852,no,no,no,no,no,no,no,yes
853,no,no,yes,no,yes,no,no,no
854,no,no,no,no,yes,no,no,yes
855,yes,no,yes,no,yes,no,no,no
856,no,no,yes,yes,yes,yes,yes,yes
857,no,no,yes,no,no,no,no,no
858,no,no,no,no,yes,no,no,no
859,no,no,yes,no,no,no,no,no
860,no,no,yes,yes,yes,yes,yes,yes
861,no,no,yes,no,yes,no,no,yes
862,no,no,yes,no,no,no,no,no
863,no,no,yes,no,yes,no,no,yes
864,no,no,yes,yes,yes,yes,yes,yes
865,no,no,no,no,yes,no,no,yes
866,no,no,yes,no,yes,no,no,yes
867,no,no,yes,no,no,no,no,no
868,yes,no,yes,no,yes,no,no,yes
869,no,no,no,no,yes,no,no,yes
870,no,no,yes,yes,yes,yes,yes,yes
871,no,no,no,no,no,no,no,no
872,no,no,no,no,yes,no,no,no
873,no,no,yes,no,no,no,no,no
874,no,no,no,no,no,no,yes,no
875,no,no,no,no,no,no,no,no
876,no,no,yes,no,yes,no,no,yes
877,no,no,yes,no,yes,no,yes,yes
878,no,no,yes,no,yes,no,no,yes
879,no,no,no,no,yes,no,no,no
880,no,no,no,no,no,no,no,no
881,no,no,no,no,yes,no,no,yes
882,no,no,no,no,yes,no,no,yes
883,no,no,yes,no,no,no,no,no
884,no,no,yes,no,no,no,no,no
885,no,no,yes,yes,no,yes,yes,no
886,no,no,yes,no,yes,no,no,yes
887,no,no,yes,yes,yes,yes,yes,yes
888,no,no,yes,no,no,no,no,no
889,no,no,yes,yes,yes,yes,yes,yes
890,no,no,yes,no,yes,no,no,yes
891,no,no,yes,no,no,no,no,no
892,no,no,yes,no,yes,no,no,yes
893,yes,no,yes,no,yes,no,no,no
894,no,no,yes,no,yes,no,no,yes
895,no,no,no,no,yes,no,no,yes
896,no,no,yes,no,yes,no,no,yes
897,no,no,yes,no,yes,no,no,no
898,no,no,no,no,no,no,no,no
899,no,no,no,no,no,no,no,no
900,no,no,yes,no,yes,no,no,yes
901,no,no,yes,yes,yes,yes,yes,yes
902,no,no,no,no,no,no,no,no
903,no,no,no,no,yes,no,no,yes
904,no,no,no,no,yes,no,no,yes
905,no,no,no,no,no,no,no,no
906,no,no,no,no,no,no,no,no
907,no,no,yes,no,yes,no,no,no
908,no,no,no,no,yes,no,no,yes
909,no,no,no,no,no,no,no,no
910,no,no,no,no,no,no,no,no
911,no,no,no,no,no,no,no,no
912,no,no,no,no,yes,no,no,yes
913,no,no,yes,no,no,no,no,no
914,no,no,yes,no,yes,no,no,yes
915,no,no,no,no,no,no,no,no
916,no,no,yes,yes,yes,yes,yes,yes
917,no,no,no,no,no,no,no,no
918,no,no,no,no,yes,no,no,yes
919,no,no,no,no,no,no,no,no
920,no,no,no,no,yes,no,no,no
921,no,no,yes,yes,no,yes,yes,no
922,no,no,yes,no,yes,no,no,yes
923,no,no,no,yes,yes,yes,yes,yes
924,no,no,yes,no,yes,no,no,yes
925,no,no,yes,no,no,no,no,no
926,no,no,yes,no,yes,no,no,yes
927,no,no,no,no,no,no,no,no
928,no,no,yes,no,yes,no,no,yes
929,no,no,yes,no,yes,no,no,no
930,no,no,yes,yes,yes,yes,yes,yes
931,no,no,yes,no,yes,no,no,yes
932,no,no,no,no,no,no,yes,no
933,no,no,no,no,no,no,no,yes
934,no,no,yes,no,yes,no,no,yes
935,no,no,no,no,no,no,no,no
936,no,no,yes,no,yes,no,no,yes
937,no,no,no,no,yes,no,no,yes
938,no,no,yes,yes,yes,yes,yes,yes
939,no,no,yes,no,yes,no,no,yes
940,no,no,no,no,no,no,no,no
941,no,no,no,no,no,no,no,no
942,no,no,no,no,yes,no,no,no
943,no,no,no,no,yes,no,no,yes
944,no,no,yes,no,yes,no,no,yes
945,no,no,yes,no,yes,no,no,yes
946,no,no,yes,no,no,no,no,no
947,no,no,no,no,no,no,no,no
948,no,no,yes,no,yes,no,no,yes
949,no,no,no,no,no,no,no,no
950,no,no,no,no,yes,no,no,yes
951,no,no,no,no,yes,no,no,yes
952,no,no,yes,no,yes,no,no,yes
953,no,no,yes,no,yes,no,no,yes
954,no,no,yes,no,yes,no,no,yes
955,no,no,yes,no,yes,no,no,no
956,no,no,no,no,no,no,no,no
957,no,no,yes,yes,yes,yes,yes,yes
958,no,no,no,no,yes,no,yes,no
959,no,no,yes,no,no,no,no,no
960,no,no,yes,no,no,no,no,no
961,no,no,no,no,yes,no,no,no
962,no,no,no,no,no,no,no,no
963,no,no,yes,no,yes,no,no,yes
964,no,no,no,no,no,no,no,no
965,no,no,no,no,yes,no,no,no
966,no,no,no,no,yes,no,no,no
967,no,no,no,no,no,no,no,no
968,no,no,yes,no,yes,no,no,yes
969,no,no,no,no,no,no,no,no
970,no,no,no,no,no,no,no,yes
971,no,no,yes,no,yes,no,no,yes
972,no,no,yes,yes,yes,yes,yes,yes
973,no,no,yes,no,no,no,no,no
974,no,no,no,no,yes,no,no,yes
975,no,no,no,no,yes,no,no,yes
976,no,no,no,no,no,no,no,yes
977,no,no,no,no,yes,no,no,yes
978,no,no,yes,yes,yes,yes,yes,yes
979,no,no,no,no,yes,no,no,yes
980,no,no,no,no,yes,no,no,yes
981,no,no,no,no,no,no,no,no
982,no,no,yes,no,no,no,no,yes
983,no,no,no,no,yes,no,no,yes
984,no,no,yes,no,yes,no,no,yes
985,no,no,no,no,no,no,no,yes
986,no,no,no,no,no,no,no,no
987,no,no,no,no,no,no,yes,no
988,no,no,yes,no,no,no,yes,no
989,no,no,no,no,yes,no,no,yes
990,no,no,yes,no,no,no,no,no
991,no,no,no,no,yes,no,no,yes
992,no,no,no,no,no,no,no,no
993,no,no,no,no,yes,no,no,yes
994,no,no,no,no,no,no,no,no
995,no,no,yes,no,yes,no,no,yes
996,no,no,no,no,yes,no,no,yes
997,no,yes,no,no,yes,yes,yes,yes
998,no,no,no,no,yes,no,no,no
999,no,no,yes,yes,yes,yes,yes,yes
1000,no,no,no,no,yes,no,no,yes
1001,no,no,yes,yes,yes,yes,yes,yes
1002,no,no,yes,no,no,no,no,no
1003,no,no,no,no,no,no,no,no
1004,no,no,yes,yes,yes,yes,yes,yes
1005,no,no,no,no,no,no,yes,no
1006,no,no,no,no,yes,no,no,yes
1007,no,no,yes,no,yes,no,no,yes
1008,no,no,yes,no,yes,no,no,yes
1009,no,no,no,no,no,no,no,no
1010,no,no,no,no,no,no,no,no
1011,no,no,no,no,no,no,no,no
1012,no,no,yes,no,no,no,no,yes
1013,no,no,yes,no,yes,no,no,yes
1014,no,no,no,no,no,no,no,no
1015,no,no,no,no,no,no,no,no
1016,no,no,no,no,yes,no,no,yes
1017,no,no,no,no,no,no,no,no
1018,no,no,yes,no,yes,no,no,no
1019,no,no,yes,no,yes,no,no,yes
1020,no,no,yes,no,yes,no,yes,yes
1021,no,no,yes,no,yes,no,no,no
1022,no,no,yes,no,yes,no,no,yes
1023,no,yes,yes,no,yes,yes,yes,yes
1024,no,no,yes,no,yes,no,no,yes
1025,no,no,yes,no,no,no,no,no
1026,no,no,no,no,no,no,no,no
1027,no,no,yes,no,no,no,yes,no
1028,no,no,no,no,no,no,no,no
1029,yes,no,yes,yes,yes,yes,yes,yes
1030,no,no,yes,no,yes,no,no,no
1031,no,no,yes,no,no,no,no,no
1032,no,no,yes,no,yes,no,no,yes
1033,no,no,yes,no,no,no,no,no
1034,no,no,yes,no,yes,no,no,yes
1035,no,no,no,no,no,no,no,no
1036,no,no,no,no,no,no,no,no
1037,no,no,yes,no,yes,no,no,yes
1038,no,no,yes,no,yes,no,no,yes
1039,no,no,no,no,no,no,no,no
1040,no,no,no,no,no,no,no,no
1041,no,no,no,no,no,no,no,no
1042,no,no,no,no,no,no,no,no
1043,no,no,no,no,no,no,no,no
1044,no,no,yes,yes,yes,yes,yes,yes
1045,no,no,no,no,no,no,no,no
1046,no,no,yes,yes,yes,yes,yes,yes
1047,no,no,no,no,no,no,no,no
1048,no,no,no,no,yes,no,no,yes
1049,no,no,no,no,yes,no,yes,yes
1050,no,no,no,no,yes,no,no,yes
1051,no,no,yes,no,yes,no,no,yes
1052,no,no,yes,no,yes,no,no,yes
1053,no,no,yes,yes,yes,yes,yes,yes
1054,no,no,yes,no,yes,no,no,yes
1055,no,no,no,no,yes,no,no,yes
1056,no,no,no,no,no,no,no,no
1057,no,no,yes,no,no,no,no,no
1058,no,no,yes,no,yes,no,no,yes
1059,no,no,no,no,no,no,no,no
1060,no,no,no,no,no,no,no,no
1061,no,no,no,no,yes,no,no,yes
1062,no,no,no,no,no,no,no,no
1063,no,no,no,no,no,no,no,no
1064,no,no,yes,no,yes,no,no,yes
1065,no,no,no,no,no,no,no,no
1066,no,no,no,no,yes,no,no,yes
1067,no,no,no,no,yes,no,no,yes
1068,no,no,no,no,no,no,no,no
1069,no,no,no,no,yes,no,no,yes
1070,no,no,no,no,no,no,no,no
1071,no,no,no,no,no,no,no,no
1072,no,no,yes,no,yes,no,no,yes
1073,no,no,no,no,yes,no,no,yes
1074,no,no,yes,yes,no,yes,yes,yes
1075,no,no,no,no,yes,no,no,yes
1076,no,no,yes,no,no,no,no,no
1077,no,no,no,no,no,no,no,yes
1078,no,no,yes,no,yes,no,no,yes
1079,no,no,no,no,yes,no,no,yes
1080,no,no,yes,no,no,no,no,no
1081,no,no,yes,no,yes,no,no,yes
1082,no,no,yes,no,no,no,no,no
1083,no,no,yes,no,yes,no,no,yes
1084,no,no,no,no,yes,no,yes,yes
1085,no,no,no,no,no,no,no,no
1086,yes,no,yes,no,yes,no,no,no
1087,no,no,yes,no,yes,no,no,yes
1088,no,no,no,no,yes,no,no,yes
1089,no,no,yes,no,yes,no,no,yes
1090,no,no,yes,no,yes,no,no,yes
1091,no,no,yes,no,yes,no,no,yes
1092,no,no,yes,no,yes,no,no,yes
1093,no,no,yes,no,no,no,yes,no
1094,no,no,yes,no,yes,no,no,yes
1095,no,no,no,no,no,no,no,no
1096,no,no,no,no,no,no,no,no
1097,no,no,no,no,no,no,no,no
1098,no,no,yes,no,no,no,no,no
1099,no,no,yes,no,yes,no,no,yes
1100,no,no,no,no,no,no,no,no
1101,no,no,yes,no,no,no,no,no
1102,no,no,yes,no,no,no,no,yes
1103,no,no,no,no,no,no,no,no
1104,no,no,yes,no,no,no,no,no
1105,no,no,yes,no,no,no,no,no
1106,no,no,yes,no,yes,no,no,yes
1107,no,no,yes,no,no,no,no,no
1108,no,no,yes,no,yes,no,no,yes
1109,no,no,yes,no,yes,no,no,yes
1110,no,no,no,no,no,no,no,yes
1111,no,yes,no,no,yes,yes,yes,yes
1112,no,no,no,no,yes,no,no,yes
1113,no,no,yes,no,yes,no,no,yes
1114,no,no,no,no,yes,no,no,yes
1115,no,no,no,no,no,no,no,no
1116,no,no,yes,no,no,no,yes,no
1117,no,no,yes,no,no,no,no,yes
1118,no,no,no,no,yes,no,no,yes
1119,no,no,no,no,yes,no,no,yes
1120,no,no,no,yes,yes,yes,yes,yes
1121,no,no,no,no,no,no,no,no
1122,no,no,yes,no,yes,no,no,yes
1123,no,no,no,no,no,no,no,no
1124,no,no,no,no,no,no,no,no
1125,no,no,no,no,no,no,no,no
1126,no,no,no,yes,no,yes,yes,yes
1127,no,yes,yes,no,no,yes,yes,yes
1128,no,no,yes,yes,yes,yes,yes,yes
1129,no,no,yes,no,yes,no,no,yes
1130,no,no,yes,yes,no,yes,yes,no
1131,no,no,yes,no,no,no,no,no
1132,no,no,yes,no,yes,no,no,yes
1133,no,no,yes,no,yes,no,yes,yes
1134,no,no,no,no,no,no,no,no
1135,no,no,yes,no,no,no,no,no
1136,no,no,yes,no,no,no,no,no
1137,no,no,yes,no,yes,no,no,yes
1138,no,no,yes,no,yes,no,no,no
1139,no,no,no,no,no,no,no,no
1140,no,no,no,no,no,no,yes,yes
1141,no,no,yes,no,yes,no,no,no
1142,no,no,yes,no,yes,no,no,yes
1143,no,no,no,no,no,no,no,no
1144,no,no,yes,no,no,no,no,no
1145,no,no,yes,no,yes,no,no,yes
1146,no,no,yes,no,no,no,no,no
1147,no,no,no,no,no,no,no,no
1148,no,no,no,no,no,no,no,no
1149,no,no,no,no,no,no,no,no
1150,no,no,no,no,yes,no,no,yes
1151,no,no,no,no,no,no,no,no
1152,no,no,no,no,no,no,no,no
1153,no,no,yes,yes,yes,yes,yes,yes
1154,no,no,no,no,no,no,no,no
1155,no,no,no,no,yes,no,no,yes
1156,no,no,yes,no,yes,no,no,yes
1157,no,no,yes,no,no,no,no,no
1158,no,no,yes,no,yes,no,yes,yes
1159,no,no,no,no,no,no,yes,no
1160,no,no,yes,no,yes,no,no,yes
1161,no,no,yes,no,no,no,yes,no
1162,no,no,no,no,yes,no,no,yes
1163,no,no,no,no,yes,no,no,yes
1164,no,no,no,no,yes,no,no,yes
1165,no,no,no,no,no,no,no,no
1166,no,no,yes,no,no,no,no,no
1167,no,no,no,no,yes,no,no,no
1168,no,no,yes,no,yes,no,no,yes
1169,no,no,yes,yes,yes,yes,yes,yes
1170,no,no,yes,no,yes,no,no,no
1171,no,no,no,no,yes,no,no,yes
1172,no,no,no,no,yes,no,no,yes
1173,no,no,yes,no,yes,no,no,yes
1174,no,no,yes,no,yes,no,no,yes
1175,no,no,yes,no,no,no,no,no
1176,no,no,yes,no,no,no,no,no
1177,no,no,yes,no,no,no,no,no
1178,no,no,no,no,yes,no,no,no
1179,no,no,yes,no,yes,no,no,yes
1180,no,no,no,no,yes,no,no,yes
1181,no,no,yes,no,no,no,no,no
1182,no,no,yes,no,yes,no,no,yes
1183,no,no,no,no,no,no,no,no
1184,no,no,no,no,yes,no,no,yes
1185,no,no,yes,no,yes,no,no,no
1186,no,no,yes,no,yes,no,no,yes
1187,no,no,no,no,no,no,no,yes
1188,no,no,no,no,no,no,no,no
1189,no,no,yes,no,no,no,no,no
1190,no,no,no,no,yes,no,no,yes
1191,no,no,yes,yes,no,yes,yes,no
1192,no,no,no,no,no,no,no,no
1193,no,no,no,no,no,no,no,no
1194,no,no,yes,no,no,no,no,no
1195,no,no,yes,no,yes,no,no,yes
1196,no,no,yes,no,yes,no,no,yes
1197,no,no,no,no,no,no,no,no
1198,no,no,yes,no,yes,no,no,yes
1199,no,no,no,no,yes,no,no,yes
1200,no,no,no,no,no,no,no,no
1201,no,no,no,no,no,no,yes,no
1202,no,no,yes,no,no,no,no,yes
1203,no,no,yes,no,yes,no,no,yes
1204,no,no,no,no,yes,no,no,yes
1205,no,no,no,no,no,no,no,no
1206,no,no,yes,no,no,no,no,yes
1207,no,no,no,no,yes,no,no,yes
1208,no,no,yes,no,no,no,no,no
1209,no,no,no,no,no,no,no,no
1210,no,no,no,no,yes,no,no,yes
1211,no,no,yes,no,yes,no,no,yes
1212,no,no,yes,no,no,no,no,no
1213,no,no,yes,yes,yes,yes,yes,yes
1214,no,no,yes,no,yes,no,no,no
1215,no,no,no,no,no,no,no,no
1216,no,no,yes,no,no,no,no,no
1217,no,no,no,no,no,no,no,no
1218,no,no,no,no,no,no,no,no
1219,no,no,no,no,no,no,no,no
1220,no,no,no,yes,no,yes,yes,yes
1221,no,no,no,no,no,no,no,no
1222,no,no,yes,no,yes,no,no,no
1223,no,no,yes,no,yes,no,no,yes
1224,no,no,yes,no,yes,no,no,yes
1225,no,no,yes,no,yes,no,no,no
1226,no,no,no,no,yes,no,no,yes
1227,no,no,yes,no,no,no,no,no
1228,no,no,yes,no,yes,no,yes,no
1229,no,no,no,no,no,no,no,no
1230,no,no,yes,no,no,no,no,no
1231,no,no,no,no,yes,no,no,no
1232,no,no,yes,no,yes,no,no,yes
1233,no,no,no,no,no,no,no,no
1234,no,no,no,no,yes,no,no,yes
1235,no,no,yes,no,yes,no,no,yes
1236,no,no,yes,no,yes,no,no,yes
1237,no,no,no,no,no,no,no,no
1238,no,no,yes,no,yes,no,no,no
1239,no,yes,no,no,yes,yes,yes,yes
1240,no,no,yes,no,yes,no,no,yes
1241,no,no,yes,no,yes,no,no,yes
1242,no,no,no,no,no,no,no,no
1243,no,no,yes,no,no,no,no,no
1244,no,no,no,no,yes,no,no,yes
1245,no,no,yes,no,yes,no,no,yes
1246,no,no,no,no,yes,no,no,yes
1247,no,no,yes,no,yes,no,no,yes
1248,no,no,no,no,no,no,no,no
1249,no,no,yes,yes,no,yes,yes,yes
1250,no,no,no,no,no,no,no,no
1251,no,no,yes,no,yes,no,no,yes
1252,no,no,no,no,no,no,no,no
1253,no,no,yes,no,yes,no,no,yes
1254,no,no,no,no,no,no,no,no
1255,no,no,no,no,no,no,no,yes
1256,no,no,no,no,yes,no,no,no
1257,no,no,yes,no,yes,no,no,yes
1258,no,no,yes,no,yes,no,no,yes
1259,no,no,no,no,no,no,no,no
1260,no,no,yes,no,yes,no,no,yes
1261,no,no,no,no,yes,no,no,yes
1262,no,no,no,no,no,no,no,no
1263,no,no,yes,no,yes,no,no,yes
1264,no,no,yes,no,no,no,no,no
1265,no,no,no,no,yes,no,no,yes
1266,no,no,yes,no,no,no,no,no
1267,no,no,no,no,no,no,no,no
1268,no,no,yes,no,no,no,no,yes
1269,no,no,yes,no,no,no,no,no
1270,no,no,no,no,no,no,no,no
1271,no,no,yes,no,yes,no,no,yes
1272,no,no,yes,no,yes,no,no,no
1273,no,no,yes,no,no,no,no,no
1274,no,no,yes,no,no,no,no,no
1275,no,no,no,no,yes,no,no,yes
1276,no,no,yes,no,no,no,no,no
1277,no,no,no,no,no,no,no,no
1278,no,no,yes,no,yes,no,no,yes
1279,no,no,yes,no,yes,no,no,yes
1280,no,no,yes,no,yes,no,no,yes
1281,no,no,no,no,no,no,no,no
1282,no,no,yes,no,yes,no,no,yes
1283,no,no,yes,no,no,no,no,no
1284,no,no,yes,no,no,no,no,no
1285,no,no,no,no,yes,no,no,no
1286,no,no,yes,no,yes,no,no,yes
1287,no,no,no,no,no,no,no,no
1288,no,no,yes,no,yes,no,no,yes
1289,no,no,yes,no,yes,no,no,no
1290,no,no,yes,no,yes,no,no,no
1291,no,no,no,no,no,no,no,no
1292,no,no,yes,no,no,no,no,no
1293,no,no,yes,no,no,no,no,no
1294,no,no,no,no,no,no,no,yes
1295,no,no,yes,no,no,no,no,no
1296,no,no,yes,no,yes,no,no,yes
1297,no,no,no,no,yes,no,no,yes
1298,no,no,yes,no,yes,no,no,yes
1299,no,no,no,no,no,no,no,no
1300,no,no,no,no,no,no,no,no
1301,no,no,yes,no,yes,no,no,yes
1302,no,no,no,no,no,no,no,no
1303,no,no,no,no,no,no,no,no
1304,no,no,yes,no,yes,no,no,yes
1305,no,no,no,no,no,no,no,no
1306,no,no,yes,no,no,no,no,no
1307,no,no,yes,no,no,no,no,no
1308,no,no,no,no,no,no,no,no
1309,no,no,no,no,no,no,no,no
1310,no,no,no,no,yes,no,no,yes
1311,no,no,no,no,yes,no,no,yes
1312,no,no,yes,no,yes,no,no,no
1313,no,no,no,no,no,no,no,no
1314,no,no,no,no,no,no,no,no
1315,no,no,yes,no,yes,no,no,yes
1316,no,no,no,no,no,no,no,no
1317,no,no,no,yes,yes,yes,yes,yes
1318,no,no,no,no,no,no,no,no
1319,no,no,yes,no,yes,no,no,yes
1320,no,no,no,no,no,no,no,no
1321,no,no,yes,yes,yes,yes,yes,yes
1322,no,no,no,no,yes,no,no,yes
1323,no,no,no,no,yes,no,no,yes
1324,no,no,yes,no,yes,no,no,yes
1325,no,no,no,no,no,no,no,yes
1326,no,no,no,no,no,no,no,no
1327,no,no,no,no,yes,no,no,yes
1328,no,no,no,no,no,no,no,yes
1329,no,no,no,no,yes,no,no,no
1330,no,no,yes,no,yes,no,no,yes
1331,no,no,no,no,no,no,no,yes
1332,no,no,no,no,no,no,no,no
1333,no,no,yes,no,no,no,no,no
1334,no,no,yes,no,yes,no,no,yes
1335,no,yes,yes,no,yes,yes,yes,yes
1336,no,no,yes,no,yes,no,no,yes
1337,no,no,no,no,no,no,no,no
1338,no,no,no,no,no,no,no,yes
1339,no,no,yes,no,yes,no,no,no
1340,no,no,yes,no,yes,no,no,yes
1341,no,no,no,no,yes,no,no,yes
1342,no,no,no,no,no,no,no,no
1343,no,no,no,no,no,no,no,no
1344,no,no,yes,no,yes,no,yes,yes
1345,no,no,yes,no,no,no,no,no
1346,no,no,no,no,no,no,no,no
1347,no,no,yes,no,yes,no,no,yes
1348,no,no,yes,yes,yes,yes,yes,no
1349,no,no,no,no,no,no,no,no
1350,no,no,yes,no,yes,no,no,no
1351,no,no,no,no,no,no,no,no
1352,no,no,yes,no,yes,no,no,no
1353,no,no,yes,no,no,no,no,no
1354,no,no,yes,no,yes,no,no,yes
1355,no,no,yes,no,no,no,yes,no
1356,no,no,no,no,no,no,no,no
1357,no,no,no,no,no,no,no,no
1358,no,no,yes,no,yes,no,no,no
1359,no,no,no,no,no,no,no,no
1360,no,no,no,no,yes,no,no,yes
1361,no,no,no,no,no,no,no,no
1362,no,no,no,no,no,no,no,no
1363,no,no,yes,no,no,no,no,no
1364,no,no,yes,yes,yes,yes,yes,yes
1365,no,no,yes,yes,yes,yes,yes,yes
1366,no,no,no,no,no,no,no,no
1367,no,no,yes,no,yes,no,no,yes
1368,no,no,no,no,no,no,no,no
1369,no,no,no,no,no,no,no,no
1370,no,no,no,no,no,no,no,no
1371,no,no,yes,no,yes,no,no,yes
1372,no,no,no,no,no,no,no,no
1373,no,no,yes,no,no,no,no,no
1374,no,no,yes,no,no,no,no,no
1375,no,no,yes,yes,yes,yes,yes,yes
1376,no,no,yes,no,yes,no,no,yes
1377,no,no,no,no,no,no,no,no
1378,no,no,no,no,no,no,no,no
1379,no,no,no,no,no,no,no,no
1380,no,no,yes,no,yes,no,no,yes
1381,no,no,yes,no,yes,no,no,yes
1382,no,no,no,no,no,no,no,no
1383,no,no,no,no,no,no,no,no
1384,no,no,no,no,no,no,no,yes
1385,no,no,yes,no,yes,no,no,yes
1386,no,no,no,no,no,no,no,no
1387,no,no,no,no,no,no,no,no
1388,no,no,no,no,no,no,no,no
1389,no,no,yes,no,yes,no,no,yes
1390,no,no,yes,no,yes,no,no,yes
1391,no,no,yes,no,yes,no,no,yes
1392,no,no,no,no,no,no,no,no
1393,no,no,no,no,yes,no,no,yes
1394,no,no,no,no,no,no,no,no
1395,no,no,no,no,no,no,no,no
1396,no,no,no,no,yes,no,no,no
1397,no,no,yes,no,no,no,no,no
1398,no,no,no,no,yes,no,no,yes
1399,no,no,no,no,yes,no,no,yes
1400,yes,no,yes,no,yes,no,no,yes
1401,no,no,yes,no,yes,no,no,yes
1402,no,no,no,no,yes,no,no,no
1403,no,no,yes,no,no,no,no,no
1404,no,no,no,no,no,no,no,no
1405,no,no,yes,no,yes,no,no,no
1406,no,no,no,no,no,no,no,no
1407,no,no,yes,no,yes,no,no,yes
1408,no,no,yes,no,yes,no,no,yes
1409,no,yes,no,no,no,yes,yes,yes
1410,no,no,yes,no,no,no,no,no
1411,no,no,no,no,yes,no,no,yes
1412,no,no,no,no,no,no,no,no
1413,no,no,no,no,yes,no,no,yes
1414,no,no,yes,no,yes,no,no,yes
1415,no,no,yes,no,no,no,no,no
1416,no,no,yes,no,yes,no,no,yes
1417,no,no,no,no,yes,no,no,no
1418,no,no,no,no,yes,no,no,no
1419,no,no,no,no,yes,no,no,no
1420,no,no,no,no,no,no,yes,no
1421,no,no,yes,no,yes,no,no,yes
1422,no,no,no,no,no,no,no,no
1423,no,no,no,no,no,no,yes,no
1424,no,no,yes,no,no,no,no,no
1425,no,no,no,no,yes,no,no,no
1426,no,no,no,no,no,no,no,no
1427,no,no,yes,no,yes,no,no,yes
1428,no,no,yes,no,yes,no,no,no
1429,no,no,yes,no,yes,no,no,yes
1430,no,no,yes,no,yes,no,no,yes
1431,no,no,no,no,no,no,no,no
1432,no,no,yes,no,no,no,no,no
1433,no,no,yes,yes,yes,yes,yes,yes
1434,no,no,no,no,yes,no,no,yes
1435,no,no,yes,no,yes,no,no,yes
1436,no,no,yes,no,yes,no,no,yes
1437,no,no,no,no,no,no,no,no
1438,no,no,yes,no,no,no,no,no
1439,no,no,yes,no,yes,no,no,no
1440,no,no,yes,no,no,no,no,no
1441,no,no,no,no,no,no,no,yes
1442,yes,no,no,no,no,no,no,no
1443,no,no,yes,no,no,no,no,no
1444,no,no,yes,no,no,no,yes,no
1445,no,no,yes,no,yes,no,no,yes
1446,no,no,yes,no,no,no,no,no
1447,no,no,no,no,yes,no,no,yes
1448,no,no,no,no,no,no,no,no
1449,no,no,yes,no,yes,no,no,yes
1450,no,no,yes,no,yes,no,no,yes
1451,no,no,no,no,yes,no,no,yes
1452,no,no,yes,no,yes,no,no,yes
1453,no,no,no,no,no,no,no,no
1454,no,no,no,no,no,no,no,no
1455,no,no,no,no,no,no,no,yes
1456,no,no,yes,no,no,no,no,no
1457,no,no,no,no,no,no,no,no
1458,no,no,no,no,no,no,no,no
1459,no,no,yes,no,no,no,no,no
1460,no,no,yes,no,yes,no,no,yes
1461,no,no,no,no,no,no,no,no
1462,no,no,yes,no,yes,no,no,yes
1463,no,no,no,no,yes,no,no,yes
1464,no,no,no,no,no,no,no,yes
1465,no,no,no,no,yes,no,yes,no
1466,no,no,no,no,yes,no,no,yes
1467,no,no,no,no,yes,no,no,no
1468,no,no,no,no,no,no,no,yes
1469,no,no,no,no,yes,no,no,yes
1470,no,no,yes,no,yes,no,no,no
1471,no,no,no,no,yes,no,no,yes
1472,no,no,no,no,no,no,no,no
1473,no,no,yes,no,yes,no,no,no
1474,no,no,no,no,yes,no,no,no
1475,no,no,yes,no,no,no,no,yes
1476,no,no,no,no,no,no,no,no
1477,no,no,no,no,no,no,yes,no
1478,no,no,no,no,yes,no,no,yes
1479,no,no,yes,no,no,no,no,no
1480,no,no,no,no,yes,no,no,yes
1481,no,no,yes,yes,yes,yes,yes,yes
1482,no,no,yes,no,no,no,no,no
1483,no,no,no,no,no,no,no,no
1484,no,no,yes,no,no,no,no,no
1485,no,no,no,no,no,no,no,no
1486,no,no,yes,no,yes,no,no,no
1487,no,no,yes,no,no,no,no,no
1488,no,no,no,no,yes,no,no,no
1489,no,no,no,no,no,no,no,no
1490,no,no,no,no,no,no,no,no
1491,no,no,yes,no,no,no,no,no
1492,no,no,no,no,no,no,no,no
1493,no,no,yes,no,yes,no,no,yes
1494,no,no,no,no,no,no,no,no
1495,no,no,no,no,no,no,no,no
1496,no,no,yes,no,yes,no,no,no
1497,no,no,yes,no,yes,no,no,yes
1498,no,no,no,no,no,no,no,no
1499,no,no,yes,no,yes,no,no,yes
1500,no,no,yes,yes,yes,yes,yes,yes
1501,no,no,no,no,no,no,no,no
1502,no,no,no,no,yes,no,yes,no
1503,no,no,no,no,no,no,no,no
1504,no,no,yes,no,yes,no,no,yes
1505,no,no,yes,no,yes,no,no,yes
1506,no,no,no,no,no,no,no,no
1507,no,no,no,no,no,no,no,yes
1508,no,no,yes,no,yes,no,no,yes
1509,no,no,yes,no,yes,no,no,yes
1510,no,no,yes,no,no,no,no,no
1511,no,no,yes,no,no,no,no,no
1512,no,no,no,no,no,no,no,no
1513,no,no,yes,no,no,no,no,no
1514,no,yes,no,no,no,yes,yes,yes
1515,no,no,no,no,yes,no,no,no
1516,no,no,no,no,no,no,no,no
1517,no,no,no,no,yes,no,no,yes
1518,no,no,yes,yes,no,yes,yes,yes
1519,no,no,yes,no,no,no,no,no
1520,no,no,yes,no,yes,no,yes,yes
1521,no,no,no,no,no,no,no,yes
1522,no,no,no,no,yes,no,no,yes
1523,no,no,yes,no,no,no,no,no
1524,no,no,yes,no,yes,no,no,no
1525,no,no,yes,no,no,no,no,no
1526,no,no,no,no,no,no,no,no
1527,no,no,no,no,no,no,no,no
1528,no,no,yes,no,yes,no,no,yes
1529,no,no,no,no,no,no,no,no
1530,no,no,no,no,no,no,no,no
1531,no,no,no,no,no,no,no,no
1532,no,no,yes,no,yes,no,no,yes
1533,no,no,yes,no,yes,no,no,yes
1534,no,no,yes,no,no,no,no,no
1535,no,no,yes,no,no,no,no,no
1536,no,no,yes,no,yes,no,no,yes
1537,no,no,yes,no,no,no,no,no
1538,no,no,yes,no,no,no,no,no
1539,no,no,yes,no,yes,no,no,yes
1540,no,no,yes,no,yes,no,no,yes
1541,no,no,no,no,no,no,no,no
1542,no,no,yes,no,no,no,no,no
1543,no,no,yes,no,no,no,no,no
1544,no,no,no,no,no,no,no,no
1545,no,no,yes,no,yes,no,no,yes
1546,no,no,yes,no,no,no,yes,no
1547,no,no,no,no,no,no,no,no
1548,yes,no,yes,no,yes,no,no,no
1549,no,no,no,no,no,no,no,no
1550,no,no,no,no,yes,no,no,yes
1551,no,no,yes,no,yes,no,no,yes
1552,no,no,no,no,no,no,no,no
1553,no,no,no,no,no,no,no,no
1554,no,no,yes,no,no,no,no,no
1555,no,no,yes,no,no,no,no,no
1556,no,no,yes,no,yes,no,no,yes
1557,no,no,yes,no,yes,no,no,no
1558,no,no,no,no,yes,no,no,yes
1559,no,no,no,no,yes,no,no,yes
1560,no,no,yes,no,no,no,no,no
1561,no,no,yes,no,yes,no,no,yes
1562,no,no,yes,no,yes,no,no,yes
1563,no,no,yes,no,yes,no,no,yes
1564,no,no,no,no,yes,no,no,no
1565,no,no,no,no,no,no,no,no
1566,no,no,yes,no,no,no,no,no
1567,no,no,yes,yes,yes,yes,yes,yes
1568,no,no,no,no,yes,no,no,no
1569,no,no,no,no,yes,no,no,yes
1570,no,no,yes,no,yes,no,no,yes
1571,no,no,no,no,no,no,no,no
1572,no,no,no,no,no,no,no,no
1573,no,no,no,no,yes,no,no,yes
1574,no,no,yes,no,yes,no,no,yes
1575,no,no,no,no,no,no,no,no
1576,no,no,yes,no,no,no,no,no
1577,no,no,yes,no,yes,no,no,yes
1578,no,no,yes,no,yes,no,no,no
1579,no,no,no,no,yes,no,no,yes
1580,no,no,yes,no,no,no,no,no
1581,no,no,no,no,yes,no,no,yes
1582,no,yes,no,no,no,yes,yes,no
1583,no,no,yes,no,yes,no,no,yes
1584,no,no,yes,no,yes,no,no,no
1585,no,no,yes,no,yes,no,no,yes
1586,no,no,yes,no,yes,no,no,yes
1587,no,no,no,no,yes,no,no,yes
1588,no,no,no,no,yes,no,no,yes
1589,no,no,no,no,yes,no,no,yes
1590,no,no,yes,no,yes,no,no,yes
1591,no,no,no,no,no,no,no,no
1592,no,no,no,no,yes,no,no,yes
1593,no,no,yes,no,no,no,no,yes
1594,no,no,yes,yes,yes,yes,yes,yes
1595,no,no,no,no,no,no,no,no
1596,no,yes,yes,no,yes,yes,yes,yes
1597,no,no,yes,no,no,no,no,no
1598,no,no,no,no,no,no,no,no
1599,no,no,yes,no,no,no,no,no
1600,no,no,yes,no,yes,no,no,yes
1601,no,no,yes,yes,yes,yes,yes,yes
1602,no,no,no,yes,no,yes,yes,yes
1603,no,no,yes,no,yes,no,no,yes
1604,no,no,yes,no,yes,no,no,no
1605,no,no,yes,no,yes,no,no,yes
1606,no,no,no,no,yes,no,no,yes
1607,no,no,yes,no,no,no,no,no
1608,no,no,yes,no,no,no,no,no
1609,no,no,no,no,no,no,no,yes
1610,no,no,no,no,no,no,no,yes
1611,no,no,no,no,yes,no,no,yes
1612,no,no,yes,no,no,no,no,no
1613,no,no,yes,no,no,no,no,no
1614,no,no,no,no,no,no,no,no
1615,no,no,yes,no,no,no,no,no
1616,no,no,yes,no,no,no,no,no
1617,no,no,yes,yes,no,yes,yes,no
1618,no,no,no,no,no,no,yes,no
1619,no,no,yes,no,yes,no,no,yes
1620,no,no,no,no,no,no,no,no
1621,no,no,no,no,no,no,no,no
1622,no,no,yes,no,no,no,no,no
1623,no,no,yes,no,yes,no,no,no
1624,no,no,yes,no,no,no,no,no
1625,no,no,yes,no,no,no,no,no
1626,no,no,yes,no,yes,no,no,yes
1627,no,no,yes,no,yes,no,no,no
1628,no,no,yes,no,no,no,no,no
1629,no,no,yes,no,no,no,no,no
1630,no,no,yes,no,no,no,no,no
1631,no,no,yes,no,yes,no,no,yes
1632,no,no,no,no,yes,no,no,yes
1633,no,no,no,no,no,no,no,no
1634,no,no,yes,no,yes,no,no,yes
1635,no,no,no,no,yes,no,no,yes
1636,no,no,yes,no,no,no,no,no
1637,no,no,no,no,no,no,no,yes
1638,no,no,yes,yes,yes,yes,yes,yes
1639,no,no,no,no,yes,no,no,no
1640,no,no,yes,no,no,no,no,no
1641,no,no,yes,yes,yes,yes,yes,no
1642,no,no,no,no,no,no,no,no
1643,no,no,yes,no,yes,no,no,yes
1644,no,no,no,no,no,no,no,no
1645,no,no,no,no,yes,no,no,no
1646,no,no,no,no,yes,no,no,yes
1647,no,no,no,no,no,no,no,no
1648,no,no,yes,no,no,no,no,no
1649,no,no,yes,no,yes,no,no,yes
1650,no,no,yes,no,yes,no,no,yes
1651,no,no,yes,no,no,no,no,yes
1652,no,no,no,no,yes,no,no,no
1653,no,no,yes,yes,yes,yes,yes,yes
1654,no,no,yes,no,yes,no,no,yes
1655,no,no,no,no,yes,no,no,no
1656,no,no,no,no,no,no,no,no
1657,no,no,no,no,no,no,no,no
1658,no,no,yes,no,no,no,no,no
1659,no,no,no,no,no,no,no,no
1660,no,no,no,no,yes,no,no,no
1661,no,no,no,no,yes,no,no,no
1662,no,no,no,no,no,no,no,no
1663,no,no,yes,yes,yes,yes,yes,yes
1664,no,no,yes,no,no,no,no,no
1665,no,no,no,no,no,no,no,yes
1666,no,no,no,no,no,no,no,no
1667,no,no,no,no,no,no,no,no
1668,no,no,no,no,no,no,no,no
1669,no,no,yes,no,no,no,no,no
1670,no,no,no,no,no,no,no,no
1671,no,no,yes,no,yes,no,no,yes
1672,no,no,no,no,yes,no,no,no
1673,no,no,no,no,no,no,no,no
1674,no,no,no,no,yes,no,no,yes
1675,no,no,no,no,no,no,no,no
1676,no,no,no,no,no,no,no,no
1677,no,no,no,no,no,no,no,no
1678,no,no,no,no,no,no,no,no
1679,no,no,yes,no,yes,no,yes,yes
1680,no,no,no,no,no,no,no,no
1681,no,no,no,no,no,no,yes,no
1682,no,no,no,no,no,no,no,no
1683,no,no,yes,no,no,no,no,yes
1684,yes,no,yes,no,yes,no,no,yes
1685,no,no,no,no,yes,no,no,yes
1686,no,no,no,no,no,no,no,no
1687,no,no,no,no,no,no,no,no
1688,yes,no,no,no,no,no,no,no
1689,no,no,yes,yes,no,yes,yes,yes
1690,yes,no,yes,no,no,no,no,no
1691,no,no,no,no,no,no,no,no
1692,no,no,yes,no,no,no,no,no
1693,no,no,yes,yes,no,yes,yes,yes
1694,no,no,no,no,yes,no,no,yes
1695,no,no,no,no,no,no,no,no
1696,no,no,yes,no,no,no,no,no
1697,no,no,no,no,no,no,no,no
1698,no,no,yes,no,yes,no,no,yes
1699,no,no,no,no,no,no,no,no
1700,no,no,no,no,no,no,no,no
1701,no,no,no,no,yes,no,no,yes
1702,no,no,no,no,yes,no,no,yes
1703,no,no,no,no,yes,no,no,yes
1704,no,no,no,no,no,no,no,no
1705,no,no,yes,no,yes,no,no,yes
1706,no,no,yes,no,yes,no,no,yes
1707,no,no,yes,yes,yes,yes,yes,yes
1708,no,no,yes,no,no,no,yes,no
1709,no,no,no,no,yes,no,no,yes
1710,no,no,yes,no,no,no,no,no
1711,no,no,no,no,no,no,no,no
1712,no,no,yes,yes,no,yes,yes,no
1713,no,no,no,no,no,no,no,no
1714,no,no,no,no,no,no,yes,no
1715,no,no,no,no,no,no,no,no
1716,no,no,yes,yes,no,yes,yes,no
1717,no,no,yes,no,yes,no,yes,yes
1718,no,no,yes,no,yes,no,no,yes
1719,no,no,no,no,no,no,no,no
1720,no,no,no,no,no,no,no,no
1721,no,no,yes,no,no,no,no,no
1722,no,no,no,no,no,no,no,no
1723,no,no,yes,no,yes,no,no,yes
1724,no,no,no,no,no,no,no,no
1725,no,no,no,no,no,no,no,no
1726,no,no,no,no,no,no,no,no
1727,no,no,no,no,yes,no,no,yes
1728,no,no,yes,yes,no,yes,yes,yes
1729,no,no,no,no,no,no,no,no
1730,no,no,yes,no,yes,no,no,yes
1731,no,no,yes,no,no,no,no,no
1732,no,no,no,no,yes,no,no,yes
1733,no,no,no,no,no,no,no,no
1734,no,no,yes,no,yes,no,no,no
1735,yes,no,yes,no,yes,no,no,no
1736,no,no,yes,no,no,no,no,no
1737,no,no,no,no,no,no,no,no
1738,no,no,yes,yes,no,yes,yes,yes
1739,no,no,yes,no,yes,no,no,yes
1740,no,no,no,no,no,no,no,no
1741,no,no,no,no,no,no,no,no
1742,no,no,no,no,no,no,no,no
1743,no,no,yes,no,yes,no,no,yes
1744,no,no,yes,no,yes,no,no,yes
1745,no,no,no,no,no,no,no,no
1746,no,no,yes,no,no,no,no,no
1747,no,no,yes,yes,yes,yes,yes,no
1748,no,no,no,no,no,no,no,no
1749,no,no,yes,no,yes,no,no,no
1750,no,no,yes,no,no,no,no,no
1751,no,no,no,no,no,no,no,no
1752,no,no,yes,no,no,no,no,no
1753,no,no,yes,no,yes,no,yes,yes
1754,no,no,no,no,yes,no,no,yes
1755,no,no,no,no,yes,no,yes,yes
1756,no,no,no,no,yes,no,no,yes
1757,no,no,no,no,no,no,no,yes
1758,no,no,yes,no,yes,no,no,yes
1759,no,no,no,no,no,no,no,no
1760,no,no,no,no,yes,no,no,yes
1761,no,no,yes,no,no,no,no,no
1762,no,no,yes,no,no,no,no,yes
1763,no,no,yes,no,yes,no,no,no
1764,no,no,no,no,no,no,no,yes
1765,no,no,yes,no,no,no,yes,no
1766,no,no,yes,no,yes,no,no,yes
1767,no,no,yes,no,no,no,yes,no
1768,no,no,no,no,yes,no,no,yes
1769,no,no,yes,no,yes,no,no,no
1770,no,no,yes,no,yes,no,no,yes
1771,no,no,no,no,yes,no,no,no
1772,no,no,no,no,yes,no,no,yes
1773,no,yes,no,no,yes,yes,yes,yes
1774,no,no,yes,yes,no,yes,yes,no
1775,no,no,yes,no,no,no,yes,no
1776,no,no,yes,no,no,no,no,no
1777,no,no,no,no,yes,no,no,yes
1778,no,no,yes,no,yes,no,no,yes
1779,no,no,no,no,no,no,no,no
1780,no,no,no,no,no,no,no,no
1781,no,no,no,no,no,no,no,no
1782,no,no,no,no,no,no,no,no
1783,no,no,no,no,yes,no,no,no
1784,no,no,no,no,no,no,no,yes
1785,no,no,no,no,no,no,no,yes
1786,no,no,no,no,no,no,no,no
1787,no,no,no,no,yes,no,no,yes
1788,no,no,yes,no,no,no,no,no
1789,no,no,yes,no,yes,no,no,no
1790,no,no,no,yes,no,yes,yes,yes
1791,no,no,no,no,no,no,no,no
1792,no,no,no,no,no,no,no,no
1793,no,no,yes,no,no,no,no,no
1794,no,no,yes,no,yes,no,no,yes
1795,no,no,yes,no,yes,no,no,yes
1796,no,no,yes,no,no,no,no,yes
1797,no,no,yes,no,yes,no,no,yes
1798,no,no,yes,no,yes,no,no,yes
1799,no,no,yes,yes,no,yes,yes,no
1800,no,no,no,no,no,no,no,yes
1801,no,no,no,no,yes,no,no,yes
1802,no,no,yes,no,no,no,no,no
1803,no,no,no,yes,no,yes,yes,no
1804,no,no,no,no,yes,no,no,yes
1805,no,no,no,no,no,no,yes,yes
1806,no,no,no,no,no,no,no,no
1807,no,no,no,no,no,no,no,no
1808,no,no,yes,no,yes,no,no,yes
1809,no,no,no,no,yes,no,no,yes
1810,no,no,no,no,yes,no,no,yes
1811,no,no,yes,no,yes,no,no,no
1812,no,no,yes,no,yes,no,no,no
1813,no,no,no,no,no,no,no,no
1814,no,no,no,no,yes,no,no,yes
1815,no,no,yes,no,yes,no,no,yes
1816,no,no,yes,no,yes,no,no,yes
1817,no,no,no,no,yes,no,no,yes
1818,no,no,no,no,no,no,no,no
1819,no,no,yes,no,yes,no,no,yes
1820,no,no,yes,no,no,no,no,no
1821,no,no,yes,no,no,no,no,no
1822,no,no,no,no,no,no,no,yes
1823,no,no,yes,no,yes,no,no,no
1824,no,no,no,no,no,no,no,no
1825,no,no,no,no,yes,no,no,yes
1826,yes,no,yes,yes,yes,yes,yes,yes
1827,no,no,no,no,no,no,no,no
1828,no,no,yes,no,no,no,no,no
1829,no,no,yes,no,yes,no,no,yes
1830,no,no,no,no,no,no,no,no
1831,no,no,no,no,no,no,no,no
1832,no,no,no,no,no,no,no,no
1833,no,no,no,no,no,no,no,no
1834,no,no,yes,no,no,no,no,no
1835,no,no,yes,no,yes,no,no,yes
1836,no,no,yes,no,no,no,no,no
1837,no,no,no,no,yes,no,no,yes
1838,no,no,yes,no,yes,no,no,yes
1839,no,no,no,no,no,no,no,no
1840,no,no,no,no,no,no,no,no
1841,no,no,yes,no,yes,no,no,yes
1842,no,no,no,no,no,no,no,no
1843,no,no,yes,no,yes,no,no,yes
1844,no,no,yes,no,yes,no,no,yes
1845,no,no,no,no,yes,no,no,yes
1846,no,no,yes,no,no,no,no,no
1847,no,no,no,no,no,no,no,no
1848,no,no,no,no,no,no,no,no
1849,no,no,yes,no,yes,no,no,no
1850,no,no,no,no,no,no,no,no
1851,no,no,no,no,yes,no,no,yes
1852,no,no,no,no,yes,no,no,yes
1853,no,no,yes,no,no,no,no,no
1854,no,no,yes,no,yes,no,no,yes
1855,no,no,no,no,no,no,no,no
1856,no,no,yes,no,yes,no,no,no
1857,no,no,no,no,yes,no,no,yes
1858,no,no,no,no,yes,no,no,yes
1859,no,no,yes,no,yes,no,no,no
1860,no,no,no,no,no,no,no,yes
1861,no,no,yes,no,yes,no,no,no
1862,no,no,yes,yes,no,yes,yes,yes
1863,no,no,no,no,no,no,no,no
1864,no,no,yes,no,no,no,no,no
1865,no,no,yes,no,yes,no,no,yes
1866,no,no,yes,no,yes,no,no,yes
1867,no,no,yes,no,yes,no,yes,no
1868,no,no,no,no,yes,no,no,yes
1869,no,no,no,no,no,no,no,no
1870,no,no,yes,no,yes,no,no,no
1871,no,no,no,no,no,no,no,no
1872,no,no,no,no,no,no,no,yes
1873,no,no,no,no,no,no,no,no
1874,no,no,no,no,yes,no,no,yes
1875,no,no,yes,no,yes,no,no,yes
1876,no,no,no,no,no,no,no,no
1877,no,no,no,no,no,no,no,no
1878,no,no,yes,no,yes,no,no,no
1879,no,no,yes,no,yes,no,no,yes
1880,no,no,yes,no,yes,no,no,yes
1881,no,no,yes,no,yes,no,no,no
1882,no,no,yes,no,no,no,no,no
1883,no,no,yes,no,yes,no,no,no
1884,no,no,yes,no,no,no,no,no
1885,no,no,no,no,no,no,no,no
1886,no,no,yes,no,yes,no,no,yes
1887,no,no,no,no,no,no,no,no
1888,no,no,no,no,yes,no,yes,yes
1889,no,no,no,no,no,no,no,no
1890,no,no,no,no,no,no,no,no
1891,no,no,no,no,yes,no,no,no
1892,no,no,yes,no,yes,no,no,yes
1893,no,no,no,no,no,no,no,yes
1894,no,no,no,no,no,no,no,yes
1895,no,no,yes,no,yes,no,no,no
1896,no,no,yes,no,yes,no,no,no
1897,no,no,no,no,no,no,no,no
1898,no,no,no,no,no,no,no,no
1899,no,no,yes,no,yes,no,no,yes
1900,no,no,no,no,yes,no,no,yes
1901,yes,no,yes,no,yes,no,no,yes
1902,no,no,no,no,no,no,no,no
1903,no,no,no,no,yes,no,no,yes
1904,no,no,no,no,yes,no,no,no
1905,no,no,yes,no,yes,no,no,yes
1906,no,no,yes,no,yes,no,no,yes
1907,no,no,yes,no,yes,no,no,yes
1908,no,no,yes,no,no,no,no,no
1909,no,no,no,no,no,no,no,no
1910,no,no,yes,no,yes,no,no,yes
1911,no,no,yes,no,yes,no,no,yes
1912,no,no,no,no,no,no,no,yes
1913,no,no,no,no,no,no,no,no
1914,no,no,no,no,no,no,no,no
1915,no,no,yes,no,yes,no,no,yes
1916,no,no,no,no,no,no,no,no
1917,no,no,yes,no,yes,no,no,yes
1918,no,no,yes,no,yes,no,no,no
1919,no,no,yes,no,no,no,no,no
1920,no,no,yes,no,yes,no,no,yes
1921,no,no,yes,no,no,no,no,no
1922,no,no,yes,no,no,no,no,no
1923,no,no,yes,no,no,no,no,no
1924,yes,no,yes,no,no,no,no,no
1925,no,no,yes,no,yes,no,no,no
1926,no,no,no,no,no,no,no,no
1927,no,no,no,no,no,no,no,no
1928,no,no,yes,yes,no,yes,yes,yes
1929,no,no,no,no,no,no,no,yes
1930,no,no,yes,no,yes,no,no,yes
1931,no,no,yes,no,no,no,yes,no
1932,no,no,no,no,yes,no,no,yes
1933,no,no,no,no,yes,no,no,yes
1934,no,no,no,no,no,no,yes,no
1935,no,no,yes,no,yes,no,no,yes
1936,no,no,no,no,no,no,no,yes
1937,no,no,yes,no,no,no,no,no
1938,no,no,no,no,no,no,no,no
1939,no,no,no,no,yes,no,no,yes
1940,no,no,no,yes,yes,yes,yes,no
1941,no,no,yes,no,no,no,no,no
1942,no,no,yes,no,no,no,no,no
1943,no,no,yes,no,no,no,no,no
1944,no,no,no,no,no,no,no,no
1945,no,no,no,no,yes,no,no,no
1946,no,no,no,no,yes,no,no,yes
1947,no,no,no,no,no,no,yes,no
1948,no,no,yes,yes,yes,yes,yes,yes
1949,no,no,no,no,no,no,no,no
1950,no,no,no,no,yes,no,no,yes
1951,no,no,yes,no,no,no,no,no
1952,no,no,yes,no,yes,no,no,no
1953,no,no,yes,yes,no,yes,yes,no
1954,no,no,no,no,yes,no,no,yes
1955,no,no,yes,yes,yes,yes,yes,yes
1956,no,no,no,no,no,no,no,yes
1957,no,no,no,no,no,no,no,no
1958,no,no,no,no,no,no,no,no
1959,no,no,yes,yes,no,yes,yes,yes
1960,no,no,yes,no,yes,no,no,yes
1961,no,no,no,no,yes,no,no,yes
1962,no,no,no,no,no,no,no,no
1963,no,no,yes,no,no,no,no,yes
1964,no,no,yes,no,yes,no,no,yes
1965,no,no,yes,no,yes,no,no,yes
1966,no,no,no,no,yes,no,no,yes
1967,no,no,no,no,no,no,no,no
1968,no,no,yes,no,no,no,no,no
1969,no,no,no,no,no,no,no,no
1970,no,no,no,no,no,no,no,yes
1971,no,no,yes,no,no,no,no,no
1972,no,yes,yes,no,yes,yes,yes,no
1973,no,no,yes,no,no,no,no,no
1974,no,no,no,no,no,no,no,yes
1975,no,yes,yes,no,yes,yes,no,no
1976,no,no,no,no,no,no,no,no
1977,no,no,no,no,yes,no,no,yes
1978,no,no,yes,no,yes,no,no,yes
1979,no,no,yes,no,yes,no,no,no
1980,no,no,no,no,yes,no,yes,no
1981,no,no,no,no,yes,no,no,no
1982,no,no,yes,yes,yes,yes,no,yes
1983,no,no,no,no,no,no,no,no
1984,no,no,yes,no,no,no,no,no
1985,no,no,no,no,no,no,no,no
1986,no,no,yes,no,yes,no,no,yes
1987,no,no,no,no,no,no,no,no
1988,no,no,no,no,no,no,no,no
1989,no,no,yes,no,no,no,no,no
1990,no,no,yes,no,yes,no,no,yes
1991,no,no,yes,no,yes,no,no,no
1992,no,no,no,no,no,no,yes,no
1993,no,no,no,no,no,no,no,yes
1994,no,no,no,no,no,no,no,no
1995,no,no,no,no,no,no,no,no
1996,no,no,yes,no,no,no,no,no
1997,no,no,yes,no,yes,no,no,yes
1998,no,no,no,no,yes,no,no,yes
1999,no,yes,no,no,no,yes,yes,no
2000,no,no,yes,no,yes,no,no,yes
2001,no,no,yes,no,yes,no,no,yes
2002,no,no,no,no,yes,no,no,no
2003,no,no,no,no,no,no,no,no
2004,no,no,no,no,no,no,no,no
2005,no,no,no,no,no,no,no,no
2006,no,no,no,no,no,no,no,no
2007,no,no,no,no,no,no,no,yes
2008,no,no,yes,no,no,no,no,no
2009,no,no,yes,no,no,no,no,no
2010,no,no,no,no,no,no,no,no
2011,no,no,yes,no,no,no,no,no
2012,no,no,no,no,no,no,no,no
2013,no,no,no,no,yes,no,no,no
2014,no,no,no,no,no,no,no,no
2015,no,no,no,no,no,no,no,no
2016,no,no,yes,no,yes,no,no,no
2017,no,no,yes,no,yes,no,no,yes
2018,no,no,yes,no,yes,no,no,yes
2019,no,no,no,no,no,no,no,no
2020,no,no,yes,no,yes,no,no,yes
2021,no,no,no,no,no,no,no,no
2022,no,no,no,no,no,no,no,no
2023,no,no,no,no,no,no,no,no
2024,no,no,no,no,no,no,no,no
2025,no,no,no,no,no,no,no,no
2026,no,no,no,no,no,no,no,no
2027,no,no,yes,no,yes,no,no,yes
2028,no,no,no,no,no,no,no,no
2029,no,no,yes,no,yes,no,no,yes
2030,no,no,yes,no,no,no,no,no
2031,no,no,no,no,no,no,no,no
2032,no,no,yes,no,yes,no,no,yes
2033,no,no,no,no,no,no,no,no
2034,no,no,no,no,no,no,no,no
2035,no,no,no,no,yes,no,no,no
2036,no,no,yes,no,yes,no,no,yes
2037,no,no,yes,no,yes,no,no,yes
2038,no,no,no,no,no,no,no,no
2039,no,no,yes,no,yes,no,no,yes
2040,no,no,no,no,no,no,no,no
2041,no,no,no,no,no,no,no,no
2042,no,no,yes,yes,yes,yes,yes,yes
2043,no,no,no,no,no,no,no,yes
2044,no,no,yes,no,no,no,no,no
2045,no,no,yes,no,yes,no,no,no
2046,no,no,yes,no,yes,no,no,yes
2047,no,no,no,no,no,no,no,no
2048,no,no,no,no,yes,no,no,yes
2049,no,no,yes,no,no,no,no,no
2050,no,no,yes,no,yes,no,yes,yes
2051,no,no,no,no,no,no,no,no
2052,no,no,no,no,no,no,no,yes
2053,no,no,no,no,no,no,no,no
2054,no,no,yes,no,yes,no,no,yes
2055,no,no,no,no,no,no,no,no
2056,no,no,no,no,no,no,no,no
2057,no,no,no,no,no,no,no,no
2058,no,no,yes,no,no,no,no,no
2059,no,no,yes,no,no,no,no,no
2060,no,no,yes,no,no,no,no,no
2061,no,yes,yes,no,no,yes,yes,yes
2062,yes,no,yes,yes,yes,yes,yes,no
2063,no,no,no,no,no,no,no,no
2064,no,no,no,no,yes,no,no,yes
2065,no,no,yes,no,no,no,no,no
2066,no,no,yes,no,yes,no,no,yes
2067,no,no,no,no,no,no,no,no
2068,no,no,yes,no,no,no,yes,no
2069,no,no,yes,yes,yes,yes,yes,yes
2070,no,no,no,no,no,no,no,no
2071,no,no,no,no,no,no,no,no
2072,no,no,no,no,no,no,no,no
2073,no,no,no,no,yes,no,no,yes
2074,no,no,no,no,no,no,no,no
2075,no,no,no,no,no,no,no,yes
2076,no,no,yes,yes,no,yes,yes,yes
2077,no,no,yes,no,no,no,no,no
2078,no,no,no,no,no,no,no,no
2079,no,no,yes,no,yes,no,no,yes
2080,no,no,no,no,no,no,no,no
2081,no,no,yes,no,no,no,no,no
2082,no,no,no,no,no,no,no,no
2083,no,no,no,no,no,no,no,no
2084,no,no,yes,no,no,no,no,no
2085,no,no,yes,no,yes,no,no,yes
2086,no,no,no,no,no,no,no,no
2087,no,no,no,no,yes,no,no,yes
2088,no,no,no,no,no,no,yes,no
2089,no,no,no,no,no,no,yes,no
2090,no,no,yes,no,yes,no,yes,no
2091,no,no,yes,no,yes,no,no,no
2092,no,no,no,no,yes,no,no,yes
2093,no,no,no,no,no,no,no,no
2094,no,no,yes,no,no,no,no,no
2095,no,yes,yes,no,yes,yes,yes,yes
2096,no,no,yes,no,yes,no,no,yes
2097,no,no,no,no,no,no,no,no
2098,yes,no,no,no,yes,no,no,no
2099,no,no,yes,no,yes,no,no,no
2100,no,no,no,no,no,no,no,no
2101,no,no,yes,no,no,no,no,no
2102,no,no,no,no,yes,no,no,yes
2103,no,no,no,no,yes,no,no,no
2104,no,no,yes,no,no,no,no,no
2105,no,no,yes,no,no,no,no,no
2106,no,no,no,no,no,no,no,no
2107,no,no,no,no,yes,no,no,yes
2108,no,no,no,no,yes,no,no,yes
2109,no,no,yes,yes,no,yes,yes,no
2110,no,no,yes,no,yes,no,no,yes
2111,no,no,yes,no,yes,no,no,yes
2112,no,no,yes,no,no,no,no,no
2113,yes,no,no,no,yes,no,no,yes
2114,no,no,yes,yes,yes,yes,yes,yes
2115,no,no,no,no,no,no,yes,no
2116,no,no,yes,no,yes,no,no,yes
2117,no,no,no,no,yes,no,no,yes
2118,no,no,no,no,no,no,no,no
2119,no,no,yes,no,yes,no,no,yes
2120,no,no,no,no,yes,no,no,no
2121,no,no,no,no,no,no,no,no
2122,no,no,yes,no,no,no,no,no
2123,no,no,no,no,no,no,no,no
2124,no,no,yes,no,no,no,no,no
2125,no,no,yes,no,no,no,yes,no
2126,no,no,yes,yes,yes,yes,yes,yes
2127,no,no,yes,no,no,no,no,no
2128,no,no,yes,no,no,no,no,no
2129,no,no,no,no,yes,no,no,yes
2130,no,no,no,no,no,no,yes,no
2131,no,no,yes,no,yes,no,no,yes
2132,no,no,no,no,yes,no,no,yes
2133,no,yes,yes,no,yes,yes,yes,yes
2134,no,no,no,no,no,no,no,no
2135,no,no,no,no,no,no,no,no
2136,no,no,no,no,no,no,no,no
2137,no,no,yes,no,no,no,no,no
2138,no,no,yes,no,no,no,no,no
2139,no,no,yes,yes,yes,yes,yes,yes
2140,no,no,no,no,no,no,no,no
2141,no,no,yes,no,yes,no,no,no
2142,no,no,yes,no,yes,no,no,yes
2143,no,no,yes,no,no,no,no,no
2144,no,no,yes,yes,no,yes,yes,no
2145,no,no,yes,no,yes,no,no,yes
2146,no,no,yes,no,yes,no,no,no
2147,no,no,yes,no,no,no,no,no
2148,no,no,yes,no,no,no,no,no
2149,no,no,yes,no,yes,no,no,yes
2150,no,no,no,no,no,no,no,no
2151,no,no,yes,no,no,no,yes,no
2152,no,no,no,no,yes,no,no,yes
2153,no,no,yes,no,yes,no,no,yes
2154,no,no,no,no,no,no,no,no
2155,no,no,yes,no,yes,no,no,yes
2156,no,no,no,no,no,no,no,no
2157,no,no,no,no,yes,no,no,yes
2158,no,no,no,no,no,no,no,no
2159,no,no,no,no,no,no,no,no
2160,no,no,yes,no,no,no,no,no
2161,no,no,no,no,no,no,no,no
2162,no,no,yes,no,yes,no,no,yes
2163,no,no,no,no,yes,no,no,no
2164,no,no,no,no,no,no,no,no
2165,no,no,yes,no,yes,no,no,yes
2166,no,yes,yes,no,yes,yes,yes,yes
2167,no,no,no,no,no,no,no,no
2168,no,no,no,no,yes,no,no,no
2169,no,no,yes,no,no,no,no,no
2170,no,yes,no,no,no,yes,yes,no
2171,no,no,yes,no,no,no,no,no
2172,no,no,no,no,no,no,no,no
2173,no,no,no,no,no,no,no,no
2174,no,no,no,no,no,no,no,no
2175,no,no,yes,no,yes,no,yes,no
2176,no,no,yes,no,yes,no,no,no
2177,no,no,no,no,no,no,no,no
2178,no,no,yes,no,yes,no,no,yes
2179,no,no,yes,no,yes,no,no,yes
2180,no,no,no,no,no,no,no,no
2181,no,no,yes,no,yes,no,no,yes
2182,yes,no,yes,no,no,no,no,yes
2183,no,no,no,yes,no,yes,yes,yes
2184,no,no,yes,no,no,no,no,no
2185,no,no,no,no,no,no,no,no
2186,no,no,yes,no,no,no,no,no
2187,no,no,no,no,no,no,yes,yes
2188,no,no,yes,no,yes,no,no,no
2189,no,no,yes,no,no,no,yes,yes
2190,no,no,yes,no,yes,no,no,yes
2191,no,no,no,no,yes,no,no,no
2192,no,no,yes,no,no,no,no,no
2193,no,no,yes,no,no,no,no,no
2194,no,no,no,no,no,no,no,no
2195,no,no,yes,no,yes,no,no,yes
2196,no,no,yes,no,yes,no,no,yes
2197,no,no,no,no,no,no,no,no
2198,no,no,yes,no,yes,no,no,yes
2199,no,no,yes,no,no,no,no,no
2200,no,no,no,no,no,no,no,no
2201,no,no,yes,no,yes,no,no,no
2202,no,no,yes,no,no,no,no,no
2203,no,no,no,no,yes,no,no,yes
2204,no,no,yes,no,yes,no,no,yes
2205,no,no,no,no,yes,no,no,yes
2206,no,no,yes,no,yes,no,no,yes
2207,no,no,no,no,no,no,no,no
2208,no,no,no,no,yes,no,no,yes
2209,no,no,yes,no,no,no,no,no
2210,no,no,no,no,no,no,no,no
2211,no,no,yes,no,yes,no,no,yes
2212,no,no,yes,no,no,no,no,no
2213,no,no,yes,no,no,no,no,no
2214,no,no,yes,no,no,no,no,no
2215,no,no,no,no,no,no,no,no
2216,no,no,yes,no,no,no,no,no
2217,no,no,yes,no,no,no,no,no
2218,no,no,no,no,no,no,no,no
2219,no,no,no,no,no,no,no,no
2220,no,no,no,no,yes,no,no,yes
2221,no,no,yes,no,no,no,no,no
2222,no,no,yes,no,yes,no,no,yes
2223,no,no,yes,no,yes,no,no,yes
2224,no,no,yes,no,yes,no,no,yes
2225,no,no,no,no,no,no,no,no
2226,no,no,no,no,yes,no,no,yes
2227,yes,no,yes,no,no,no,no,no
2228,no,no,no,no,no,no,no,no
2229,no,no,yes,yes,no,yes,yes,yes
2230,no,no,no,no,yes,no,no,yes
2231,no,no,no,no,no,no,no,no
2232,no,no,no,no,no,no,yes,no
2233,no,no,no,no,yes,no,no,yes
2234,no,yes,no,no,no,yes,yes,no
2235,no,no,no,no,yes,no,no,yes
2236,no,no,yes,no,no,no,no,no
2237,no,no,no,no,no,no,no,no
2238,no,no,no,no,no,no,no,no
2239,no,no,no,no,yes,no,no,yes
2240,no,no,yes,no,no,no,no,no
2241,no,no,yes,no,no,no,no,no
2242,no,no,yes,yes,yes,yes,yes,yes
2243,no,no,yes,no,no,no,no,no
2244,no,no,no,no,no,no,no,no
2245,no,no,yes,no,no,no,no,no
2246,no,no,no,no,yes,no,no,yes
2247,no,no,yes,yes,no,yes,yes,no
2248,no,no,no,no,no,no,no,no
2249,no,no,no,no,no,no,no,no
2250,no,no,yes,no,yes,no,no,yes
2251,no,no,yes,no,yes,no,no,yes
2252,no,no,no,no,no,no,no,no
2253,no,no,yes,no,yes,no,yes,yes
2254,no,no,yes,no,yes,no,no,yes
2255,no,no,yes,no,yes,no,no,yes
2256,no,no,yes,no,no,no,no,no
2257,no,no,no,no,yes,no,no,yes
2258,no,no,yes,no,yes,no,no,no
2259,no,no,no,no,no,no,yes,no
2260,no,no,yes,no,yes,no,no,yes
2261,no,no,no,no,no,no,no,no
2262,no,no,yes,no,no,no,no,no
2263,no,no,no,no,no,no,no,no
2264,no,no,no,no,no,no,no,no
2265,no,no,no,no,no,no,no,no
2266,no,no,yes,no,no,no,no,no
2267,no,no,no,no,no,no,no,yes
2268,no,no,yes,no,no,no,no,no
2269,no,no,no,no,no,no,no,no
2270,no,no,no,no,yes,no,no,yes
2271,no,no,yes,no,yes,no,no,no
2272,no,no,no,no,no,no,no,no
2273,no,no,yes,no,yes,no,no,yes
2274,no,no,yes,no,yes,no,no,no
2275,no,no,no,no,no,no,no,no
2276,no,no,yes,no,yes,no,no,yes
2277,no,no,no,no,no,no,yes,no
2278,no,no,yes,no,no,no,yes,no
2279,no,no,no,no,yes,no,no,yes
2280,no,no,yes,no,yes,no,no,yes
2281,no,no,no,no,no,no,no,no
2282,no,no,no,no,yes,no,no,yes
2283,no,no,yes,no,no,no,no,yes
2284,no,no,yes,no,no,no,no,yes
2285,no,no,yes,no,yes,no,no,no
2286,no,no,no,no,yes,no,no,yes
2287,no,no,yes,no,no,no,no,no
2288,no,no,yes,no,no,no,yes,no
2289,no,no,yes,no,yes,no,no,yes
2290,no,no,no,no,yes,no,no,yes
2291,no,no,no,no,no,no,no,no
2292,no,no,yes,no,yes,no,no,no
2293,no,no,yes,yes,yes,yes,yes,yes
2294,no,no,yes,no,yes,no,no,no
2295,no,no,yes,no,yes,no,no,no
2296,no,no,no,no,no,no,no,no
2297,no,no,yes,no,no,no,no,no
2298,no,no,no,no,no,no,no,yes
2299,no,no,no,no,no,no,no,no
2300,no,no,no,no,no,no,no,no
2301,no,no,yes,no,no,no,no,no
2302,no,no,yes,no,yes,no,no,yes
2303,no,no,yes,no,yes,no,yes,no
2304,no,no,yes,no,yes,no,no,yes
2305,no,no,yes,no,yes,no,no,yes
2306,no,no,no,no,no,no,no,yes
2307,no,no,yes,no,yes,no,no,yes
2308,no,no,yes,no,yes,no,yes,yes
2309,no,no,yes,no,yes,no,no,no
2310,no,no,yes,no,yes,no,no,yes
2311,no,no,yes,no,yes,no,yes,yes
2312,no,no,no,no,yes,no,no,no
2313,no,no,no,no,no,no,no,no
2314,no,no,yes,no,yes,no,no,yes
2315,no,no,yes,no,yes,no,no,yes
2316,no,no,no,no,no,no,no,no
2317,no,no,yes,no,yes,no,no,yes
2318,no,no,yes,no,no,no,no,no
2319,no,no,yes,yes,no,yes,yes,yes
2320,no,no,no,no,no,no,no,no
2321,no,no,no,no,no,no,no,no
2322,no,no,no,no,yes,no,no,yes
2323,no,yes,yes,no,yes,yes,yes,yes
2324,no,no,no,no,no,no,no,no
2325,no,no,no,no,no,no,no,no
2326,no,no,no,no,no,no,no,no
2327,no,no,no,no,no,no,no,no
2328,no,no,no,no,yes,no,no,yes
2329,no,no,yes,no,no,no,no,no
2330,no,no,yes,no,no,no,no,no
2331,no,no,no,no,no,no,no,no
2332,no,no,yes,no,yes,no,no,yes
2333,no,no,yes,no,yes,no,no,yes
2334,no,no,yes,no,no,no,no,no
2335,no,no,yes,no,no,no,no,no
2336,no,no,no,no,no,no,no,no
2337,no,no,yes,no,no,no,no,no
2338,no,no,yes,no,yes,no,no,yes
2339,no,no,no,no,yes,no,no,no
2340,no,no,yes,no,yes,no,no,yes
2341,no,no,yes,no,no,no,no,no
2342,no,no,no,no,no,no,no,no
2343,no,no,yes,no,no,no,no,no
2344,no,no,yes,no,yes,no,no,yes
2345,no,no,no,no,yes,no,no,no
2346,no,no,no,no,yes,no,no,yes
2347,no,no,no,no,yes,no,no,yes
2348,no,no,no,no,no,no,no,no
2349,no,yes,no,no,yes,yes,yes,yes
2350,no,no,yes,no,no,no,no,no
2351,no,no,no,no,no,no,no,no
2352,no,no,yes,no,yes,no,no,yes
2353,no,no,yes,no,yes,no,no,no
2354,no,no,no,no,yes,no,no,no
2355,no,no,no,no,yes,no,no,yes
2356,no,no,yes,no,no,no,no,no
2357,no,no,yes,no,yes,no,no,yes
2358,no,no,no,no,no,no,no,no
2359,no,no,yes,no,yes,no,no,yes
2360,no,no,no,no,no,no,no,no
2361,no,no,yes,no,no,no,no,no
2362,yes,no,no,no,no,no,no,no
2363,no,no,yes,no,yes,no,no,yes
2364,no,no,no,no,yes,no,no,yes
2365,no,no,yes,no,yes,no,no,yes
2366,no,no,no,no,yes,no,no,yes
2367,no,no,no,no,no,no,no,no
2368,no,no,yes,no,no,no,no,no
2369,no,no,no,no,no,no,no,no
2370,no,no,no,no,no,no,no,no
2371,no,no,no,no,no,no,no,no
2372,no,no,no,no,yes,no,no,yes
2373,no,no,yes,no,no,no,no,no
2374,no,no,yes,no,no,no,no,no
2375,no,no,no,no,yes,no,no,yes
2376,no,no,no,no,no,no,no,no
2377,no,no,yes,no,yes,no,no,no
2378,no,no,no,no,yes,no,no,yes
2379,no,no,no,no,yes,no,no,yes
2380,no,no,no,no,no,no,no,no
2381,no,no,no,no,yes,no,no,yes
2382,no,no,yes,yes,yes,yes,yes,yes
2383,no,no,yes,no,yes,no,no,yes
2384,no,no,no,yes,no,yes,yes,yes
2385,no,no,no,no,no,no,no,no
2386,no,no,yes,no,no,no,no,no
2387,no,no,no,no,yes,no,no,no
2388,no,no,yes,no,no,no,no,no
2389,no,no,yes,no,yes,no,no,yes
2390,no,no,yes,no,yes,no,no,yes
2391,no,no,yes,no,yes,no,no,yes
2392,no,no,no,no,no,no,no,no
2393,no,no,no,no,no,no,no,no
2394,no,no,yes,no,no,no,no,no
2395,no,no,yes,no,no,no,no,no
2396,no,no,yes,no,no,no,no,no
2397,no,no,no,no,no,no,no,no
2398,no,no,no,no,no,no,no,no
2399,yes,no,yes,no,no,no,no,no
2400,no,no,yes,yes,no,yes,yes,yes
2401,no,no,yes,no,yes,no,no,yes
2402,no,no,no,no,no,no,no,no
2403,no,no,yes,no,no,no,no,no
2404,no,no,no,no,no,no,no,no
2405,no,no,yes,no,no,no,no,yes
2406,no,no,no,no,no,no,no,no
2407,no,no,no,no,no,no,no,no
2408,no,no,no,no,yes,no,no,no
2409,no,no,no,no,no,no,no,no
2410,no,no,yes,no,yes,no,no,yes
2411,no,no,yes,no,yes,no,yes,yes
2412,no,no,no,no,no,no,yes,no
2413,no,no,yes,no,yes,no,no,yes
2414,no,no,yes,no,yes,no,no,yes
2415,no,no,yes,no,yes,no,no,yes
2416,no,no,yes,no,no,no,no,no
2417,no,no,yes,no,no,no,no,no
2418,no,no,yes,no,yes,no,no,yes
2419,no,no,no,no,no,no,no,no
2420,no,no,no,no,yes,no,no,yes
2421,no,no,no,no,no,no,no,yes
2422,no,no,yes,no,yes,no,no,yes
2423,no,no,yes,no,yes,no,no,no
2424,no,no,yes,no,yes,no,yes,yes
2425,no,no,yes,no,no,no,no,no
2426,no,no,yes,no,no,no,no,no
2427,no,no,yes,no,yes,no,no,yes
2428,no,no,yes,no,yes,no,no,yes
2429,no,no,no,no,no,no,no,no
2430,no,no,no,no,no,no,no,no
2431,no,no,yes,no,yes,no,no,yes
2432,no,no,yes,no,yes,no,no,yes
2433,no,no,no,no,no,no,no,no
2434,no,no,yes,no,yes,no,no,yes
2435,no,no,yes,no,yes,no,no,yes
2436,no,no,yes,no,yes,no,no,yes
2437,no,no,no,no,yes,no,no,yes
2438,no,no,no,no,no,no,no,no
2439,no,no,yes,no,no,no,no,no
2440,no,no,yes,no,yes,no,no,yes
2441,no,no,no,no,yes,no,no,yes
2442,no,no,yes,no,no,no,no,no
2443,no,no,no,no,no,no,no,no
2444,no,no,yes,no,yes,no,no,yes
2445,no,no,yes,no,no,no,no,no
2446,no,no,no,no,no,no,no,no
2447,no,no,yes,no,no,no,no,no
2448,no,no,yes,no,yes,no,no,no
2449,no,no,yes,no,yes,no,no,yes
2450,no,no,yes,yes,yes,yes,yes,yes
2451,no,no,no,no,no,no,no,no
2452,no,no,yes,no,no,no,no,no
2453,no,no,no,no,yes,no,no,yes
2454,no,no,no,no,yes,no,no,yes
2455,no,no,no,no,yes,no,no,no
2456,no,no,yes,no,no,no,no,no
2457,no,no,no,no,no,no,no,no
2458,no,no,yes,no,yes,no,no,yes
2459,no,no,no,no,yes,no,no,yes
2460,no,no,yes,no,no,no,no,no
2461,no,no,yes,no,no,no,no,no
2462,no,no,yes,no,yes,no,no,yes
2463,no,no,yes,no,no,no,no,no
2464,no,no,yes,yes,yes,yes,yes,yes
2465,no,no,yes,no,yes,no,no,yes
2466,no,no,no,no,no,no,no,no
2467,no,no,no,no,yes,no,no,yes
2468,no,no,no,no,no,no,no,no
2469,no,no,no,no,yes,no,no,yes
2470,no,no,no,no,no,no,yes,no
2471,no,no,yes,no,yes,no,no,yes
2472,no,no,no,no,no,no,no,yes
2473,no,no,yes,no,yes,no,no,yes
2474,no,no,no,no,no,no,no,no
2475,no,no,yes,no,yes,no,no,no
2476,no,no,yes,no,no,no,no,no
2477,no,no,no,no,no,no,yes,no
2478,no,no,yes,no,yes,no,no,no
2479,no,no,no,no,no,no,no,no
2480,no,no,no,no,yes,no,no,no
2481,no,no,no,no,yes,no,no,yes
2482,no,no,no,no,yes,no,no,yes
2483,no,no,no,no,no,no,no,no
2484,no,no,yes,yes,yes,yes,yes,yes
2485,no,no,yes,no,no,no,no,no
2486,no,no,no,no,no,no,no,no
2487,no,no,yes,no,no,no,no,no
2488,no,no,yes,no,yes,no,no,yes
2489,no,no,yes,no,no,no,no,no
2490,no,no,yes,no,no,no,no,no
2491,no,no,yes,no,no,no,no,no
2492,no,yes,yes,no,yes,yes,yes,yes
2493,no,no,no,no,yes,no,no,yes
2494,no,no,no,no,no,no,no,no
2495,no,no,yes,no,no,no,no,no
2496,no,no,yes,no,no,no,no,no
2497,no,no,no,no,no,no,no,no
2498,no,no,yes,yes,yes,yes,yes,yes
2499,no,no,no,no,no,no,no,yes
2500,no,no,no,no,yes,no,no,yes
2501,no,no,yes,no,no,no,no,yes
2502,no,no,no,no,no,no,no,no
2503,no,no,yes,no,yes,no,no,yes
2504,no,no,yes,no,yes,no,no,yes
2505,no,no,yes,no,yes,no,no,yes
2506,no,no,yes,no,no,no,no,no
2507,no,no,yes,no,yes,no,no,no
2508,no,no,no,no,yes,no,no,yes
2509,no,no,yes,no,yes,no,no,no
2510,no,no,yes,no,no,no,no,no
2511,no,no,no,no,no,no,no,yes
2512,no,no,no,no,no,no,no,no
2513,no,no,yes,no,no,no,no,no
2514,no,no,no,no,no,no,no,no
2515,no,no,no,no,no,no,yes,no
2516,no,no,no,no,no,no,no,no
2517,no,no,no,no,no,no,yes,no
2518,no,no,no,no,no,no,no,no
2519,no,no,yes,no,no,no,no,yes
2520,no,no,yes,no,yes,no,no,yes
2521,no,no,no,no,no,no,no,no
2522,no,no,no,no,no,no,no,no
2523,no,no,yes,yes,yes,yes,yes,no
2524,no,no,no,no,no,no,no,no
2525,no,no,yes,no,yes,no,no,yes
2526,no,no,no,no,no,no,no,no
2527,no,no,yes,no,yes,no,no,no
2528,no,no,no,no,yes,no,yes,yes
2529,no,no,no,no,no,no,no,no
2530,no,no,no,no,no,no,no,no
2531,no,no,yes,no,yes,no,no,no
2532,no,no,no,no,no,no,no,yes
2533,no,no,yes,no,no,no,no,no
2534,no,no,yes,no,no,no,no,no
2535,no,no,yes,no,yes,no,no,no
2536,no,no,no,no,yes,no,no,yes
2537,no,no,yes,no,yes,no,no,yes
2538,no,no,yes,no,yes,no,no,yes
2539,no,no,no,no,no,no,no,no
2540,no,no,yes,no,yes,no,no,yes
2541,no,no,yes,no,yes,no,no,yes
2542,no,no,yes,no,yes,no,no,no
2543,no,no,yes,yes,yes,yes,yes,yes
2544,no,no,yes,no,no,no,no,no
2545,no,no,yes,no,no,no,no,yes
2546,no,no,no,no,no,no,no,no
2547,no,no,no,no,no,no,no,no
2548,no,no,no,no,yes,no,no,yes
2549,no,no,no,no,yes,no,no,yes
2550,no,no,no,no,yes,no,no,no
2551,no,no,no,no,yes,no,no,no
2552,no,no,yes,no,yes,no,no,yes
2553,no,no,no,no,no,no,no,no
2554,no,no,yes,no,no,no,no,no
2555,no,no,yes,yes,yes,yes,yes,yes
2556,no,no,yes,no,no,no,no,no
2557,no,no,yes,no,yes,no,no,yes
2558,no,no,no,no,no,no,no,no
2559,no,no,no,no,no,no,no,no
2560,no,no,no,no,no,no,no,no
2561,no,no,yes,no,yes,no,no,no
2562,no,no,yes,no,yes,no,no,yes
2563,no,no,no,no,no,no,no,no
2564,no,no,yes,no,yes,no,no,yes
2565,no,no,no,no,yes,no,no,yes
2566,no,no,no,no,yes,no,yes,yes
2567,no,no,yes,no,no,no,no,no
2568,no,no,yes,no,yes,no,no,yes
2569,no,no,yes,no,yes,no,no,yes
2570,no,no,no,no,yes,no,no,yes
2571,no,no,yes,no,no,no,no,no
2572,no,no,no,no,no,no,yes,no
2573,no,no,yes,no,yes,no,no,yes
2574,no,no,no,no,no,no,no,no
2575,no,no,yes,no,no,no,no,no
2576,no,no,yes,no,yes,no,no,no
2577,no,no,yes,no,yes,no,no,yes
2578,no,no,no,no,no,no,no,yes
2579,no,no,no,no,yes,no,no,no
2580,no,no,no,no,no,no,no,no
2581,no,no,no,no,yes,no,no,yes
2582,no,no,yes,no,yes,no,no,yes
2583,no,no,no,no,yes,no,no,no
2584,no,no,yes,no,yes,no,no,yes
2585,no,no,yes,no,yes,no,no,yes
2586,no,no,no,no,no,no,no,no
2587,no,no,no,no,no,no,yes,no
2588,no,no,yes,no,yes,no,no,yes
2589,no,no,yes,yes,yes,yes,yes,yes
2590,no,no,no,no,no,no,no,yes
2591,no,no,no,no,yes,no,no,yes
2592,no,no,no,no,yes,no,no,yes
2593,no,no,yes,no,yes,no,no,yes
2594,no,no,no,no,no,no,no,no
2595,no,no,no,no,yes,no,no,yes
2596,no,no,yes,no,yes,no,no,yes
2597,no,no,no,no,yes,no,no,yes
2598,no,no,no,no,no,no,no,yes
2599,no,no,no,no,no,no,no,no
2600,no,no,yes,no,yes,no,no,yes
2601,no,no,yes,no,no,no,no,no
2602,no,no,yes,no,yes,no,no,no
2603,no,yes,yes,no,no,yes,yes,no
2604,no,no,no,no,no,no,yes,no
2605,no,no,no,no,no,no,no,no
2606,no,no,yes,no,no,no,no,no
2607,no,no,no,no,no,no,no,no
2608,no,no,yes,no,yes,no,no,yes
2609,no,no,yes,no,yes,no,no,yes
2610,no,no,no,no,no,no,no,no
2611,no,no,yes,no,no,no,no,no
2612,no,no,no,no,no,no,no,no
2613,no,no,yes,no,no,no,no,yes
2614,no,no,yes,no,yes,no,no,no
2615,no,no,yes,no,yes,no,no,yes
2616,no,no,yes,no,yes,no,no,yes
2617,no,no,no,no,no,no,no,no
2618,no,no,yes,no,yes,no,no,yes
2619,no,no,yes,no,no,no,no,no
2620,no,no,yes,no,no,no,no,no
2621,no,no,yes,no,yes,no,no,yes
2622,no,no,no,no,yes,no,no,yes
2623,no,no,yes,no,no,no,no,no
2624,no,no,yes,no,yes,no,no,yes
2625,no,no,yes,no,no,no,no,no
2626,no,no,yes,no,yes,no,no,yes
2627,no,no,no,no,no,no,no,no
2628,no,no,no,no,no,no,yes,no
2629,no,no,no,no,no,no,no,no
2630,no,no,no,no,yes,no,no,yes
2631,no,no,no,no,no,no,no,no
2632,no,no,no,no,yes,no,no,yes
2633,no,no,yes,no,no,no,no,no
2634,no,no,no,no,yes,no,no,yes
2635,no,no,yes,no,yes,no,no,yes
2636,no,no,no,no,no,no,no,no
2637,no,no,yes,no,yes,no,no,no
2638,no,no,no,no,no,no,no,no
2639,no,no,yes,no,no,no,no,no
2640,no,no,no,no,no,no,no,no
2641,no,no,yes,no,yes,no,no,no
2642,no,no,no,no,no,no,no,no
2643,no,no,yes,no,no,no,no,yes
2644,no,no,no,no,no,no,no,no
2645,no,no,yes,no,yes,no,no,yes
2646,no,no,yes,no,yes,no,no,yes
2647,no,no,yes,no,no,no,no,no
2648,no,no,yes,yes,yes,yes,yes,yes
2649,no,no,yes,no,yes,no,no,yes
2650,no,no,no,no,no,no,no,yes
2651,no,no,no,no,no,no,no,no
2652,no,no,yes,no,yes,no,no,no
2653,no,no,yes,no,yes,no,no,yes
2654,no,no,yes,no,yes,no,no,no
2655,no,no,no,no,no,no,no,no
2656,no,no,no,no,no,no,no,yes
2657,no,no,no,no,no,no,no,no
2658,no,no,yes,no,no,no,no,no
2659,no,no,no,no,no,no,no,no
2660,no,no,yes,no,no,no,no,yes
2661,no,no,no,no,no,no,no,no
2662,no,no,no,no,no,no,no,no
2663,no,no,yes,no,yes,no,yes,yes
2664,no,no,yes,yes,no,yes,yes,no
2665,no,no,yes,no,yes,no,no,yes
2666,no,no,no,no,yes,no,no,yes
2667,no,no,yes,no,yes,no,yes,no
2668,no,no,yes,no,yes,no,no,yes
2669,no,no,yes,no,yes,no,no,no
2670,no,no,yes,no,no,no,no,no
2671,no,no,no,no,no,no,yes,no
2672,no,no,yes,no,no,no,no,no
2673,no,no,no,no,no,no,no,no
2674,no,no,yes,no,no,no,no,no
2675,no,no,yes,no,yes,no,no,yes
2676,no,no,no,no,no,no,no,no
2677,no,no,no,no,no,no,no,no
2678,no,no,no,no,no,no,no,no
2679,no,no,yes,no,yes,no,no,yes
2680,no,no,yes,no,yes,no,no,yes
2681,no,no,no,no,no,no,no,no
2682,no,no,no,no,yes,no,no,yes
2683,no,no,yes,no,no,no,no,no
2684,no,no,yes,no,yes,no,no,no
2685,yes,no,yes,yes,yes,yes,yes,yes
2686,no,no,no,no,yes,no,no,yes
2687,no,no,no,no,no,no,no,yes
2688,no,no,yes,no,no,no,no,no
2689,no,no,yes,no,yes,no,no,yes
2690,no,no,yes,yes,no,yes,yes,no
2691,no,no,yes,no,no,no,yes,no
2692,no,no,yes,no,yes,no,no,no
2693,no,no,no,no,no,no,no,yes
2694,no,no,no,no,yes,no,no,yes
2695,no,no,yes,no,yes,no,no,yes
2696,no,no,no,no,no,no,no,no
2697,no,no,yes,no,yes,no,no,yes
2698,no,no,no,no,no,no,no,no
2699,no,no,yes,no,yes,no,no,yes
2700,no,no,yes,no,no,no,no,no
2701,no,no,no,no,no,no,no,no
2702,no,no,yes,no,yes,no,yes,yes
2703,no,no,no,no,no,no,no,no
2704,yes,no,no,no,yes,no,no,no
2705,no,no,yes,no,no,no,no,no
2706,no,no,yes,no,no,no,no,yes
2707,no,no,yes,no,yes,no,no,yes
2708,no,no,no,no,yes,no,no,no
2709,no,no,no,no,no,no,no,no
2710,no,no,yes,no,no,no,no,no
2711,no,no,no,no,yes,no,no,yes
2712,no,no,no,no,no,no,no,yes
2713,no,no,no,no,no,no,no,no
2714,no,no,yes,no,yes,no,no,yes
2715,no,no,no,no,yes,no,no,yes
2716,no,no,no,no,no,no,no,no
2717,no,no,no,no,yes,no,no,no
2718,no,no,yes,no,no,no,no,no
2719,no,no,no,no,no,no,no,no
2720,no,no,yes,no,yes,no,no,yes
2721,no,no,no,no,no,no,no,no
2722,no,no,no,no,yes,no,no,no
2723,no,yes,no,no,yes,yes,yes,yes
2724,no,no,no,no,no,no,no,no
2725,no,no,yes,no,no,no,no,no
2726,no,no,yes,no,yes,no,no,yes
2727,no,no,yes,yes,yes,yes,yes,yes
2728,no,no,no,no,no,no,yes,yes
2729,no,no,yes,no,yes,no,no,no
2730,no,no,yes,no,no,no,yes,no
2731,no,no,yes,no,no,no,no,yes
2732,no,no,yes,yes,no,yes,yes,no
2733,no,no,no,no,no,no,no,no
2734,no,no,no,no,yes,no,no,yes
2735,no,no,no,no,no,no,no,no
2736,no,no,yes,no,yes,no,no,yes
2737,yes,no,yes,no,no,no,yes,no
2738,no,no,no,no,yes,no,no,yes
2739,no,no,no,no,no,no,no,no
2740,no,no,yes,no,yes,no,no,no
2741,no,no,yes,no,yes,no,no,yes
2742,no,no,no,no,yes,no,no,yes
2743,no,no,no,no,no,no,no,no
2744,no,no,yes,no,no,no,no,no
2745,no,no,no,no,yes,no,no,yes
2746,no,no,yes,yes,no,yes,yes,yes
2747,no,no,yes,no,yes,no,no,yes
2748,no,no,no,no,no,no,no,no
2749,no,no,yes,no,yes,no,no,yes
2750,no,no,no,no,no,no,no,no
2751,no,no,no,no,no,no,no,no
2752,no,no,no,no,no,no,no,no
2753,no,no,no,no,yes,no,no,yes
2754,no,no,no,no,no,no,no,no
2755,no,no,yes,no,no,no,no,no
2756,no,no,yes,no,yes,no,no,yes
2757,no,no,yes,no,yes,no,no,yes
2758,no,no,no,no,no,no,no,no
2759,no,no,yes,no,yes,no,no,yes
2760,no,no,no,no,no,no,no,no
2761,no,no,no,no,no,no,no,no
2762,no,no,yes,yes,yes,yes,yes,yes
2763,no,no,yes,no,yes,no,no,yes
2764,yes,yes,yes,no,yes,yes,yes,yes
2765,no,no,yes,no,no,no,yes,no
2766,no,no,yes,no,yes,no,no,yes
2767,no,no,yes,no,no,no,yes,no
2768,no,no,no,no,yes,no,no,yes
2769,no,no,no,no,no,no,no,no
2770,no,no,yes,no,yes,no,no,no
2771,no,no,yes,yes,no,yes,yes,no
2772,no,no,no,no,no,no,no,no
2773,no,no,no,no,no,no,yes,no
2774,no,no,yes,no,no,no,no,no
2775,no,no,yes,no,no,no,no,no
2776,no,no,no,no,no,no,no,no
2777,no,no,yes,no,yes,no,no,yes
2778,no,no,yes,no,no,no,no,yes
2779,no,no,yes,no,yes,no,no,yes
2780,no,no,no,no,yes,no,no,yes
2781,no,no,yes,no,yes,no,no,no
2782,no,no,yes,no,yes,no,no,yes
2783,no,no,no,no,no,no,no,no
2784,no,no,no,no,no,no,no,no
2785,no,no,yes,no,yes,no,no,no
2786,no,no,no,no,no,no,no,no
2787,no,no,no,no,no,no,no,no
2788,no,no,yes,no,no,no,no,no
2789,no,no,yes,no,yes,no,no,yes
2790,no,no,no,no,no,no,no,no
2791,no,no,no,no,no,no,no,no
2792,no,no,no,no,yes,no,no,yes
2793,no,no,yes,no,yes,no,no,yes
2794,no,no,yes,no,yes,no,no,yes
2795,no,no,yes,no,yes,no,no,yes
2796,no,no,yes,no,yes,no,no,yes
2797,no,no,yes,no,yes,no,no,no
2798,no,no,yes,no,yes,no,no,yes
2799,no,no,yes,no,yes,no,no,no
2800,no,no,no,no,no,no,no,no
2801,no,no,yes,no,yes,no,no,no
2802,no,no,yes,no,yes,no,no,yes
2803,no,no,no,no,no,no,no,no
2804,no,no,yes,no,yes,no,no,no
2805,no,no,yes,no,yes,no,no,yes
2806,no,no,yes,no,no,no,no,no
2807,no,no,yes,no,no,no,no,no
2808,no,no,no,no,no,no,no,yes
2809,no,no,yes,no,yes,no,no,yes
2810,no,no,yes,no,no,no,no,no
2811,no,no,no,no,no,no,no,no
2812,no,no,no,no,no,no,no,no
2813,no,no,no,no,no,no,no,no
2814,no,no,no,no,no,no,no,no
2815,no,no,no,no,no,no,no,no
2816,no,no,yes,no,yes,no,no,yes
2817,no,no,yes,no,yes,no,no,yes
2818,no,no,no,no,no,no,yes,no
2819,no,no,no,no,no,no,no,no
2820,no,no,yes,no,no,no,no,no
2821,no,no,no,no,no,no,no,no
2822,no,no,yes,no,yes,no,no,no
2823,no,no,no,no,no,no,yes,no
2824,no,no,yes,no,no,no,no,no
2825,no,no,no,no,no,no,yes,no
2826,no,no,yes,no,yes,no,no,no
2827,no,no,yes,no,yes,no,no,yes
2828,no,no,no,no,yes,no,no,yes
2829,no,no,yes,no,no,no,no,yes
2830,no,no,no,no,no,no,no,no
2831,no,no,yes,no,yes,no,no,no
2832,no,no,yes,no,yes,no,no,yes
2833,no,no,no,no,no,no,no,no
2834,no,no,yes,no,yes,no,no,yes
2835,no,no,no,no,no,no,no,no
2836,no,no,no,no,no,no,no,no
2837,no,no,no,no,no,no,no,no
2838,no,no,yes,no,no,no,no,no
2839,no,no,no,no,no,no,no,yes
2840,no,no,no,no,no,no,no,no
2841,no,no,yes,no,no,no,yes,no
2842,no,no,yes,no,no,no,no,no
2843,no,no,yes,no,yes,no,no,yes
2844,no,no,yes,no,no,no,no,no
2845,no,no,yes,no,no,no,no,no
2846,no,no,no,no,no,no,no,no
2847,no,no,no,no,no,no,no,yes
2848,no,no,yes,no,yes,no,no,yes
2849,no,no,yes,no,no,no,no,no
2850,no,no,yes,yes,no,yes,yes,no
2851,no,no,yes,no,yes,no,no,yes
2852,no,no,no,no,no,no,no,no
2853,no,no,no,no,no,no,no,no
2854,no,no,yes,no,yes,no,no,yes
2855,no,no,no,no,no,no,no,no
2856,no,no,yes,no,no,no,no,no
2857,no,no,no,no,no,no,no,no
2858,no,no,no,no,no,no,no,no
2859,no,no,yes,no,no,no,no,no
2860,no,no,no,no,no,no,no,yes
2861,no,no,no,no,no,no,no,no
2862,no,no,yes,no,yes,no,no,yes
2863,no,no,no,no,yes,no,no,yes
2864,no,no,no,no,no,no,no,yes
2865,no,no,yes,no,yes,no,no,yes
2866,no,no,no,no,no,no,no,no
2867,no,no,no,no,no,no,no,no
2868,no,no,no,no,no,no,yes,no
2869,no,no,yes,no,yes,no,no,yes
2870,no,no,no,no,no,no,no,no
2871,no,no,no,no,yes,no,no,yes
2872,no,no,yes,no,yes,no,no,yes
2873,no,no,yes,no,no,no,no,no
2874,no,no,no,no,no,no,no,no
2875,no,no,yes,no,yes,no,no,no
2876,no,no,no,no,yes,no,no,yes
2877,no,no,yes,no,no,no,no,no
2878,no,no,no,no,no,no,no,no
2879,no,no,yes,yes,no,yes,yes,no
2880,no,no,no,no,yes,no,no,yes
2881,no,no,yes,no,no,no,no,no
2882,no,no,yes,yes,yes,yes,yes,yes
2883,no,no,yes,no,yes,no,no,yes
2884,no,no,no,no,no,no,no,no
2885,no,no,yes,no,no,no,no,no
2886,no,no,no,no,yes,no,no,yes
2887,no,no,yes,no,no,no,no,no
2888,no,no,no,no,no,no,no,no
2889,no,no,no,no,no,no,no,no
2890,no,no,yes,no,yes,no,no,no
2891,no,no,no,no,no,no,no,no
2892,no,no,no,no,yes,no,no,yes
2893,no,no,no,no,no,no,no,yes
2894,no,no,yes,no,yes,no,no,yes
2895,no,no,yes,no,yes,no,no,no
2896,no,no,yes,no,no,no,no,no
2897,no,no,yes,no,yes,no,no,yes
2898,no,no,no,no,no,no,no,no
2899,no,no,no,no,no,no,no,no
2900,no,no,no,no,yes,no,no,no
2901,no,no,no,no,yes,no,no,yes
2902,no,no,no,no,no,no,no,no
2903,no,no,no,no,no,no,no,no
2904,no,no,yes,no,no,no,no,no
2905,no,no,yes,no,no,no,no,no
2906,no,no,yes,no,yes,no,no,yes
2907,no,no,no,no,yes,no,no,yes
2908,no,no,yes,no,yes,no,no,no
2909,no,no,no,no,no,no,no,no
2910,no,no,no,no,no,no,no,no
2911,no,no,yes,no,no,no,no,no
2912,no,no,no,no,no,no,no,no
2913,no,no,no,no,no,no,no,no
2914,no,no,yes,no,yes,no,no,no
2915,no,no,yes,no,no,no,no,no
2916,no,no,no,no,yes,no,no,yes
2917,no,no,yes,no,no,no,no,no
2918,no,no,yes,no,no,no,no,no
2919,no,no,yes,no,no,no,no,no
2920,no,no,no,no,no,no,no,no
2921,no,no,yes,no,yes,no,no,yes
2922,no,no,no,no,yes,no,no,yes
2923,no,no,yes,no,no,no,yes,no
2924,no,no,no,no,no,no,no,no
2925,no,no,yes,no,no,no,no,no
2926,no,yes,no,no,no,yes,yes,yes
2927,no,no,yes,no,no,no,no,no
2928,no,no,no,no,no,no,no,no
2929,no,no,no,no,no,no,no,no
2930,no,no,yes,no,yes,no,no,no
2931,no,no,yes,no,no,no,no,no
2932,no,no,yes,no,yes,no,no,yes
2933,no,no,no,no,no,no,no,no
2934,no,no,yes,no,yes,no,no,yes
2935,no,no,no,no,no,no,no,no
2936,yes,no,yes,no,yes,no,no,yes
2937,no,no,no,no,no,no,no,no
2938,no,no,yes,no,yes,no,no,yes
2939,no,no,yes,no,yes,no,no,yes
2940,no,no,no,no,yes,no,no,yes
2941,no,no,yes,no,yes,no,no,no
2942,no,no,no,no,no,no,no,no
2943,no,no,no,no,no,no,no,no
2944,no,no,yes,no,no,no,no,no
2945,no,no,yes,no,no,no,no,no
2946,no,no,no,no,no,no,no,no
2947,no,no,no,no,no,no,no,no
2948,no,no,yes,no,no,no,no,yes
2949,no,no,no,no,no,no,no,no
2950,no,no,no,no,no,no,no,no
2951,no,no,no,no,yes,no,no,yes
2952,no,no,no,no,yes,no,no,yes
2953,no,no,no,no,no,no,no,no
2954,no,no,yes,no,yes,no,no,yes
2955,yes,no,no,no,no,no,no,yes
2956,no,no,no,no,no,no,no,no
2957,no,no,no,no,yes,no,no,yes
2958,no,no,yes,no,no,no,no,no
2959,no,no,no,no,no,no,no,no
2960,no,no,yes,no,yes,no,no,yes
2961,no,no,no,no,no,no,no,no
2962,no,no,yes,no,no,no,no,no
2963,no,no,no,no,no,no,no,no
2964,no,no,yes,no,no,no,no,no
2965,no,no,no,no,yes,no,no,yes
2966,no,no,yes,no,yes,no,no,no
2967,no,no,no,no,yes,no,no,yes
2968,no,no,yes,no,yes,no,no,no
2969,no,no,yes,no,yes,no,no,yes
2970,no,no,yes,no,yes,no,no,yes
2971,no,no,no,no,no,no,no,no
2972,no,no,no,no,no,no,no,no
2973,no,no,no,no,no,no,no,no
2974,no,no,yes,no,yes,no,no,no
2975,no,no,yes,no,yes,no,no,no
2976,no,no,no,no,no,no,no,no
2977,no,no,no,no,no,no,no,no
2978,no,no,no,no,no,no,no,no
2979,no,no,no,no,no,no,no,no
2980,no,no,no,no,no,no,yes,no
2981,no,no,no,no,yes,no,no,no
2982,no,no,yes,no,yes,no,no,yes
2983,no,no,yes,no,no,no,no,no
2984,no,no,no,no,no,no,no,no
2985,no,no,yes,no,yes,no,no,yes
2986,no,no,yes,yes,no,yes,yes,no
2987,no,no,no,no,no,no,no,no
2988,no,no,yes,no,yes,no,no,yes
2989,no,no,yes,yes,yes,yes,yes,yes
2990,no,no,no,no,yes,no,no,yes
2991,no,no,yes,no,yes,no,no,no
2992,no,no,no,no,no,no,no,no
2993,no,no,yes,no,yes,no,no,no
2994,no,no,yes,no,yes,no,yes,yes
2995,no,no,no,no,yes,no,no,no
2996,no,no,yes,no,yes,no,no,yes
2997,no,no,yes,no,no,no,no,no
2998,no,no,no,no,yes,no,no,no
2999,no,no,yes,no,no,no,no,no
3000,no,no,no,no,no,no,no,no
3001,no,no,no,no,no,no,no,no
3002,no,no,yes,no,yes,no,no,yes
3003,no,no,no,no,yes,no,no,no
3004,no,no,no,no,no,no,no,no
3005,no,no,yes,no,no,no,no,no
3006,no,yes,yes,no,yes,yes,yes,yes
3007,no,no,yes,no,yes,no,yes,yes
3008,no,no,yes,no,yes,no,no,no
3009,no,no,yes,no,no,no,no,no
3010,no,no,no,no,no,no,no,no
3011,no,no,yes,no,no,no,no,no
3012,no,no,yes,no,no,no,no,no
3013,no,yes,yes,no,no,yes,yes,yes
3014,no,no,yes,no,yes,no,no,yes
3015,no,no,yes,yes,no,yes,yes,no
3016,no,no,yes,yes,yes,yes,yes,yes
3017,no,no,yes,no,no,no,no,no
3018,no,no,yes,no,yes,no,no,yes
3019,no,no,no,no,no,no,no,no
3020,no,no,yes,no,no,no,no,no
3021,no,no,no,no,no,no,no,no
3022,no,no,no,no,no,no,no,no
3023,no,no,no,no,no,no,no,no
3024,yes,no,yes,no,no,no,no,no
3025,no,no,no,no,yes,no,no,no
3026,no,no,no,no,no,no,no,no
3027,no,no,yes,yes,yes,yes,yes,yes
3028,no,no,yes,no,yes,no,no,yes
3029,no,no,yes,no,yes,no,yes,yes
3030,no,no,yes,no,yes,no,no,yes
3031,no,no,no,no,no,no,no,no
3032,no,no,yes,no,yes,no,no,yes
3033,no,no,no,no,no,no,no,no
3034,no,no,yes,no,yes,no,yes,yes
3035,no,no,yes,no,yes,no,no,yes
3036,no,no,no,no,no,no,no,no
3037,no,no,yes,no,no,no,no,no
3038,no,no,no,no,no,no,no,no
3039,no,no,yes,no,yes,no,no,yes
3040,no,no,no,no,no,no,no,no
3041,no,no,yes,no,no,no,no,no
3042,no,no,no,yes,no,yes,yes,yes
3043,no,no,no,no,yes,no,no,yes
3044,no,no,no,no,no,no,no,no
3045,no,no,yes,no,no,no,no,no
3046,no,no,no,no,no,no,no,no
3047,no,no,yes,no,no,no,no,no
3048,no,no,no,no,no,no,no,no
3049,no,no,yes,yes,no,yes,yes,yes
3050,no,no,no,no,no,no,no,no
3051,no,no,no,no,yes,no,no,no
3052,no,no,yes,no,yes,no,no,yes
3053,no,no,yes,no,yes,no,no,yes
3054,no,no,yes,no,yes,no,no,yes
3055,no,no,yes,no,no,no,no,no
3056,no,no,yes,no,yes,no,no,yes
3057,no,no,yes,no,yes,no,no,yes
3058,no,no,no,no,no,no,no,no
3059,no,no,yes,no,no,no,no,no
3060,no,no,no,no,yes,no,no,yes
3061,no,no,yes,no,no,no,no,no
3062,no,no,yes,no,yes,no,no,yes
3063,no,no,yes,no,yes,no,no,yes
3064,no,no,no,no,no,no,no,yes
3065,no,no,yes,no,no,no,no,no
3066,no,no,no,no,yes,no,no,yes
3067,no,no,yes,no,yes,no,no,yes
3068,no,yes,no,no,no,yes,yes,no
3069,no,no,no,no,no,no,no,no
3070,no,no,no,no,no,no,no,no
3071,no,no,no,no,yes,no,no,yes
3072,no,no,no,no,no,no,no,no
3073,no,no,no,no,no,no,no,yes
3074,no,no,no,no,yes,no,no,yes
3075,no,no,yes,no,no,no,no,no
3076,no,no,no,no,no,no,no,no
3077,no,no,yes,no,no,no,no,no
3078,no,no,no,no,no,no,no,no
3079,no,no,yes,no,no,no,no,no
3080,no,no,no,no,no,no,no,no
3081,no,no,no,no,no,no,no,no
3082,no,no,yes,no,no,no,no,no
3083,no,no,yes,no,no,no,no,no
3084,no,no,yes,no,yes,no,no,yes
3085,no,no,no,no,yes,no,no,yes
3086,no,no,yes,no,no,no,no,no
3087,no,no,no,no,no,no,no,no
3088,no,no,no,no,no,no,no,yes
3089,no,no,no,no,no,no,no,no
3090,no,no,no,no,no,no,no,no
3091,no,no,no,no,no,no,no,no
3092,no,no,yes,no,yes,no,no,yes
3093,no,no,yes,no,no,no,no,no
3094,no,no,yes,no,yes,no,no,yes
3095,no,no,yes,no,no,no,no,no
3096,no,no,yes,yes,yes,yes,yes,yes
3097,no,no,yes,no,yes,no,no,yes
3098,no,no,yes,yes,yes,yes,yes,yes
3099,no,no,yes,no,yes,no,no,yes
3100,no,no,no,no,no,no,no,no
3101,no,no,no,no,yes,no,no,yes
3102,no,no,no,no,no,no,no,no
3103,no,no,no,no,no,no,no,no
3104,no,no,yes,no,no,no,no,no
3105,no,no,yes,no,yes,no,no,no
3106,no,no,yes,no,yes,no,no,yes
3107,no,no,yes,no,no,no,no,no
3108,no,no,yes,no,yes,no,no,yes
3109,no,no,no,no,yes,no,no,yes
3110,no,no,no,no,no,no,no,no
3111,no,no,yes,no,yes,no,no,yes
3112,no,no,yes,no,yes,no,no,yes
3113,no,no,no,no,no,no,no,no
3114,no,no,yes,no,yes,no,no,yes
3115,no,no,yes,no,yes,no,no,yes
3116,no,no,yes,no,no,no,no,no
3117,no,no,no,no,yes,no,no,yes
3118,no,no,yes,no,yes,no,no,yes
3119,no,no,no,no,no,no,no,no
3120,no,no,no,no,yes,no,no,no
3121,no,no,yes,no,no,no,no,no
3122,no,no,yes,no,yes,no,no,yes
3123,no,no,yes,no,no,no,no,no
3124,no,no,no,no,no,no,no,no
3125,no,no,no,no,yes,no,no,no
3126,no,no,yes,no,no,no,no,no
3127,no,no,no,no,no,no,no,no
3128,no,no,yes,yes,yes,yes,no,no
3129,no,no,yes,no,yes,no,no,yes
3130,no,no,no,no,yes,no,no,yes
3131,no,no,yes,no,no,no,no,no
3132,no,no,yes,yes,yes,yes,yes,no
3133,no,no,yes,no,yes,no,yes,yes
3134,no,no,no,no,no,no,no,no
3135,no,no,yes,no,no,no,no,no
3136,no,no,yes,no,yes,no,no,no
3137,no,no,yes,no,yes,no,no,yes
3138,no,no,no,no,yes,no,no,yes
3139,no,no,no,no,yes,no,no,yes
3140,no,no,yes,no,no,no,no,no
3141,no,no,no,no,no,no,no,no
3142,no,no,no,no,no,no,no,no
3143,no,no,no,no,no,no,no,no
3144,no,no,yes,no,yes,no,yes,yes
3145,no,no,no,no,no,no,no,no
3146,no,no,no,no,no,no,no,no
3147,no,no,no,no,no,no,no,no
3148,no,no,yes,no,no,no,yes,no
3149,no,no,yes,no,no,no,yes,no
3150,no,no,no,no,no,no,no,no
3151,no,no,no,no,no,no,no,no
3152,no,no,no,no,no,no,no,no
3153,no,no,yes,no,no,no,no,no
3154,no,no,yes,no,yes,no,yes,yes
3155,no,no,yes,no,yes,no,no,yes
3156,no,no,no,no,no,no,no,no
3157,no,no,yes,no,no,no,no,no
3158,no,no,no,no,no,no,no,no
3159,no,no,no,no,no,no,no,no
3160,no,no,yes,no,no,no,no,no
3161,no,no,no,no,yes,no,no,yes
3162,no,no,no,no,no,no,no,yes
3163,no,no,no,no,yes,no,yes,yes
3164,no,no,yes,no,no,no,no,no
3165,no,no,no,no,yes,no,no,yes
3166,no,no,yes,yes,yes,yes,yes,yes
3167,no,no,no,no,yes,no,no,no
3168,no,no,no,yes,no,yes,yes,yes
3169,no,yes,no,no,yes,yes,yes,yes
3170,no,no,no,no,no,no,no,yes
3171,no,no,no,no,yes,no,no,yes
3172,no,no,yes,no,yes,no,no,yes
3173,no,no,yes,no,yes,no,no,no
3174,no,no,yes,no,yes,no,no,yes
3175,no,no,no,no,no,no,no,no
3176,no,no,no,no,yes,no,no,yes
3177,no,no,yes,no,yes,no,no,yes
3178,no,no,yes,no,yes,no,no,yes
3179,no,no,no,no,yes,no,yes,yes
3180,no,no,yes,no,no,no,no,yes
3181,no,no,no,no,no,no,no,no
3182,no,no,no,no,no,no,no,no
3183,no,no,yes,no,no,no,no,no
3184,no,no,yes,no,no,no,yes,yes
3185,no,no,no,no,yes,no,yes,yes
3186,no,no,no,no,no,no,no,no
3187,no,no,yes,no,yes,no,no,no
3188,no,no,yes,no,yes,no,no,yes
3189,no,no,no,no,no,no,no,no
3190,no,no,yes,no,no,no,no,no
3191,no,no,yes,no,no,no,no,no
3192,no,no,yes,yes,yes,yes,yes,yes
3193,no,no,no,no,no,no,no,no
3194,no,no,yes,no,yes,no,no,yes
3195,no,no,yes,no,yes,no,no,no
3196,no,no,no,no,yes,no,no,yes
3197,no,no,no,no,no,no,no,no
3198,no,no,no,no,yes,no,no,yes
3199,no,no,yes,no,yes,no,no,yes
3200,no,no,no,no,yes,no,no,yes
3201,no,no,no,no,yes,no,no,no
3202,no,no,yes,no,no,no,no,no
3203,no,no,yes,no,yes,no,no,yes
3204,no,no,no,no,no,no,no,no
3205,no,no,yes,no,no,no,no,no
3206,no,no,no,no,no,no,no,no
3207,no,no,no,no,no,no,no,no
3208,no,no,no,no,no,no,no,no
3209,no,no,yes,no,yes,no,no,yes
3210,no,no,no,no,no,no,no,no
3211,no,no,no,no,no,no,no,no
3212,no,no,yes,no,yes,no,no,yes
3213,no,no,no,no,no,no,no,yes
3214,no,no,no,no,yes,no,no,yes
3215,no,no,yes,no,no,no,no,no
3216,no,no,no,no,no,no,no,no
3217,no,no,no,no,no,no,no,no
3218,no,no,no,no,no,no,no,no
3219,no,no,no,no,no,no,no,yes
3220,no,no,no,no,no,no,no,no
3221,no,no,no,no,yes,no,no,no
3222,no,no,no,no,yes,no,no,no
3223,no,no,yes,no,yes,no,no,yes
3224,no,no,no,no,no,no,no,no
3225,no,no,no,no,yes,no,yes,yes
3226,no,no,no,no,no,no,no,no
3227,no,no,yes,yes,no,yes,yes,yes
3228,no,no,yes,no,yes,no,no,no
3229,no,no,no,no,no,no,no,no
3230,no,no,yes,no,no,no,no,no
3231,no,no,yes,no,yes,no,no,yes
3232,no,no,yes,no,yes,no,no,yes
3233,no,no,no,no,yes,no,no,yes
3234,no,no,yes,no,yes,no,no,yes
3235,no,no,no,no,yes,no,no,yes
3236,no,no,yes,no,no,no,no,no
3237,no,no,yes,no,yes,no,no,no
3238,no,no,no,no,no,no,no,no
3239,no,no,yes,no,yes,no,no,yes
3240,no,no,yes,no,no,no,no,no
3241,no,no,yes,no,yes,no,no,yes
3242,no,no,no,no,yes,no,no,yes
3243,no,no,no,no,no,no,no,no
3244,no,no,yes,no,yes,no,no,no
3245,no,no,yes,no,no,no,no,yes
3246,no,no,no,no,no,no,no,no
3247,no,no,no,no,no,no,no,no
3248,no,no,yes,no,no,no,no,no
3249,no,no,yes,no,no,no,no,yes
3250,no,no,yes,no,yes,no,no,no
3251,no,no,no,no,no,no,no,no
3252,no,no,yes,no,no,no,no,no
3253,no,no,no,no,no,no,no,yes
3254,no,no,yes,no,no,no,no,no
3255,no,no,no,no,no,no,no,no
3256,no,no,yes,no,yes,no,no,yes
3257,no,no,no,no,yes,no,no,yes
3258,no,no,no,no,no,no,no,no
3259,no,no,no,no,yes,no,no,yes
3260,no,no,no,no,yes,no,no,yes
3261,no,no,yes,no,no,no,no,no
3262,no,no,yes,no,no,no,no,no
3263,no,no,no,no,no,no,no,no
3264,no,no,yes,no,yes,no,no,yes
3265,no,no,yes,no,no,no,yes,no
3266,no,no,yes,no,no,no,no,no
3267,no,no,no,no,yes,no,no,yes
3268,no,no,no,no,no,no,no,yes
3269,no,no,no,no,no,no,no,no
3270,no,no,yes,no,yes,no,no,yes
3271,no,no,no,no,no,no,no,no
3272,no,no,no,no,no,no,no,no
3273,no,no,yes,no,yes,no,no,yes
3274,no,no,no,no,no,no,no,no
3275,no,no,no,no,no,no,no,no
3276,no,no,yes,no,yes,no,no,yes
3277,no,no,no,no,no,no,no,no
3278,no,no,yes,no,no,no,no,no
3279,no,no,no,no,no,no,no,no
3280,no,no,yes,yes,no,yes,yes,yes
3281,no,no,yes,no,no,no,no,no
3282,no,no,no,no,no,no,no,no
3283,no,no,no,no,no,no,no,yes
3284,no,no,yes,no,yes,no,no,yes
3285,yes,no,yes,no,yes,no,no,yes
3286,no,no,no,no,no,no,no,no
3287,no,no,yes,no,yes,no,no,no
3288,no,no,yes,no,yes,no,no,yes
3289,no,no,no,no,no,no,no,no
3290,no,no,yes,no,no,no,no,no
3291,no,no,yes,no,no,no,no,no
3292,no,no,yes,no,no,no,no,no
3293,no,no,yes,no,no,no,no,yes
3294,no,no,no,no,no,no,no,no
3295,no,no,no,no,no,no,no,no
3296,no,no,no,no,yes,no,no,yes
3297,no,no,yes,no,no,no,no,no
3298,no,no,yes,no,yes,no,no,yes
3299,no,no,no,no,no,no,no,no
3300,no,no,no,no,no,no,no,no
3301,no,no,no,no,no,no,no,no
3302,no,no,no,no,no,no,no,no
3303,no,no,no,no,yes,no,no,no
3304,no,no,no,no,no,no,no,no
3305,no,no,yes,no,yes,no,yes,yes
3306,no,no,yes,no,no,no,no,no
3307,no,no,no,no,no,no,no,no
3308,no,no,yes,no,yes,no,no,yes
3309,no,no,no,no,yes,no,no,yes
3310,no,no,no,no,yes,no,no,yes
3311,no,no,no,no,yes,no,no,yes
3312,no,no,yes,no,no,no,no,no
3313,no,no,no,no,no,no,no,no
3314,yes,no,yes,no,no,no,no,no
3315,no,no,no,no,no,no,no,no
3316,no,no,yes,no,no,no,no,no
3317,no,no,yes,no,yes,no,no,no
3318,no,no,yes,no,no,no,no,yes
3319,no,no,yes,no,no,no,no,no
3320,no,no,no,no,no,no,no,no
3321,no,no,no,no,no,no,no,no
3322,yes,no,no,no,yes,no,no,yes
3323,no,no,no,no,no,no,no,no
3324,no,no,no,no,no,no,no,no
3325,no,no,yes,no,yes,no,no,no
3326,no,no,no,no,no,no,no,yes
3327,no,no,yes,no,yes,no,no,yes
3328,no,no,yes,no,yes,no,no,yes
3329,no,no,yes,no,no,no,no,no
3330,no,no,yes,no,yes,no,no,yes
3331,no,no,no,no,no,no,no,no
3332,no,no,yes,no,yes,no,no,yes
3333,no,no,no,no,no,no,no,no
3334,no,no,yes,no,no,no,no,no
3335,no,no,yes,no,yes,no,no,yes
3336,no,no,no,no,yes,no,no,no
3337,no,no,no,no,no,no,no,no
3338,no,no,yes,no,yes,no,no,yes
3339,no,no,yes,no,no,no,no,no
3340,no,no,no,no,no,no,no,no
3341,no,no,no,no,yes,no,no,yes
3342,no,no,yes,no,yes,no,no,yes
3343,no,no,no,no,no,no,no,no
3344,no,no,yes,no,no,no,no,no
3345,no,no,yes,no,yes,no,no,yes
3346,no,no,no,no,yes,no,no,yes
3347,no,no,no,no,yes,no,no,no
3348,no,no,yes,no,no,no,no,no
3349,no,no,no,no,yes,no,no,yes
3350,no,no,yes,yes,yes,yes,yes,yes
3351,no,no,yes,no,yes,no,no,no
3352,no,no,no,no,no,no,yes,no
3353,no,no,no,no,yes,no,no,yes
3354,no,no,no,no,yes,no,no,yes
3355,no,no,no,no,yes,no,no,no
3356,no,no,no,no,yes,no,no,yes
3357,no,no,no,no,no,no,no,no
3358,no,no,yes,no,yes,no,no,yes
3359,no,no,yes,no,no,no,no,no
3360,no,no,yes,no,yes,no,no,yes
3361,no,no,yes,no,yes,no,no,yes
3362,no,no,yes,no,no,no,no,yes
3363,no,no,yes,yes,yes,yes,yes,yes
3364,no,no,no,no,yes,no,no,no
3365,no,no,no,no,no,no,yes,no
3366,no,no,yes,no,no,no,no,no
3367,no,no,no,no,no,no,no,no
3368,no,no,no,no,yes,no,no,yes
3369,no,no,no,no,no,no,no,no
3370,no,no,no,no,no,no,no,no
3371,no,yes,no,no,yes,yes,yes,yes
3372,no,no,yes,no,yes,no,no,no
3373,no,no,yes,no,yes,no,no,yes
3374,no,no,no,no,no,no,no,no
3375,no,no,yes,no,yes,no,no,yes
3376,no,no,no,no,no,no,no,no
3377,no,no,no,no,yes,no,no,yes
3378,no,no,yes,no,no,no,no,no
3379,no,no,yes,no,yes,no,no,no
3380,no,no,no,no,yes,no,no,no
3381,no,no,no,no,no,no,no,no
3382,no,no,no,no,no,no,no,no
3383,no,no,yes,yes,no,yes,yes,no
3384,no,no,yes,no,yes,no,no,yes
3385,no,no,yes,no,yes,no,no,yes
3386,no,no,yes,no,no,no,no,no
3387,no,no,no,no,no,no,no,no
3388,no,no,no,no,no,no,no,no
3389,no,no,no,no,yes,no,no,yes
3390,no,no,yes,no,no,no,no,no
3391,no,no,yes,no,yes,no,no,yes
3392,no,no,yes,no,yes,no,no,no
3393,yes,no,yes,no,yes,no,no,yes
3394,no,no,no,no,yes,no,no,yes
3395,no,no,no,no,no,no,no,yes
3396,no,no,no,no,no,no,no,yes
3397,no,no,no,no,yes,no,no,yes
3398,no,no,no,no,no,no,no,no
3399,no,no,yes,no,no,no,no,no
3400,no,no,no,no,yes,no,no,yes
3401,no,no,yes,no,yes,no,yes,yes
3402,no,no,yes,no,yes,no,no,yes
3403,no,no,yes,no,yes,no,no,yes
3404,no,no,yes,no,yes,no,no,no
3405,no,no,no,no,yes,no,no,yes
3406,no,no,no,no,no,no,no,no
3407,no,no,no,no,no,no,no,no
3408,no,no,yes,yes,yes,yes,yes,yes
3409,no,no,yes,yes,no,yes,yes,yes
3410,no,no,yes,no,no,no,no,no
3411,no,no,no,no,no,no,no,no
3412,yes,no,yes,yes,no,yes,yes,yes
3413,no,no,no,no,no,no,no,no
3414,no,no,yes,no,yes,no,no,yes
3415,no,no,no,no,no,no,yes,no
3416,no,no,no,no,no,no,no,no
3417,no,no,yes,no,no,no,no,no
3418,no,no,yes,no,no,no,no,no
3419,no,no,no,no,yes,no,yes,yes
3420,no,no,no,no,no,no,no,no
3421,no,no,no,no,no,no,no,no
3422,no,no,no,no,yes,no,no,no
3423,no,no,no,no,no,no,no,yes
3424,no,no,no,no,no,no,no,yes
3425,no,no,yes,no,yes,no,no,yes
3426,no,no,no,no,yes,no,no,yes
3427,no,no,no,no,no,no,no,no
3428,no,no,yes,yes,yes,yes,yes,yes
3429,no,no,no,no,yes,no,no,yes
3430,no,no,yes,no,no,no,no,no
3431,no,no,yes,yes,yes,yes,yes,yes
3432,no,no,no,no,no,no,no,no
3433,no,no,no,no,no,no,no,no
3434,no,no,yes,yes,no,yes,yes,yes
3435,no,no,no,no,yes,no,no,yes
3436,no,no,yes,no,yes,no,no,no
3437,no,no,yes,no,yes,no,no,yes
3438,no,no,yes,no,yes,no,no,yes
3439,no,no,no,no,no,no,no,no
3440,no,no,no,no,yes,no,no,yes
3441,no,no,yes,no,yes,no,no,no
3442,no,no,no,no,no,no,yes,no
3443,no,no,no,no,no,no,no,no
3444,no,no,yes,no,yes,no,no,yes
3445,no,no,yes,no,yes,no,no,yes
3446,no,no,no,no,yes,no,no,yes
3447,no,no,no,no,no,no,no,no
3448,no,no,no,no,no,no,no,no
3449,no,no,yes,no,yes,no,no,yes
3450,no,no,no,no,no,no,no,no
3451,no,no,yes,no,no,no,yes,no
3452,no,no,no,no,no,no,no,no
3453,no,no,yes,no,yes,no,no,yes
3454,no,no,no,no,no,no,no,no
3455,no,no,yes,no,yes,no,no,yes
3456,no,no,no,no,no,no,no,no
3457,no,no,no,no,yes,no,no,yes
3458,no,no,yes,no,yes,no,no,yes
3459,no,no,no,no,yes,no,no,yes
3460,no,no,yes,no,no,no,no,yes
3461,no,no,no,no,no,no,no,no
3462,no,no,yes,no,yes,no,no,no
3463,no,no,yes,no,yes,no,no,no
3464,no,no,yes,no,no,no,no,no
3465,no,no,no,no,no,no,no,no
3466,no,no,yes,no,yes,no,no,no
3467,no,no,no,no,yes,no,no,yes
3468,yes,no,no,no,no,no,no,no
3469,no,no,yes,no,yes,no,yes,yes
3470,no,no,no,no,yes,no,no,yes
3471,no,no,no,no,yes,no,yes,yes
3472,no,no,yes,no,no,no,no,yes
3473,no,no,yes,no,yes,no,no,yes
3474,no,no,yes,no,yes,no,no,yes
3475,no,no,no,no,no,no,no,no
3476,no,no,no,no,yes,no,no,yes
3477,no,no,no,no,no,no,no,no
3478,no,no,no,no,no,no,no,no
3479,no,no,yes,no,no,no,no,no
3480,no,no,yes,no,yes,no,no,yes
3481,no,no,yes,no,yes,no,no,yes
3482,no,no,yes,no,yes,no,no,yes
3483,no,no,no,no,no,no,no,no
3484,no,no,no,no,yes,no,no,yes
3485,no,no,no,no,yes,no,no,yes
3486,no,no,no,no,yes,no,no,no
3487,no,no,yes,no,yes,no,no,yes
3488,no,no,yes,no,yes,no,no,yes
3489,no,no,no,no,yes,no,yes,yes
3490,no,no,yes,no,no,no,yes,no
3491,no,no,no,no,yes,no,no,no
3492,no,no,no,no,yes,no,no,yes
3493,no,no,no,no,no,no,no,no
3494,yes,no,yes,no,yes,no,no,yes
3495,no,no,yes,yes,yes,yes,yes,yes
3496,no,no,no,no,no,no,no,no
3497,no,no,no,no,no,no,yes,no
3498,no,no,yes,no,no,no,no,no
3499,no,no,yes,no,no,no,no,no
3500,no,no,no,no,yes,no,no,yes
3501,no,no,no,no,no,no,no,no
3502,no,no,no,no,no,no,no,no
3503,no,no,yes,no,yes,no,no,yes
3504,no,no,no,no,no,no,no,no
3505,no,no,yes,no,yes,no,no,yes
3506,no,no,no,no,no,no,no,no
3507,yes,no,yes,yes,no,yes,yes,no
3508,no,no,no,no,no,no,no,no
3509,no,no,yes,no,no,no,yes,no
3510,no,no,no,no,no,no,no,no
3511,no,no,yes,no,yes,no,no,no
3512,no,no,yes,yes,no,yes,yes,yes
3513,no,no,no,no,no,no,no,yes
3514,no,no,no,no,no,no,no,no
3515,no,no,yes,no,no,no,no,yes
3516,no,no,yes,no,yes,no,no,yes
3517,no,no,yes,no,no,no,no,no
3518,no,no,no,no,no,no,no,no
3519,no,no,yes,no,yes,no,no,yes
3520,no,no,no,no,yes,no,no,yes
3521,no,no,no,no,no,no,no,yes
3522,no,no,no,no,no,no,no,no
3523,no,no,no,no,yes,no,no,yes
3524,no,no,no,no,no,no,no,no
3525,no,no,yes,no,no,no,yes,no
3526,no,no,yes,no,no,no,no,no
3527,no,no,no,no,no,no,no,yes
3528,no,no,no,no,no,no,no,no
3529,no,no,yes,no,no,no,no,no
3530,no,no,no,no,no,no,no,no
3531,no,no,yes,no,no,no,no,no
3532,no,no,yes,yes,no,yes,yes,yes
3533,no,no,no,no,yes,no,no,no
3534,no,no,no,no,no,no,no,no
3535,no,no,no,no,no,no,no,no
3536,no,no,no,no,no,no,no,no
3537,no,no,no,no,no,no,no,no
3538,no,no,no,no,no,no,no,no
3539,no,no,no,no,yes,no,no,yes
3540,no,no,no,yes,no,yes,yes,no
3541,no,no,no,no,no,no,no,no
3542,no,no,yes,no,no,no,no,no
3543,no,no,yes,no,yes,no,no,yes
3544,no,no,no,no,yes,no,no,yes
3545,no,no,yes,no,yes,no,no,yes
3546,no,no,yes,no,yes,no,yes,yes
3547,no,no,yes,yes,yes,yes,yes,yes
3548,no,no,no,no,no,no,no,no
3549,no,no,yes,no,yes,no,no,yes
3550,no,no,yes,no,no,no,no,no
3551,no,no,no,no,yes,no,no,yes
3552,no,no,no,no,no,no,no,no
3553,no,no,no,no,no,no,no,no
3554,no,no,no,no,no,no,no,no
3555,no,no,no,no,yes,no,no,yes
3556,no,no,yes,no,yes,no,no,no
3557,no,no,yes,no,yes,no,no,yes
3558,no,no,yes,no,yes,no,no,yes
3559,no,no,no,no,no,no,no,no
3560,no,no,no,yes,no,yes,yes,yes
3561,no,no,yes,no,yes,no,no,yes
3562,no,no,yes,no,no,no,no,no
3563,no,no,no,no,no,no,no,no
3564,no,no,yes,no,no,no,no,yes
3565,no,no,no,no,no,no,no,no
3566,no,no,no,no,no,no,no,no
3567,no,no,yes,no,no,no,no,no
3568,yes,no,no,no,no,no,no,no
3569,no,no,yes,no,yes,no,no,yes
3570,no,no,no,no,no,no,no,no
3571,no,no,yes,no,no,no,no,no
3572,no,no,no,no,no,no,no,no
3573,no,no,no,no,no,no,no,no
3574,no,no,yes,no,yes,no,no,yes
3575,no,no,no,no,no,no,no,no
3576,no,no,yes,no,yes,no,no,yes
3577,no,no,yes,no,yes,no,no,yes
3578,no,no,no,no,no,no,no,no
3579,no,no,no,no,no,no,no,no
3580,no,no,yes,no,yes,no,no,no
3581,no,no,no,no,yes,no,no,yes
3582,no,no,no,no,no,no,no,no
3583,no,no,yes,no,no,no,no,no
3584,no,no,yes,no,yes,no,yes,yes
3585,no,no,no,no,no,no,no,no
3586,no,no,yes,no,yes,no,no,no
3587,no,no,no,no,yes,no,no,yes
3588,no,no,no,no,no,no,no,no
3589,no,no,no,no,yes,no,no,yes
3590,no,no,no,no,no,no,no,no
3591,no,no,no,no,no,no,no,no
3592,no,no,yes,no,yes,no,no,yes
3593,no,no,yes,no,no,no,yes,no
3594,no,no,yes,no,yes,no,no,yes
3595,no,no,yes,yes,yes,yes,yes,yes
3596,no,no,no,no,no,no,no,no
3597,no,no,no,no,no,no,no,no
3598,no,no,yes,no,yes,no,no,no
3599,no,no,no,no,no,no,no,no
3600,no,no,no,no,no,no,no,no
3601,no,no,yes,no,yes,no,no,yes
3602,no,no,yes,no,yes,no,yes,yes
3603,no,no,yes,yes,yes,yes,yes,yes
3604,no,no,no,no,no,no,no,no
3605,no,no,no,no,yes,no,no,yes
3606,no,no,yes,no,no,no,no,yes
3607,no,no,no,no,no,no,no,no
3608,no,no,yes,no,yes,no,no,yes
3609,no,no,yes,no,yes,no,no,yes
3610,no,no,yes,no,yes,no,no,yes
3611,no,no,yes,no,yes,no,no,no
3612,no,no,yes,no,yes,no,no,yes
3613,no,no,yes,no,no,no,no,no
3614,no,no,no,no,yes,no,no,no
3615,no,no,yes,no,no,no,no,yes
3616,no,no,no,no,no,no,no,no
3617,no,no,no,no,no,no,yes,no
3618,no,no,yes,no,yes,no,no,yes
3619,no,no,yes,no,yes,no,no,yes
3620,no,no,yes,no,yes,no,yes,yes
3621,no,no,no,no,no,no,no,no
3622,no,no,no,no,no,no,no,no
3623,no,no,no,no,no,no,no,no
3624,no,no,yes,no,yes,no,no,no
3625,no,no,yes,no,yes,no,no,yes
3626,no,no,yes,no,yes,no,no,yes
3627,no,no,yes,no,yes,no,no,yes
3628,no,no,yes,no,yes,no,no,yes
3629,no,no,no,no,yes,no,no,yes
3630,no,no,yes,no,yes,no,no,no
3631,no,no,yes,no,yes,no,no,yes
3632,no,no,no,no,yes,no,no,no
3633,no,no,yes,no,yes,no,no,yes
3634,no,no,yes,no,yes,no,no,yes
3635,no,no,yes,no,no,no,no,no
3636,no,no,no,no,yes,no,no,yes
3637,no,no,yes,no,yes,no,no,yes
3638,no,no,no,no,no,no,no,no
3639,no,no,yes,no,yes,no,no,yes
3640,no,no,yes,no,no,no,no,no
3641,no,no,yes,no,yes,no,no,yes
3642,no,no,no,no,yes,no,no,yes
3643,no,no,yes,no,yes,no,no,yes
3644,no,no,yes,no,yes,no,no,yes
3645,no,no,no,no,no,no,no,yes
3646,no,no,yes,no,yes,no,no,yes
3647,no,no,no,no,yes,no,no,no
3648,no,no,no,no,no,no,no,yes
3649,no,no,no,no,yes,no,no,no
3650,no,no,yes,yes,yes,yes,yes,yes
3651,no,no,no,no,no,no,no,yes
3652,no,no,no,no,yes,no,no,no
3653,no,no,yes,no,yes,no,no,yes
3654,no,no,yes,no,no,no,no,yes
3655,no,no,yes,no,yes,no,yes,yes
3656,no,no,no,no,no,no,no,no
3657,no,no,no,no,no,no,no,no
3658,no,no,no,no,no,no,no,no
3659,no,no,no,no,yes,no,no,yes
3660,no,no,yes,no,yes,no,no,yes
3661,no,no,no,no,no,no,no,no
3662,no,no,no,no,no,no,no,no
3663,no,no,no,no,no,no,no,no
3664,no,no,yes,no,yes,no,no,yes
3665,no,no,yes,no,yes,no,no,yes
3666,no,no,no,no,yes,no,no,yes
3667,no,no,no,no,no,no,no,no
3668,no,no,yes,no,yes,no,no,yes
3669,no,no,yes,no,no,no,yes,no
3670,no,no,yes,yes,yes,yes,yes,yes
3671,no,no,yes,no,no,no,no,no
3672,no,no,yes,no,yes,no,yes,yes
3673,no,no,yes,no,yes,no,no,yes
3674,no,no,no,no,no,no,no,no
3675,no,no,yes,no,yes,no,no,yes
3676,no,no,no,no,no,no,no,no
3677,no,no,yes,no,yes,no,no,yes
3678,no,no,no,no,yes,no,no,yes
3679,no,no,yes,no,yes,no,no,no
3680,no,no,no,no,no,no,no,no
3681,no,no,no,no,yes,no,no,no
3682,no,no,no,no,yes,no,no,yes
3683,no,no,no,no,no,no,no,no
3684,no,no,yes,yes,yes,yes,no,no
3685,no,no,yes,no,no,no,no,no
3686,no,no,yes,no,no,no,no,no
3687,no,no,yes,no,yes,no,no,yes
3688,no,no,no,no,no,no,no,no
3689,no,no,no,no,no,no,no,no
3690,no,no,no,no,yes,no,no,yes
3691,no,no,no,no,yes,no,no,yes
3692,no,no,yes,no,yes,no,no,yes
3693,no,no,no,no,no,no,no,no
3694,no,no,yes,yes,no,yes,yes,no
3695,no,no,yes,no,yes,no,no,yes
3696,no,no,yes,yes,no,yes,yes,no
3697,no,no,yes,no,yes,no,no,yes
3698,yes,no,yes,no,no,no,no,no
3699,no,no,no,no,no,no,no,no
3700,no,no,yes,no,yes,no,no,no
3701,no,no,yes,no,yes,no,no,yes
3702,no,no,no,no,no,no,no,yes
3703,no,no,no,no,no,no,yes,no
3704,no,no,no,no,no,no,no,no
3705,no,no,no,no,no,no,no,no
3706,no,no,yes,no,no,no,no,no
3707,no,no,no,no,no,no,no,yes
3708,no,no,yes,no,yes,no,no,yes
3709,no,no,no,no,yes,no,no,yes
3710,no,no,yes,no,yes,no,no,no
3711,no,no,no,no,no,no,no,no
3712,no,no,no,no,no,no,no,no
3713,no,no,yes,no,yes,no,no,yes
3714,no,no,no,no,no,no,no,no
3715,no,no,yes,no,yes,no,no,no
3716,no,no,no,no,no,no,no,no
3717,no,no,yes,no,yes,no,no,yes
3718,no,no,yes,no,no,no,no,no
3719,no,no,yes,no,yes,no,no,yes
3720,no,no,yes,no,no,no,no,no
3721,no,no,no,no,no,no,no,no
3722,no,no,yes,no,yes,no,no,no
3723,no,no,yes,no,yes,no,no,yes
3724,no,no,no,no,yes,no,no,yes
3725,no,no,no,no,no,no,no,no
3726,no,no,no,no,yes,no,no,yes
3727,no,no,no,no,no,no,no,no
3728,no,no,no,no,yes,no,no,yes
3729,no,no,no,no,yes,no,no,yes
3730,no,no,yes,no,yes,no,yes,no
3731,no,no,no,no,yes,no,no,yes
3732,no,no,no,no,no,no,no,no
3733,no,no,no,no,no,no,no,no
3734,no,no,no,no,yes,no,no,yes
3735,no,no,no,no,yes,no,no,no
3736,no,no,no,no,no,no,yes,no
3737,no,no,no,no,no,no,no,no
3738,no,no,yes,no,yes,no,no,yes
3739,no,no,yes,no,yes,no,no,yes
3740,no,no,yes,no,yes,no,no,yes
3741,no,no,no,no,yes,no,no,yes
3742,no,no,no,no,no,no,no,no
3743,no,no,yes,no,yes,no,no,yes
3744,no,no,no,no,no,no,no,no
3745,no,no,no,no,no,no,no,no
3746,no,no,no,no,no,no,no,no
3747,no,no,yes,no,no,no,no,no
3748,no,no,yes,no,yes,no,no,yes
3749,no,no,yes,no,yes,no,no,yes
3750,no,no,no,no,no,no,no,no
3751,no,no,no,no,no,no,no,no
3752,no,no,yes,no,no,no,no,no
3753,no,no,yes,no,no,no,no,no
3754,no,no,no,no,no,no,no,no
3755,no,no,no,no,no,no,no,no
3756,no,no,yes,no,yes,no,no,no
3757,no,no,yes,no,yes,no,no,yes
3758,no,no,yes,no,yes,no,no,yes
3759,no,no,yes,no,yes,no,no,yes
3760,no,no,no,no,yes,no,no,yes
3761,no,no,yes,yes,no,yes,yes,yes
3762,no,no,no,no,no,no,yes,no
3763,no,no,yes,no,yes,no,no,yes
3764,no,no,no,no,no,no,no,no
3765,no,no,no,no,yes,no,no,yes
3766,no,no,yes,no,yes,no,no,no
3767,no,no,no,no,yes,no,yes,no
3768,no,no,no,no,no,no,no,no
3769,no,no,yes,no,yes,no,no,yes
3770,no,no,yes,no,no,no,no,yes
3771,no,no,yes,no,yes,no,yes,yes
3772,no,no,no,no,no,no,no,no
3773,no,no,yes,no,yes,no,no,yes
3774,no,no,no,no,no,no,no,yes
3775,no,no,yes,no,no,no,no,no
3776,no,no,no,no,yes,no,no,yes
3777,no,no,yes,no,no,no,no,no
3778,no,no,yes,no,yes,no,no,yes
3779,no,no,yes,no,no,no,no,no
3780,no,no,yes,no,yes,no,no,yes
3781,no,no,no,no,yes,no,no,no
3782,no,no,yes,no,yes,no,no,no
3783,no,no,yes,no,no,no,no,no
3784,no,no,no,no,yes,no,no,no
3785,no,no,no,no,no,no,no,yes
3786,no,no,no,no,no,no,no,no
3787,no,no,no,no,no,no,no,no
3788,no,no,no,no,no,no,no,no
3789,no,no,yes,no,yes,no,no,yes
3790,no,no,yes,no,no,no,no,no
3791,no,no,no,no,yes,no,no,no
3792,no,no,yes,no,yes,no,yes,yes
3793,no,no,yes,no,no,no,no,no
3794,no,no,no,no,no,no,no,no
3795,no,no,no,no,no,no,no,no
3796,no,no,yes,no,yes,no,no,no
3797,no,no,no,no,yes,no,no,yes
3798,no,no,yes,yes,no,yes,yes,yes
3799,no,no,yes,no,yes,no,yes,yes
3800,no,no,yes,no,yes,no,no,yes
3801,no,no,no,no,no,no,no,no
3802,no,no,no,no,yes,no,no,yes
3803,no,no,no,no,no,no,no,no
3804,no,no,yes,no,no,no,no,no
3805,no,no,yes,no,yes,no,no,yes
3806,no,no,no,no,no,no,no,no
3807,no,no,no,no,no,no,no,no
3808,no,no,yes,no,yes,no,no,yes
3809,no,no,no,no,no,no,no,no
3810,no,no,no,no,no,no,no,no
3811,no,no,yes,no,no,no,no,no
3812,no,no,no,no,no,no,no,no
3813,no,no,no,no,no,no,no,no
3814,no,no,no,no,no,no,no,no
3815,no,no,yes,no,no,no,no,no
3816,no,no,yes,no,yes,no,no,yes
3817,no,no,no,no,no,no,no,yes
3818,no,no,yes,no,no,no,no,no
3819,no,no,yes,no,yes,no,no,yes
3820,no,no,yes,no,yes,no,no,yes
3821,no,no,no,no,no,no,no,no
3822,no,no,yes,yes,no,yes,yes,yes
3823,no,no,no,no,no,no,no,no
3824,no,no,yes,no,yes,no,no,yes
3825,no,no,no,no,no,no,no,no
3826,no,no,no,no,no,no,no,yes
3827,no,no,no,no,no,no,no,no
3828,no,no,yes,no,no,no,no,no
3829,no,no,no,no,yes,no,no,no
3830,no,no,no,no,no,no,no,no
3831,no,no,yes,no,yes,no,no,yes
3832,no,no,yes,no,yes,no,no,no
3833,no,no,no,no,no,no,no,no
3834,no,no,no,no,no,no,no,no
3835,no,no,no,no,no,no,no,no
3836,no,no,yes,no,yes,no,no,yes
3837,no,no,yes,no,yes,no,no,yes
3838,no,no,yes,no,yes,no,no,yes
3839,no,no,no,no,no,no,no,no
3840,no,no,no,no,no,no,no,no
3841,no,no,yes,no,no,no,no,yes
3842,no,no,no,no,no,no,no,no
3843,no,no,no,no,yes,no,no,yes
3844,no,no,no,no,no,no,no,no
3845,no,no,no,yes,no,yes,yes,yes
3846,no,no,yes,no,yes,no,no,no
3847,no,no,yes,no,no,no,no,no
3848,no,no,no,no,no,no,no,no
3849,no,no,yes,no,yes,no,no,yes
3850,no,no,no,no,no,no,no,no
3851,no,no,yes,yes,no,yes,yes,yes
3852,no,no,no,no,no,no,no,no
3853,no,no,no,no,yes,no,no,yes
3854,no,no,yes,no,no,no,no,yes
3855,no,no,no,no,no,no,no,no
3856,no,no,no,no,no,no,no,no
3857,no,no,no,no,no,no,no,no
3858,no,no,yes,no,yes,no,no,no
3859,no,no,no,no,yes,no,no,no
3860,no,no,no,no,no,no,no,no
3861,no,no,yes,no,no,no,no,yes
3862,no,no,yes,yes,yes,yes,yes,yes
3863,no,no,no,no,no,no,no,no
3864,no,no,no,no,yes,no,no,yes
3865,no,no,yes,no,yes,no,no,yes
3866,no,no,no,no,yes,no,no,yes
3867,no,no,no,no,no,no,no,no
3868,no,no,yes,no,yes,no,no,no
3869,no,no,no,no,no,no,no,yes
3870,no,no,no,no,no,no,no,no
3871,no,no,yes,no,no,no,no,no
3872,no,no,no,no,no,no,no,no
3873,no,no,yes,yes,yes,yes,yes,yes
3874,no,no,yes,no,yes,no,no,yes
3875,no,no,yes,no,no,no,no,no
3876,no,no,yes,no,no,no,no,yes
3877,no,no,no,no,no,no,no,no
3878,no,no,yes,no,yes,no,no,no
3879,no,no,yes,no,no,no,no,no
3880,no,no,yes,no,yes,no,no,yes
3881,no,no,yes,no,yes,no,no,yes
3882,no,no,no,no,no,no,no,no
3883,no,no,no,no,yes,no,no,yes
3884,no,no,yes,no,yes,no,no,yes
3885,no,no,yes,no,yes,no,no,yes
3886,no,no,yes,no,no,no,no,no
3887,no,no,no,no,yes,no,no,no
3888,no,no,no,no,no,no,no,no
3889,no,no,no,no,yes,no,no,yes
3890,no,no,no,no,no,no,no,no
3891,no,no,yes,no,yes,no,no,yes
3892,no,no,no,no,yes,no,no,yes
3893,no,no,no,no,no,no,no,yes
3894,no,no,no,no,no,no,no,no
3895,no,no,yes,no,no,no,no,no
3896,no,no,no,no,no,no,yes,no
3897,no,no,no,no,no,no,no,no
3898,no,no,yes,no,no,no,no,no
3899,no,no,no,no,no,no,no,no
3900,no,no,no,no,yes,no,no,yes
3901,no,no,yes,no,yes,no,no,no
3902,no,no,yes,no,no,no,no,no
3903,no,no,yes,no,no,no,no,no
3904,no,no,no,no,no,no,no,no
3905,no,no,yes,no,yes,no,no,yes
3906,no,no,no,no,yes,no,no,yes
3907,no,no,yes,no,yes,no,no,yes
3908,no,no,yes,no,yes,no,no,no
3909,no,no,yes,yes,yes,yes,yes,yes
3910,no,no,yes,no,yes,no,no,yes
3911,no,no,yes,no,yes,no,no,yes
3912,no,no,no,no,no,no,no,no
3913,no,no,no,no,no,no,no,no
3914,no,no,no,no,no,no,no,no
3915,no,no,no,no,yes,no,no,yes
3916,no,no,no,no,no,no,no,no
3917,no,no,no,no,no,no,no,no
3918,no,no,yes,no,yes,no,no,yes
3919,no,no,yes,no,yes,no,no,yes
3920,no,no,yes,no,yes,no,no,yes
3921,no,no,yes,no,no,no,no,no
3922,no,no,yes,no,no,no,no,yes
3923,no,no,yes,no,yes,no,yes,no
3924,no,no,yes,no,no,no,no,no
3925,no,no,yes,no,no,no,no,no
3926,no,no,yes,no,no,no,no,no
3927,no,no,yes,yes,yes,yes,yes,yes
3928,no,no,no,no,no,no,no,no
3929,no,no,no,no,no,no,no,no
3930,no,no,yes,no,yes,no,no,yes
3931,no,no,yes,no,yes,no,no,yes
3932,no,no,yes,yes,no,yes,yes,yes
3933,no,no,yes,no,yes,no,no,yes
3934,no,no,yes,no,no,no,no,no
3935,no,no,yes,no,yes,no,no,yes
3936,no,no,no,no,no,no,no,no
3937,no,no,yes,no,no,no,no,no
3938,no,no,yes,no,yes,no,no,yes
3939,no,no,yes,no,yes,no,no,no
3940,no,no,no,no,no,no,no,no
3941,no,no,yes,no,no,no,no,no
3942,no,no,yes,yes,no,yes,no,no
3943,no,no,no,no,no,no,no,no
3944,no,no,yes,no,no,no,no,no
3945,no,no,no,no,no,no,no,no
3946,no,no,no,no,yes,no,no,yes
3947,no,no,yes,no,yes,no,no,yes
3948,no,no,no,no,no,no,no,no
3949,no,no,yes,no,yes,no,no,no
3950,no,no,yes,no,no,no,no,no
3951,no,no,no,no,no,no,no,no
3952,no,no,no,no,no,no,no,no
3953,no,no,yes,yes,yes,yes,yes,yes
3954,no,no,yes,no,yes,no,no,no
3955,no,no,no,no,no,no,no,no
3956,no,no,yes,no,yes,no,no,yes
3957,no,no,no,no,yes,no,no,yes
3958,no,no,yes,no,yes,no,no,yes
3959,no,no,yes,no,no,no,no,no
3960,no,no,no,no,no,no,no,yes
3961,no,no,no,no,no,no,no,no
3962,no,no,yes,no,no,no,no,no
3963,no,no,yes,no,yes,no,no,yes
3964,no,no,yes,no,yes,no,no,yes
3965,no,no,no,no,no,no,no,yes
3966,no,no,no,no,no,no,no,no
3967,no,no,no,no,yes,no,no,yes
3968,no,no,no,no,no,no,no,no
3969,no,no,yes,no,no,no,no,no
3970,no,no,yes,no,no,no,no,no
3971,no,no,yes,yes,no,yes,yes,yes
3972,no,no,no,no,no,no,yes,no
3973,no,no,no,no,yes,no,no,yes
3974,no,no,yes,no,no,no,no,no
3975,no,no,yes,no,yes,no,no,yes
3976,no,no,no,no,no,no,no,no
3977,no,no,no,no,yes,no,yes,yes
3978,no,no,no,no,yes,no,no,yes
3979,no,no,yes,no,yes,no,no,yes
3980,no,no,yes,no,yes,no,no,yes
3981,no,no,no,no,no,no,no,no
3982,no,no,yes,no,yes,no,no,no
3983,no,no,yes,no,yes,no,no,yes
3984,no,no,no,no,no,no,no,no
3985,no,no,no,no,no,no,no,no
3986,no,no,yes,no,yes,no,no,no
3987,no,no,yes,yes,yes,yes,yes,yes
3988,no,no,yes,no,no,no,no,no
3989,no,no,yes,no,yes,no,no,no
3990,no,no,yes,no,yes,no,no,no
3991,no,no,yes,no,yes,no,no,yes
3992,no,no,no,no,no,no,no,no
3993,no,no,no,no,no,no,no,no
3994,no,no,no,no,no,no,no,no
3995,no,no,no,no,no,no,no,no
3996,no,no,yes,no,no,no,no,no
3997,no,no,yes,no,yes,no,yes,yes
3998,no,no,yes,no,no,no,no,no
3999,no,no,no,no,no,no,no,no
4000,no,no,no,no,yes,no,no,yes
4001,no,no,no,no,yes,no,no,yes
4002,no,no,yes,no,no,no,no,no
4003,no,no,yes,no,yes,no,no,no
4004,no,no,yes,no,yes,no,no,yes
4005,no,no,yes,no,yes,no,no,yes
4006,no,no,yes,no,no,no,no,no
4007,no,no,yes,no,no,no,yes,yes
4008,no,no,yes,yes,no,yes,yes,yes
4009,no,no,no,no,no,no,no,no
4010,no,no,no,no,no,no,no,no
4011,no,no,yes,no,no,no,no,no
4012,no,no,yes,yes,yes,yes,yes,yes
4013,no,no,no,no,yes,no,no,yes
4014,no,no,yes,no,yes,no,no,yes
4015,no,no,yes,no,yes,no,no,no
4016,no,no,no,no,no,no,no,no
4017,no,no,yes,no,yes,no,no,yes
4018,no,no,no,no,no,no,no,yes
4019,no,no,yes,no,no,no,no,no
4020,no,no,no,no,no,no,no,no
4021,no,no,no,no,yes,no,yes,yes
4022,no,no,yes,no,no,no,no,no
4023,no,no,no,no,no,no,no,no
4024,no,no,yes,no,yes,no,no,yes
4025,no,no,yes,no,no,no,no,no
4026,no,no,yes,no,no,no,no,no
4027,no,no,yes,no,yes,no,no,yes
4028,no,no,yes,no,yes,no,no,no
4029,no,no,no,no,yes,no,no,no
4030,no,no,no,no,no,no,no,no
4031,no,no,yes,yes,no,yes,yes,no
4032,no,no,no,no,no,no,yes,no
4033,no,no,no,no,no,no,no,no
4034,no,no,yes,no,no,no,no,no
4035,no,no,yes,yes,yes,yes,yes,yes
4036,no,no,yes,yes,yes,yes,yes,yes
4037,no,no,yes,no,no,no,no,no
4038,no,no,no,no,no,no,no,no
4039,no,no,yes,no,no,no,no,no
4040,no,no,no,no,no,no,no,no
4041,no,no,yes,no,no,no,no,no
4042,no,no,yes,no,yes,no,no,yes
4043,no,no,no,no,no,no,no,no
4044,no,no,yes,no,no,no,no,no
4045,no,no,yes,yes,no,yes,yes,yes
4046,no,no,no,no,no,no,no,no
4047,no,no,yes,no,no,no,no,no
4048,no,no,yes,no,yes,no,no,yes
4049,no,no,yes,no,no,no,no,yes
4050,no,no,yes,no,no,no,no,no
4051,no,no,yes,no,no,no,no,no
4052,no,no,no,no,no,no,no,no
4053,no,no,yes,yes,no,yes,yes,yes
4054,no,no,yes,no,yes,no,no,no
4055,no,no,yes,no,no,no,no,no
4056,no,no,no,no,no,no,no,yes
4057,no,no,no,no,no,no,no,no
4058,no,no,no,no,yes,no,no,yes
4059,no,no,no,no,no,no,no,no
4060,no,no,no,no,no,no,no,no
4061,no,no,no,no,no,no,no,no
4062,no,no,yes,no,yes,no,no,no
4063,no,no,yes,no,no,no,no,no
4064,no,no,no,no,yes,no,no,no
4065,no,no,no,no,no,no,no,no
4066,no,no,no,no,no,no,no,no
4067,no,no,yes,no,yes,no,no,yes
4068,no,no,no,no,no,no,yes,no
4069,no,no,yes,no,yes,no,no,yes
4070,no,no,yes,no,no,no,no,no
4071,no,no,no,no,no,no,no,no
4072,no,no,yes,yes,no,yes,yes,yes
4073,no,no,yes,no,yes,no,no,yes
4074,no,no,no,no,no,no,yes,no
4075,no,no,no,no,no,no,no,no
4076,no,no,no,no,no,no,no,no
4077,no,no,yes,no,no,no,no,no
4078,no,no,no,no,yes,no,no,yes
4079,no,no,no,no,yes,no,no,yes
4080,no,no,yes,no,yes,no,no,yes
4081,no,no,yes,no,yes,no,no,yes
4082,no,no,no,no,yes,no,no,yes
4083,no,no,no,no,no,no,no,no
4084,no,no,yes,no,no,no,no,no
4085,no,no,yes,no,yes,no,no,yes
4086,no,no,no,no,no,no,no,no
4087,no,no,no,no,no,no,no,no
4088,no,no,yes,no,yes,no,no,yes
4089,no,no,yes,no,yes,no,no,yes
4090,no,no,yes,no,yes,no,no,no
4091,no,no,no,no,yes,no,no,yes
4092,no,no,yes,no,yes,no,no,no
4093,no,no,no,no,no,no,no,no
4094,no,no,yes,no,yes,no,no,no
4095,no,no,yes,no,yes,no,no,yes
4096,no,no,no,no,no,no,no,no
4097,no,no,yes,no,no,no,no,no
4098,no,no,yes,no,yes,no,no,no
4099,no,no,yes,no,yes,no,no,yes
4100,no,no,no,no,yes,no,no,yes
4101,no,no,no,no,no,no,no,no
4102,no,no,yes,no,no,no,no,yes
4103,no,no,yes,no,yes,no,no,yes
4104,no,no,no,no,no,no,no,no
4105,no,no,no,no,no,no,no,no
4106,no,no,no,no,no,no,no,no
4107,no,no,no,no,yes,no,no,yes
4108,no,no,no,no,no,no,no,no
4109,no,no,yes,no,no,no,no,no
4110,no,no,no,no,no,no,no,no
4111,no,no,yes,no,yes,no,no,no
4112,no,no,no,no,no,no,no,no
4113,no,no,no,no,no,no,no,no
4114,no,no,yes,yes,yes,yes,yes,no
4115,no,no,no,no,no,no,no,no
4116,no,no,yes,no,no,no,no,no
4117,no,no,yes,no,yes,no,no,yes
4118,no,no,yes,no,yes,no,no,yes
4119,no,no,yes,no,yes,no,no,yes
4120,no,no,yes,no,yes,no,yes,yes
4121,no,no,no,no,no,no,no,no
4122,no,no,no,no,yes,no,no,yes
4123,no,no,yes,no,no,no,no,no
4124,no,no,no,no,no,no,no,no
4125,no,no,yes,no,yes,no,no,yes
4126,no,no,yes,no,yes,no,no,yes
4127,no,no,no,no,no,no,no,no
4128,no,no,no,no,yes,no,no,no
4129,no,no,no,no,no,no,no,no
4130,no,no,yes,no,no,no,no,no
4131,no,no,no,no,no,no,no,no
4132,no,no,yes,no,yes,no,no,no
4133,no,no,no,no,no,no,no,no
4134,no,no,yes,no,yes,no,no,yes
4135,no,no,no,no,yes,no,no,yes
4136,no,no,no,no,yes,no,no,yes
4137,no,no,yes,no,yes,no,no,yes
4138,no,no,yes,no,no,no,no,yes
4139,no,no,yes,no,no,no,no,no
4140,no,no,no,no,no,no,yes,no
4141,no,no,yes,no,yes,no,no,yes
4142,no,no,no,no,no,no,no,no
4143,no,no,yes,yes,yes,yes,yes,yes
4144,no,no,no,no,yes,no,no,yes
4145,no,no,no,no,yes,no,no,yes
4146,no,no,no,no,yes,no,no,no
4147,no,no,yes,no,yes,no,no,yes
4148,no,no,no,no,no,no,no,no
4149,no,no,no,no,yes,no,no,no
4150,no,no,yes,no,no,no,no,no
4151,no,no,yes,no,yes,no,no,yes
4152,no,no,no,no,yes,no,no,yes
4153,no,no,no,no,no,no,no,no
4154,no,no,yes,no,yes,no,no,no
4155,no,no,yes,no,yes,no,no,yes
4156,no,no,no,no,yes,no,no,no
4157,no,no,yes,no,yes,no,yes,yes
4158,no,no,no,no,no,no,no,no
4159,no,no,yes,no,yes,no,no,yes
4160,no,no,yes,no,no,no,no,no
4161,no,no,yes,no,yes,no,no,yes
4162,no,no,yes,no,no,no,no,no
4163,no,no,yes,no,no,no,no,no
4164,no,no,yes,no,no,no,no,no
4165,no,no,no,no,no,no,no,no
4166,no,no,yes,no,yes,no,no,no
4167,no,no,no,no,yes,no,no,yes
4168,no,no,no,no,no,no,no,no
4169,no,no,no,no,yes,no,no,yes
4170,no,no,yes,no,no,no,no,no
4171,yes,no,no,no,no,no,no,no
4172,no,no,no,no,yes,no,no,yes
4173,no,no,no,no,yes,no,no,yes
4174,no,no,no,no,no,no,no,no
4175,no,no,no,no,yes,no,no,yes
4176,no,no,yes,no,no,no,no,no
4177,no,no,yes,no,yes,no,no,yes
4178,no,no,yes,no,no,no,no,no
4179,no,no,yes,no,no,no,no,no
4180,no,no,yes,no,yes,no,no,yes
4181,no,no,no,no,yes,no,no,no
4182,no,no,no,no,no,no,no,no
4183,no,no,no,no,no,no,no,no
4184,no,no,yes,no,no,no,no,no
4185,no,no,yes,no,yes,no,no,yes
4186,no,no,yes,no,no,no,no,no
4187,no,no,no,no,yes,no,no,yes
4188,no,no,yes,no,yes,no,no,yes
4189,no,yes,yes,no,yes,yes,yes,yes
4190,no,no,no,no,yes,no,no,no
4191,no,no,yes,no,yes,no,no,yes
4192,no,no,no,no,yes,no,no,no
4193,no,no,no,no,yes,no,no,yes
4194,no,no,yes,no,yes,no,no,yes
4195,no,no,yes,no,no,no,no,no
4196,no,no,yes,no,yes,no,no,yes
4197,no,no,no,no,no,no,no,no
4198,no,no,no,no,yes,no,no,yes
4199,no,no,yes,no,yes,no,no,yes
4200,no,no,yes,no,yes,no,no,no
4201,no,no,yes,no,yes,no,no,no
4202,no,no,no,no,yes,no,no,yes
4203,no,no,yes,no,no,no,no,yes
4204,no,no,yes,no,yes,no,no,no
4205,no,no,yes,yes,yes,yes,yes,yes
4206,no,no,no,no,no,no,no,no
4207,no,no,yes,no,no,no,no,no
4208,yes,no,yes,no,yes,no,no,yes
4209,no,no,no,no,no,no,no,no
4210,no,no,no,no,no,no,no,no
4211,no,no,yes,no,yes,no,no,yes
4212,no,no,no,no,no,no,no,no
4213,no,no,yes,no,yes,no,no,yes
4214,no,no,no,no,no,no,no,no
4215,no,no,yes,no,no,no,no,no
4216,no,no,yes,no,yes,no,no,yes
4217,no,no,no,no,yes,no,no,yes
4218,no,no,no,no,yes,no,no,yes
4219,no,no,yes,no,yes,no,no,yes
4220,no,no,no,no,no,no,no,yes
4221,no,no,yes,no,no,no,no,no
4222,no,no,yes,no,no,no,no,no
4223,no,no,no,no,no,no,no,no
4224,no,no,no,no,no,no,no,no
4225,no,no,yes,no,yes,no,no,no
4226,no,no,yes,no,yes,no,no,yes
4227,no,no,yes,no,yes,no,no,no
4228,no,no,yes,no,yes,no,no,no
4229,no,no,yes,no,yes,no,no,no
4230,no,no,no,no,yes,no,no,yes
4231,no,no,no,no,no,no,no,no
4232,no,no,no,no,yes,no,no,yes
4233,no,no,no,no,no,no,no,no
4234,no,no,no,no,no,no,no,no
4235,no,no,no,no,no,no,no,no
4236,no,no,yes,no,yes,no,no,yes
4237,no,no,yes,no,yes,no,yes,no
4238,no,no,no,no,no,no,no,no
4239,no,no,no,no,yes,no,no,yes
4240,no,no,no,no,no,no,no,no
4241,no,no,no,no,no,no,no,no
4242,no,no,yes,no,yes,no,no,yes
4243,no,no,yes,no,yes,no,no,yes
4244,no,no,no,no,no,no,no,yes
4245,no,no,yes,no,yes,no,no,yes
4246,no,no,yes,no,yes,no,no,yes
4247,no,no,yes,no,no,no,no,no
4248,no,no,no,no,no,no,no,no
4249,no,no,yes,no,no,no,no,no
4250,no,no,no,no,no,no,no,no
4251,no,no,no,no,yes,no,no,no
4252,no,no,yes,no,no,no,no,no
4253,no,no,no,no,no,no,no,no
4254,no,no,yes,no,yes,no,no,yes
4255,no,no,no,no,yes,no,yes,yes
4256,no,no,yes,no,yes,no,no,yes
4257,no,no,no,no,no,no,no,no
4258,no,no,no,no,yes,no,no,yes
4259,no,no,yes,no,yes,no,no,yes
4260,no,no,no,no,yes,no,no,no
4261,no,no,no,no,no,no,no,no
4262,no,no,no,no,yes,no,no,yes
4263,no,no,yes,no,no,no,no,no
4264,no,no,yes,yes,no,yes,yes,yes
4265,no,no,no,no,yes,no,no,yes
4266,no,no,no,no,no,no,no,no
4267,no,no,yes,no,yes,no,no,yes
4268,no,no,yes,no,yes,no,no,yes
4269,no,no,no,no,yes,no,no,yes
4270,no,no,no,no,no,no,no,no
4271,yes,no,yes,no,no,no,no,no
4272,no,no,yes,no,yes,no,no,yes
4273,no,no,yes,no,no,no,no,no
4274,no,no,yes,no,yes,no,no,yes
4275,no,no,no,no,no,no,no,no
4276,no,no,no,no,no,no,no,no
4277,no,no,no,no,no,no,no,no
4278,no,no,no,no,no,no,yes,yes
4279,no,no,yes,no,no,no,no,no
4280,no,no,yes,no,yes,no,no,yes
4281,no,no,yes,no,yes,no,no,yes
4282,no,no,yes,no,yes,no,no,no
4283,no,no,yes,no,yes,no,no,yes
4284,no,no,yes,no,no,no,no,no
4285,no,no,no,no,no,no,no,no
4286,no,no,yes,no,yes,no,no,no
4287,no,no,yes,yes,yes,yes,yes,yes
4288,no,no,yes,no,yes,no,no,yes
4289,no,no,no,no,no,no,yes,no
4290,no,no,no,no,no,no,no,no
4291,no,no,yes,no,no,no,no,no
4292,no,no,yes,no,no,no,no,no
4293,no,no,no,no,no,no,no,no
4294,no,no,no,no,no,no,no,no
4295,no,no,no,no,no,no,no,yes
4296,no,no,yes,no,yes,no,no,yes
4297,no,no,yes,no,yes,no,no,no
4298,no,no,yes,no,yes,no,no,yes
4299,no,no,yes,no,yes,no,no,yes
4300,no,no,yes,no,yes,no,no,yes
4301,no,no,yes,no,yes,no,no,yes
4302,no,no,no,no,no,no,no,no
4303,no,no,yes,no,yes,no,no,yes
4304,no,no,no,no,no,no,no,no
4305,no,no,no,no,no,no,no,no
4306,no,no,no,no,no,no,no,no
4307,no,no,no,no,no,no,no,no
4308,no,no,no,no,no,no,no,no
4309,no,no,yes,no,no,no,no,no
4310,no,no,no,no,no,no,no,no
4311,no,no,yes,no,no,no,no,no
4312,no,no,yes,no,yes,no,no,yes
4313,no,no,yes,no,yes,no,no,yes
4314,no,no,no,no,no,no,no,no
4315,no,no,no,no,no,no,no,no
4316,no,no,no,no,yes,no,no,yes
4317,no,no,yes,no,yes,no,no,no
4318,no,no,yes,yes,no,yes,yes,no
4319,no,no,yes,no,yes,no,no,yes
4320,no,no,no,no,no,no,no,no
4321,no,no,no,no,yes,no,no,yes
4322,no,no,no,no,no,no,no,no
4323,no,no,yes,no,yes,no,no,yes
4324,no,no,no,no,yes,no,no,yes
4325,no,no,yes,no,yes,no,no,yes
4326,no,no,no,no,no,no,no,no
4327,no,no,yes,yes,yes,yes,yes,yes
4328,no,no,no,no,no,no,no,no
4329,no,no,yes,no,yes,no,no,yes
4330,no,no,yes,no,yes,no,no,yes
4331,no,no,yes,no,no,no,no,no
4332,no,no,yes,no,no,no,no,yes
4333,no,no,yes,no,no,no,no,no
4334,no,no,yes,no,yes,no,no,no
4335,no,no,no,no,yes,no,no,yes
4336,no,no,no,no,no,no,no,no
4337,no,no,yes,no,yes,no,no,no
4338,no,no,no,no,no,no,no,no
4339,no,no,yes,no,no,no,no,no
4340,no,no,no,no,yes,no,no,no
4341,no,no,yes,no,no,no,no,yes
4342,no,no,no,no,yes,no,no,yes
4343,no,no,yes,yes,yes,yes,yes,yes
4344,no,no,no,no,no,no,no,no
4345,no,no,yes,no,yes,no,no,no
4346,no,no,no,no,no,no,no,no
4347,no,no,no,no,yes,no,no,yes
4348,no,no,yes,no,yes,no,no,no
4349,no,no,no,no,no,no,no,no
4350,no,no,no,no,yes,no,no,yes
4351,no,no,yes,no,yes,no,no,no
4352,no,no,yes,no,yes,no,no,no
4353,no,no,no,no,no,no,no,yes
4354,no,no,yes,no,yes,no,no,no
4355,no,no,no,no,yes,no,no,yes
4356,no,no,no,no,no,no,no,no
4357,no,no,no,no,no,no,yes,no
4358,no,no,no,no,no,no,no,no
4359,no,no,no,no,no,no,no,no
4360,no,no,yes,no,no,no,no,no
4361,no,no,yes,no,no,no,no,no
4362,no,no,yes,no,yes,no,no,yes
4363,no,no,no,no,yes,no,no,yes
4364,no,no,yes,no,yes,no,no,no
4365,no,no,yes,no,no,no,no,yes
4366,no,no,no,no,no,no,no,no
4367,no,no,yes,no,yes,no,no,no
4368,no,no,no,no,no,no,no,no
4369,no,no,no,no,yes,no,no,yes
4370,no,no,yes,no,yes,no,no,no
4371,no,no,no,no,no,no,no,no
4372,no,no,no,no,no,no,no,yes
4373,no,no,no,no,no,no,no,no
4374,no,no,no,no,yes,no,no,yes
4375,no,no,no,no,no,no,no,no
4376,no,no,no,no,no,no,no,no
4377,no,no,no,no,no,no,no,no
4378,no,no,no,no,no,no,no,no
4379,no,no,yes,no,yes,no,yes,no
4380,no,no,yes,no,no,no,no,yes
4381,no,no,no,no,no,no,no,no
4382,no,no,yes,no,no,no,no,no
4383,no,no,yes,no,yes,no,no,yes
4384,no,no,yes,no,yes,no,no,yes
4385,no,no,no,no,no,no,no,no
4386,no,no,no,no,yes,no,no,no
4387,no,no,yes,no,no,no,no,no
4388,no,no,yes,yes,yes,yes,yes,no
4389,no,no,yes,no,no,no,no,no
4390,no,no,no,no,no,no,no,no
4391,no,no,yes,no,yes,no,no,yes
4392,no,no,yes,no,yes,no,no,yes
4393,no,no,yes,no,no,no,no,yes
4394,no,no,yes,no,yes,no,no,yes
4395,no,no,no,no,no,no,no,no
4396,no,no,no,no,yes,no,no,yes
4397,no,no,yes,no,no,no,no,no
4398,no,no,no,no,yes,no,no,yes
4399,no,no,yes,no,yes,no,no,yes
4400,no,no,no,no,no,no,no,no
4401,no,no,yes,no,yes,no,no,yes
4402,no,no,yes,no,no,no,no,no
4403,no,no,yes,no,no,no,no,no
4404,no,no,no,no,no,no,no,no
4405,no,no,no,no,no,no,no,no
4406,no,no,yes,no,no,no,no,no
4407,no,no,yes,no,yes,no,no,yes
4408,no,no,yes,no,no,no,no,no
4409,no,no,no,no,yes,no,no,yes
4410,no,no,yes,no,no,no,no,yes
4411,no,no,yes,no,yes,no,no,yes
4412,no,no,no,no,yes,no,no,no
4413,no,no,no,no,no,no,no,no
4414,no,no,yes,no,yes,no,no,yes
4415,no,no,yes,no,yes,no,no,no
4416,no,no,yes,no,no,no,no,no
4417,no,no,yes,yes,yes,yes,yes,no
4418,no,no,yes,no,no,no,no,no
4419,no,no,no,no,no,no,no,no
4420,no,no,no,no,no,no,no,no
4421,no,no,no,no,no,no,no,no
4422,no,no,no,no,no,no,no,no
4423,no,no,no,no,no,no,no,no
4424,no,no,yes,no,no,no,no,no
4425,no,no,yes,no,yes,no,no,yes
4426,no,no,yes,no,yes,no,no,yes
4427,no,no,no,no,no,no,no,no
4428,no,no,no,no,no,no,no,yes
4429,no,no,yes,no,yes,no,no,yes
4430,no,no,no,no,no,no,no,yes
4431,no,no,no,no,no,no,no,no
4432,no,no,yes,no,yes,no,no,yes
4433,no,no,yes,no,yes,no,no,yes
4434,no,no,no,no,yes,no,no,yes
4435,no,no,yes,no,yes,no,no,yes
4436,no,no,no,no,no,no,no,no
4437,no,no,no,no,yes,no,no,yes
4438,no,no,no,no,no,no,no,no
4439,no,no,yes,no,yes,no,no,no
4440,no,no,yes,no,no,no,no,no
4441,no,no,no,no,no,no,no,no
4442,no,no,yes,no,yes,no,no,yes
4443,no,no,no,no,no,no,no,no
4444,no,no,yes,yes,no,yes,yes,no
4445,no,no,yes,no,yes,no,no,yes
4446,no,no,no,no,no,no,no,no
4447,no,no,yes,no,yes,no,no,yes
4448,no,no,yes,no,no,no,no,no
4449,no,no,yes,no,yes,no,no,yes
4450,no,no,no,no,yes,no,no,yes
4451,no,no,yes,no,no,no,no,no
4452,no,no,no,no,no,no,no,no
4453,no,no,yes,yes,yes,yes,yes,yes
4454,no,no,yes,no,yes,no,no,no
4455,no,no,no,no,yes,no,no,no
4456,no,no,yes,no,yes,no,no,yes
4457,no,no,no,no,yes,no,no,no
4458,no,no,yes,no,yes,no,no,yes
4459,no,no,yes,no,yes,no,no,no
4460,no,no,yes,yes,no,yes,yes,no
4461,no,no,yes,no,no,no,no,no
4462,no,no,yes,no,yes,no,no,no
4463,no,no,yes,yes,no,yes,yes,yes
4464,no,no,no,no,yes,no,no,yes
4465,no,no,yes,yes,no,yes,yes,yes
4466,no,no,yes,no,no,no,no,no
4467,no,no,yes,no,yes,no,no,yes
4468,no,no,yes,no,no,no,no,no
4469,no,no,yes,no,yes,no,no,yes
4470,no,no,yes,no,yes,no,no,yes
4471,no,no,yes,no,no,no,no,no
4472,no,no,no,no,no,no,no,no
4473,no,no,yes,no,no,no,no,no
4474,no,no,yes,no,yes,no,yes,no
4475,no,no,no,no,no,no,no,no
4476,no,no,yes,no,yes,no,no,yes
4477,no,yes,yes,no,yes,yes,yes,yes
4478,no,no,yes,no,no,no,no,no
4479,no,no,no,no,yes,no,no,yes
4480,no,no,no,no,yes,no,no,yes
4481,no,no,yes,no,yes,no,no,yes
4482,no,no,yes,no,yes,no,no,no
4483,no,no,no,no,no,no,no,no
4484,no,no,yes,no,yes,no,no,yes
4485,no,no,yes,no,no,no,yes,no
4486,no,no,yes,no,no,no,no,no
4487,no,no,yes,no,no,no,no,no
4488,no,no,yes,no,no,no,no,no
4489,no,no,yes,no,no,no,no,no
4490,no,no,yes,yes,yes,yes,yes,yes
4491,no,no,no,no,no,no,no,no
4492,no,no,yes,no,no,no,no,yes
4493,no,no,no,no,no,no,no,no
4494,no,no,yes,no,no,no,no,no
4495,no,no,yes,no,yes,no,no,yes
4496,no,no,yes,no,no,no,no,no
4497,no,no,yes,no,yes,no,no,yes
4498,no,no,yes,no,no,no,no,no
4499,no,no,yes,no,yes,no,no,no
4500,no,no,no,no,no,no,no,yes
4501,no,no,no,no,yes,no,no,yes
4502,no,no,yes,no,yes,no,no,yes
4503,no,no,yes,yes,yes,yes,yes,yes
4504,no,no,yes,no,yes,no,no,yes
4505,no,no,no,no,no,no,no,no
4506,no,no,no,no,yes,no,no,yes
4507,no,no,yes,no,yes,no,no,yes
4508,no,no,no,no,no,no,no,no
4509,no,no,no,no,yes,no,no,yes
4510,no,no,yes,no,no,no,no,no
4511,no,no,yes,no,yes,no,no,yes
4512,no,no,yes,no,yes,no,no,yes
4513,no,no,no,no,no,no,no,no
4514,no,no,no,no,no,no,no,no
4515,no,no,no,no,yes,no,no,no
4516,no,no,no,no,yes,no,no,yes
4517,no,no,yes,no,yes,no,no,yes
4518,no,no,yes,no,no,no,no,no
4519,no,no,yes,no,yes,no,no,yes
4520,no,no,yes,yes,yes,yes,yes,yes
4521,no,no,yes,no,yes,no,no,no
4522,no,no,no,no,no,no,no,no
4523,no,no,no,no,no,no,no,no
4524,no,no,yes,yes,yes,yes,yes,yes
4525,no,no,no,no,no,no,no,no
4526,no,no,no,no,no,no,no,no
4527,no,no,no,no,no,no,no,no
4528,no,no,no,no,yes,no,no,yes
4529,no,no,no,no,no,no,no,no
4530,no,no,no,no,no,no,no,no
4531,no,no,no,no,no,no,no,no
4532,no,no,yes,no,no,no,no,no
4533,no,no,yes,no,yes,no,no,yes
4534,no,no,yes,no,yes,no,no,no
4535,no,no,yes,yes,yes,yes,yes,yes
4536,no,no,no,no,no,no,no,no
4537,no,no,yes,no,yes,no,no,yes
4538,no,no,no,no,yes,no,no,no
4539,no,no,yes,no,yes,no,no,yes
4540,no,no,no,no,yes,no,no,yes
4541,no,no,yes,yes,no,yes,yes,yes
4542,no,no,yes,no,yes,no,no,no
4543,no,no,yes,no,yes,no,no,yes
4544,no,no,yes,no,yes,no,no,yes
4545,no,no,yes,no,yes,no,no,yes
4546,no,no,no,no,yes,no,no,yes
4547,no,no,no,no,no,no,no,yes
4548,no,no,yes,no,yes,no,no,yes
4549,no,no,yes,no,no,no,no,no
4550,no,no,yes,no,yes,no,no,yes
4551,no,no,yes,no,yes,no,no,yes
4552,no,no,no,no,no,no,no,no
4553,no,no,no,no,yes,no,no,yes
4554,no,no,yes,no,yes,no,no,yes
4555,no,no,yes,no,yes,no,no,yes
4556,no,no,no,no,yes,no,no,yes
4557,no,no,no,no,no,no,no,no
4558,no,no,yes,no,no,no,no,no
4559,no,no,yes,no,yes,no,no,yes
4560,no,no,yes,no,yes,no,no,yes
4561,no,no,no,no,no,no,no,no
4562,no,no,yes,no,yes,no,no,yes
4563,no,no,yes,no,yes,no,yes,yes
4564,no,no,yes,no,yes,no,yes,no
4565,no,no,no,no,no,no,no,no
4566,no,no,no,no,yes,no,no,no
4567,no,no,no,no,no,no,no,no
4568,no,no,yes,no,no,no,yes,no
4569,no,no,no,no,yes,no,yes,yes
4570,no,no,no,no,yes,no,yes,yes
4571,no,no,no,no,no,no,no,no
4572,no,no,no,no,no,no,no,no
4573,no,no,yes,no,no,no,no,no
4574,no,no,no,no,no,no,no,yes
4575,no,no,no,no,yes,no,no,yes
4576,no,no,no,no,yes,no,no,yes
4577,no,no,yes,no,yes,no,no,no
4578,no,no,no,no,yes,no,no,yes
4579,no,no,yes,no,no,no,no,no
4580,no,no,yes,no,yes,no,no,yes
4581,no,no,no,no,no,no,no,no
4582,no,no,no,no,no,no,no,no
4583,no,no,no,no,no,no,no,yes
4584,no,no,no,no,yes,no,no,yes
4585,no,no,no,no,no,no,yes,no
4586,no,no,yes,no,yes,no,no,no
4587,no,no,no,no,yes,no,no,yes
4588,no,no,yes,no,yes,no,no,no
4589,no,no,yes,no,yes,no,no,yes
4590,no,no,yes,no,no,no,no,no
4591,no,no,no,no,yes,no,no,yes
4592,no,no,yes,no,no,no,no,no
4593,no,yes,no,no,no,yes,yes,no
4594,no,no,yes,no,yes,no,no,yes
4595,no,no,yes,yes,yes,yes,yes,yes
4596,no,no,yes,no,no,no,no,no
4597,no,no,no,no,no,no,no,no
4598,no,no,no,no,no,no,no,no
4599,no,no,no,no,no,no,no,no
4600,no,no,no,no,no,no,no,no
4601,no,no,no,no,no,no,no,no
4602,no,no,yes,no,yes,no,no,yes
4603,no,no,no,no,no,no,no,no
4604,no,no,yes,no,no,no,no,no
4605,no,no,yes,no,no,no,no,no
4606,no,no,yes,no,no,no,no,no
4607,no,no,no,no,no,no,no,no
4608,no,no,yes,no,yes,no,no,yes
4609,no,no,no,no,no,no,no,no
4610,no,no,no,no,yes,no,no,yes
4611,no,no,no,no,no,no,no,no
4612,no,no,no,no,no,no,no,no
4613,no,no,yes,no,no,no,no,yes
4614,no,no,no,no,no,no,no,no
4615,no,no,no,no,no,no,no,no
4616,no,no,no,no,no,no,no,no
4617,no,no,yes,no,yes,no,no,yes
4618,no,no,no,no,no,no,no,no
4619,no,no,no,no,no,no,no,no
4620,no,no,yes,no,yes,no,no,no
4621,yes,no,yes,no,yes,no,no,no
4622,no,no,no,no,no,no,no,no
4623,no,no,yes,no,no,no,yes,no
4624,no,no,yes,no,yes,no,no,no
4625,no,no,no,no,no,no,no,no
4626,no,no,yes,no,yes,no,no,yes
4627,no,no,no,no,no,no,yes,no
4628,no,no,yes,no,no,no,no,no
4629,no,no,yes,no,yes,no,yes,yes
4630,no,no,no,no,no,no,no,no
4631,no,no,no,no,no,no,no,no
4632,no,no,yes,no,yes,no,no,yes
4633,no,no,no,no,no,no,no,no
4634,no,no,yes,no,yes,no,no,yes
4635,no,no,yes,no,no,no,no,no
4636,no,no,yes,no,yes,no,no,yes
4637,no,yes,yes,no,no,yes,no,no
4638,no,no,yes,no,no,no,no,no
4639,no,no,yes,no,no,no,no,no
4640,no,no,no,no,yes,no,no,yes
4641,no,no,yes,no,yes,no,no,yes
4642,no,no,no,no,no,no,yes,no
4643,no,no,yes,no,yes,no,no,yes
4644,no,no,yes,no,yes,no,no,no
4645,no,no,yes,yes,no,yes,yes,yes
4646,no,no,no,no,no,no,no,no
4647,no,no,yes,no,no,no,no,yes
4648,no,no,yes,no,yes,no,no,yes
4649,no,no,yes,no,no,no,yes,no
4650,no,no,yes,no,yes,no,no,yes
4651,no,no,yes,no,no,no,no,no
4652,no,no,yes,no,yes,no,no,yes
4653,no,no,yes,yes,no,yes,yes,yes
4654,no,no,yes,no,yes,no,no,yes
4655,no,no,no,no,yes,no,no,yes
4656,no,no,yes,no,yes,no,no,no
4657,no,no,no,no,yes,no,no,yes
4658,no,no,no,no,no,no,yes,no
4659,no,no,yes,no,no,no,no,no
4660,no,no,no,no,yes,no,no,yes
4661,no,no,no,no,no,no,no,no
4662,no,no,yes,no,yes,no,no,yes
4663,no,no,yes,no,no,no,no,no
4664,no,no,no,no,no,no,no,no
4665,no,no,yes,yes,no,yes,yes,yes
4666,no,no,yes,no,no,no,no,yes
4667,no,no,yes,no,no,no,no,no
4668,no,no,yes,no,yes,no,no,yes
4669,no,no,no,no,no,no,no,no
4670,no,no,no,no,yes,no,no,yes
4671,no,no,no,no,yes,no,no,yes
4672,no,no,no,no,no,no,no,no
4673,no,no,no,no,no,no,no,no
4674,no,no,no,no,yes,no,no,yes
4675,no,no,no,no,no,no,no,no
4676,no,no,no,no,no,no,no,no
4677,no,no,yes,no,yes,no,no,yes
4678,no,no,no,no,no,no,no,no
4679,no,no,yes,no,yes,no,no,yes
4680,no,no,no,no,no,no,no,no
4681,no,no,yes,no,no,no,no,no
4682,no,no,yes,no,no,no,no,no
4683,no,no,yes,no,no,no,no,no
4684,no,no,no,no,no,no,no,no
4685,no,no,yes,yes,no,yes,yes,yes
4686,no,no,no,no,yes,no,no,yes
4687,no,no,no,no,no,no,no,no
4688,no,no,yes,no,no,no,no,no
4689,no,no,yes,no,yes,no,no,yes
4690,no,no,yes,no,yes,no,no,no
4691,no,no,no,no,no,no,no,no
4692,no,no,no,no,no,no,yes,no
4693,no,no,yes,no,yes,no,no,yes
4694,no,no,no,no,yes,no,no,yes
4695,no,no,yes,no,yes,no,no,no
4696,no,no,yes,yes,yes,yes,yes,yes
4697,no,no,no,no,no,no,no,no
4698,no,no,yes,no,yes,no,no,yes
4699,no,no,no,no,yes,no,no,yes
4700,no,no,no,no,no,no,no,no
4701,no,no,yes,no,yes,no,no,yes
4702,no,no,no,no,no,no,no,no
4703,no,no,no,no,no,no,no,no
4704,yes,no,yes,no,yes,no,no,yes
4705,no,no,yes,no,yes,no,no,yes
4706,no,no,yes,no,no,no,no,yes
4707,no,no,yes,no,yes,no,no,no
4708,no,no,yes,no,no,no,no,no
4709,no,no,yes,no,yes,no,no,no
4710,no,no,yes,no,no,no,no,yes
4711,no,no,no,no,no,no,no,no
4712,no,no,yes,no,yes,no,no,yes
4713,no,no,no,no,yes,no,no,yes
4714,no,no,no,no,no,no,no,no
4715,no,no,yes,no,no,no,no,no
4716,no,no,no,no,no,no,no,no
4717,no,no,yes,no,yes,no,no,yes
4718,no,no,yes,no,no,no,no,no
4719,no,no,no,no,no,no,no,no
4720,no,no,yes,yes,no,yes,yes,yes
4721,no,no,yes,yes,no,yes,yes,yes
4722,no,no,no,no,no,no,no,no
4723,no,no,yes,no,yes,no,no,yes
4724,no,no,yes,no,yes,no,no,yes
4725,no,no,no,no,no,no,no,no
4726,no,no,no,no,yes,no,no,yes
4727,no,yes,no,no,no,yes,yes,yes
4728,no,no,no,no,no,no,no,no
4729,no,no,yes,no,yes,no,no,yes
4730,no,no,yes,no,yes,no,no,no
4731,no,no,yes,no,yes,no,no,yes
4732,no,no,no,no,no,no,no,no
4733,no,no,yes,no,yes,no,no,yes
4734,no,no,yes,no,yes,no,no,no
4735,no,no,no,no,no,no,no,yes
4736,no,no,no,no,no,no,no,no
4737,no,no,yes,no,yes,no,no,yes
4738,no,no,yes,no,yes,no,no,yes
4739,no,no,no,no,yes,no,no,yes
4740,no,no,yes,no,no,no,no,no
4741,no,no,no,no,no,no,no,no
4742,no,no,yes,no,yes,no,no,yes
4743,no,no,yes,no,no,no,no,no
4744,no,no,no,no,no,no,no,no
4745,no,no,yes,no,no,no,no,no
4746,no,no,no,no,no,no,no,no
4747,no,no,yes,no,yes,no,no,yes
4748,no,no,no,no,no,no,no,no
4749,no,no,yes,no,yes,no,no,yes
4750,no,no,yes,no,no,no,no,no
4751,no,no,no,no,no,no,no,no
4752,yes,no,yes,no,no,no,no,no
4753,no,no,no,no,no,no,no,no
4754,no,no,no,no,no,no,no,no
4755,no,no,no,no,no,no,no,no
4756,no,no,no,no,yes,no,no,yes
4757,no,no,yes,yes,no,yes,yes,no
4758,no,no,yes,no,yes,no,no,yes
4759,no,no,yes,no,yes,no,no,yes
4760,no,no,yes,no,no,no,no,no
4761,no,no,yes,no,yes,no,no,yes
4762,no,no,no,no,no,no,no,no
4763,no,no,yes,no,no,no,no,yes
4764,no,no,yes,yes,yes,yes,yes,yes
4765,no,no,yes,no,yes,no,no,yes
4766,yes,no,no,no,no,no,no,yes
4767,no,no,no,no,no,no,no,no
4768,no,no,yes,no,yes,no,yes,yes
4769,no,no,no,no,no,no,no,no
4770,no,no,yes,no,yes,no,no,no
4771,no,no,no,no,no,no,no,no
4772,no,no,no,no,yes,no,no,yes
4773,no,no,yes,no,yes,no,no,yes
4774,no,no,yes,no,no,no,no,no
4775,no,no,no,no,no,no,no,no
4776,no,no,no,no,no,no,no,no
4777,no,no,no,no,no,no,no,yes
4778,no,no,yes,no,no,no,no,no
4779,no,no,no,no,no,no,no,no
4780,no,no,yes,no,yes,no,no,yes
4781,no,no,yes,no,yes,no,no,yes
4782,no,no,yes,no,yes,no,no,yes
4783,no,no,no,no,no,no,no,yes
4784,no,no,yes,no,yes,no,no,yes
4785,no,no,yes,no,no,no,no,no
4786,no,no,no,no,no,no,no,no
4787,no,no,no,no,no,no,no,no
4788,no,no,no,no,no,no,no,no
4789,no,no,no,no,no,no,no,no
4790,no,no,no,no,no,no,yes,no
4791,no,no,no,no,no,no,no,no
4792,no,no,yes,no,yes,no,no,yes
4793,no,no,yes,no,no,no,no,no
4794,no,no,no,no,no,no,no,no
4795,no,no,no,no,no,no,no,no
4796,no,no,yes,no,yes,no,yes,yes
4797,no,no,no,no,no,no,no,no
4798,no,no,yes,no,yes,no,no,yes
4799,no,no,no,no,no,no,no,no
4800,no,no,no,no,no,no,no,no
4801,no,no,yes,no,no,no,no,no
4802,no,no,yes,no,no,no,no,no
4803,no,no,yes,no,yes,no,yes,no
4804,no,no,no,no,no,no,no,no
4805,no,no,yes,no,yes,no,no,yes
4806,no,no,no,no,yes,no,no,yes
4807,no,no,no,no,no,no,no,no
4808,no,no,yes,no,no,no,no,no
4809,no,no,no,no,no,no,no,no
4810,no,no,no,no,no,no,no,no
4811,no,no,no,no,no,no,yes,no
4812,no,no,no,no,no,no,no,yes
4813,no,no,yes,yes,no,yes,yes,yes
4814,no,no,yes,no,yes,no,no,yes
4815,no,no,no,no,no,no,no,no
4816,no,no,no,no,no,no,no,no
4817,no,no,no,no,no,no,no,no
4818,no,no,yes,no,yes,no,no,yes
4819,no,no,yes,no,yes,no,no,no
4820,no,no,no,no,yes,no,no,yes
4821,no,no,no,no,no,no,no,no
4822,no,no,yes,no,yes,no,no,yes
4823,no,no,yes,no,yes,no,no,yes
4824,no,no,yes,no,yes,no,no,yes
4825,no,no,no,no,no,no,no,no
4826,no,no,no,no,no,no,yes,no
4827,no,no,yes,no,yes,no,no,yes
4828,no,no,no,no,no,no,no,no
4829,no,no,yes,no,no,no,no,no
4830,yes,no,yes,no,yes,no,yes,yes
4831,no,no,yes,no,yes,no,no,yes
4832,no,no,no,no,no,no,no,no
4833,no,no,no,no,no,no,no,no
4834,no,no,no,no,no,no,no,no
4835,no,no,yes,no,no,no,no,no
4836,no,no,yes,no,no,no,no,no
4837,no,no,no,no,no,no,no,no
4838,no,no,yes,no,yes,no,no,yes
4839,no,no,no,no,yes,no,no,yes
4840,no,no,yes,no,no,no,no,no
4841,no,no,yes,yes,yes,yes,no,yes
4842,no,no,yes,yes,no,yes,yes,yes
4843,no,no,yes,no,no,no,no,no
4844,no,no,yes,no,yes,no,yes,yes
4845,no,no,yes,yes,no,yes,yes,yes
4846,no,no,no,no,no,no,no,no
4847,no,no,no,no,no,no,yes,no
4848,no,no,yes,no,no,no,yes,no
4849,no,no,yes,yes,no,yes,yes,yes
4850,no,no,yes,no,yes,no,no,no
4851,no,no,yes,no,no,no,no,no
4852,no,no,yes,no,no,no,no,no
4853,no,no,no,no,yes,no,no,yes
4854,no,no,no,no,yes,no,no,no
4855,no,no,yes,no,no,no,yes,no
4856,no,no,yes,no,no,no,yes,yes
4857,no,no,yes,no,yes,no,no,yes
4858,no,no,no,no,no,no,no,no
4859,no,no,yes,no,no,no,no,no
4860,no,no,yes,no,no,no,no,no
4861,no,no,yes,yes,no,yes,yes,no
4862,no,no,yes,no,no,no,yes,no
4863,no,no,no,no,no,no,yes,no
4864,no,no,no,no,no,no,no,no
4865,no,no,no,no,no,no,no,no
4866,no,no,yes,no,yes,no,no,no
4867,no,no,yes,no,no,no,no,no
4868,no,no,no,no,no,no,no,no
4869,no,no,yes,no,yes,no,no,yes
4870,no,no,yes,no,no,no,no,no
4871,no,no,no,no,no,no,no,no
4872,no,no,no,no,no,no,no,no
4873,no,no,yes,no,no,no,no,no
4874,no,no,no,no,no,no,no,no
4875,no,no,yes,yes,yes,yes,yes,yes
4876,no,no,no,no,yes,no,yes,yes
4877,no,no,yes,no,yes,no,no,yes
4878,no,no,no,no,no,no,no,no
4879,no,no,yes,no,no,no,no,no
4880,no,no,yes,no,yes,no,no,yes
4881,no,no,no,no,yes,no,no,no
4882,no,no,no,no,no,no,no,no
4883,no,no,no,no,no,no,no,no
4884,no,no,no,no,no,no,no,no
4885,no,no,no,no,no,no,no,no
4886,no,no,no,no,no,no,no,yes
4887,no,no,yes,no,no,no,no,no
4888,no,no,yes,no,no,no,no,no
4889,no,no,yes,no,yes,no,no,no
4890,no,no,no,no,no,no,no,no
4891,no,no,yes,no,yes,no,no,yes
4892,no,no,yes,no,yes,no,no,no
4893,no,no,yes,no,yes,no,no,yes
4894,no,no,yes,no,yes,no,no,yes
4895,no,no,yes,no,no,no,no,no
4896,no,no,no,no,no,no,no,no
4897,no,no,no,no,no,no,no,no
4898,no,no,yes,no,no,no,no,no
4899,no,no,no,no,no,no,no,no
4900,no,no,no,no,no,no,yes,yes
4901,no,no,no,no,yes,no,no,yes
4902,no,no,no,no,no,no,no,no
4903,no,no,no,no,no,no,no,no
4904,no,no,yes,no,no,no,no,no
4905,no,no,yes,no,yes,no,no,yes
4906,no,no,no,no,no,no,no,no
4907,no,no,no,no,no,no,no,no
4908,no,no,no,no,no,no,no,no
4909,no,no,yes,no,no,no,no,no
4910,no,no,no,no,yes,no,no,yes
4911,no,no,no,no,no,no,no,no
4912,no,no,no,no,yes,no,no,yes
4913,no,no,no,no,yes,no,yes,yes
4914,no,no,no,no,no,no,no,no
4915,no,no,yes,no,no,no,no,no
4916,no,no,no,no,yes,no,no,yes
4917,no,no,no,no,no,no,no,no
4918,no,no,no,no,yes,no,no,yes
4919,no,no,no,no,yes,no,no,yes
4920,no,yes,no,no,no,yes,yes,yes
4921,no,no,yes,no,no,no,no,yes
4922,no,no,no,no,no,no,no,no
4923,no,no,no,no,yes,no,no,yes
4924,no,no,no,no,no,no,no,no
4925,no,no,yes,no,yes,no,no,yes
4926,no,no,no,no,no,no,no,no
4927,no,no,no,no,no,no,no,no
4928,no,no,no,no,no,no,no,no
4929,no,no,yes,no,no,no,no,no
4930,no,no,yes,no,no,no,no,no
4931,no,no,no,no,yes,no,no,yes
4932,no,no,yes,no,yes,no,no,yes
4933,no,no,yes,no,yes,no,no,yes
4934,no,no,no,no,no,no,no,no
4935,no,no,yes,no,yes,no,no,yes
4936,no,no,yes,no,yes,no,no,yes
4937,no,no,no,no,no,no,no,no
4938,no,no,no,no,yes,no,no,no
4939,no,no,no,no,no,no,no,no
4940,no,no,yes,no,no,no,no,no
4941,no,no,no,no,no,no,no,no
4942,no,no,no,no,no,no,no,no
4943,no,no,no,no,no,no,no,no
4944,no,no,yes,no,no,no,no,no
4945,no,no,no,no,no,no,yes,no
4946,no,no,yes,no,yes,no,no,yes
4947,no,no,no,no,yes,no,no,yes
4948,no,no,yes,no,yes,no,no,yes
4949,no,no,no,no,no,no,no,no
4950,no,no,yes,no,yes,no,no,yes
4951,no,no,yes,no,no,no,no,no
4952,no,no,yes,no,no,no,no,no
4953,no,no,yes,no,yes,no,no,yes
4954,no,no,yes,no,no,no,no,no
4955,no,no,yes,no,yes,no,no,yes
4956,no,no,no,no,no,no,no,no
4957,no,no,no,no,yes,no,no,yes
4958,no,no,no,no,no,no,no,no
4959,no,no,yes,no,no,no,no,no
4960,no,no,no,no,yes,no,no,yes
4961,no,no,no,no,no,no,no,no
4962,no,no,no,no,no,no,no,no
4963,no,no,yes,no,yes,no,no,no
4964,no,no,yes,yes,no,yes,yes,yes
4965,no,no,no,no,no,no,no,no
4966,no,no,no,no,yes,no,no,yes
4967,no,no,yes,no,no,no,yes,no
4968,no,no,yes,no,yes,no,no,yes
4969,no,no,yes,no,yes,no,no,yes
4970,no,no,no,no,no,no,no,no
4971,no,no,no,no,no,no,no,no
4972,no,no,no,no,yes,no,no,yes
4973,no,no,no,no,yes,no,no,yes
4974,no,no,no,no,no,no,no,no
4975,no,no,no,no,yes,no,no,yes
4976,no,no,no,no,no,no,no,no
4977,no,no,yes,yes,yes,yes,yes,yes
4978,no,no,no,no,no,no,no,no
4979,no,no,yes,no,yes,no,no,no
4980,no,no,no,no,no,no,yes,yes
4981,no,no,no,no,no,no,no,no
4982,no,no,yes,no,yes,no,no,yes
4983,no,no,yes,no,no,no,no,no
4984,no,no,yes,no,yes,no,no,yes
4985,no,no,yes,no,no,no,no,no
4986,no,no,no,no,no,no,no,no
4987,no,no,yes,no,yes,no,no,yes
4988,no,no,yes,no,yes,no,no,yes
4989,no,no,yes,no,no,no,no,no
4990,no,no,yes,no,yes,no,no,yes
4991,no,no,no,no,no,no,yes,no
4992,no,no,no,no,no,no,no,no
4993,no,no,no,no,no,no,no,no
4994,no,no,yes,yes,no,yes,yes,no
4995,no,no,no,no,no,no,no,no
4996,no,no,yes,no,no,no,no,no
4997,no,no,no,no,no,no,no,no
4998,no,no,no,no,yes,no,no,yes
4999,no,no,yes,yes,yes,yes,yes,yes
