,BirthAsphyxia,HypDistrib,HypoxiaInO2,CO2,ChestXray,Grunting,LVHreport,LowerBodyO2,RUQO2,CO2Report,XrayReport,Disease,GruntingReport,Age,LVH,DuctFlow,CardiacMixing,LungParench,LungFlow,Sick
0,yes,Equal,Mild,Normal,Oligaemic,no,yes,12+,12+,<7.5,Asy/Patchy,Fallot,no,0-3_days,no,None,Complete,Normal,Low,yes
1,no,Equal,Moderate,Normal,Oligaemic,no,no,<5,<5,<7.5,Oligaemic,Fallot,no,11-30_days,no,None,Mild,Normal,Low,no
2,no,Equal,Moderate,Normal,Oligaemic,no,yes,5-12,5-12,<7.5,Oligaemic,PAIVS,no,0-3_days,yes,Lt_to_Rt,Complete,Normal,Low,no
3,no,Equal,Moderate,Normal,Grd_Glass,no,no,5-12,5-12,>=7.5,Grd_Glass,Fallot,no,11-30_days,no,Lt_to_Rt,Complete,Abnormal,Low,no
4,no,Equal,Moderate,Normal,Oligaemic,no,no,12+,5-12,>=7.5,Normal,Fallot,no,11-30_days,no,None,Complete,Normal,Low,no
5,no,Equal,Moderate,Normal,Asy/Patch,yes,no,<5,<5,<7.5,Asy/Patchy,TAPVD,yes,0-3_days,no,Rt_to_Lt,Complete,Abnormal,Normal,no
6,no,Equal,Severe,High,Plethoric,no,no,5-12,<5,>=7.5,Normal,Fallot,no,0-3_days,no,Lt_to_Rt,Complete,Congested,Low,no
7,no,Equal,Severe,Normal,Plethoric,yes,no,<5,12+,>=7.5,Plethoric,TGA,yes,4-10_days,no,None,Transp.,Normal,High,yes
8,yes,Equal,Severe,Normal,Oligaemic,no,no,12+,5-12,<7.5,Oligaemic,TGA,no,4-10_days,no,None,Transp.,Normal,Low,yes
9,no,Equal,Severe,Normal,Plethoric,no,no,<5,<5,<7.5,Plethoric,TGA,no,0-3_days,no,None,Transp.,Normal,High,no
10,no,Equal,Severe,High,Asy/Patch,yes,yes,<5,<5,>=7.5,Asy/Patchy,PAIVS,yes,0-3_days,yes,Lt_to_Rt,Complete,Abnormal,Low,no
11,no,Unequal,Severe,Normal,Oligaemic,yes,no,<5,<5,<7.5,Oligaemic,PFC,yes,0-3_days,no,Rt_to_Lt,Transp.,Normal,Low,yes
12,no,Equal,Severe,Normal,Normal,no,no,5-12,<5,<7.5,Normal,Fallot,no,0-3_days,no,Lt_to_Rt,Complete,Normal,Normal,yes
13,yes,Equal,Moderate,Normal,Normal,yes,no,<5,5-12,<7.5,Normal,TGA,yes,0-3_days,no,Rt_to_Lt,Mild,Normal,High,no
14,no,Equal,Severe,Normal,Oligaemic,no,yes,<5,<5,<7.5,Oligaemic,PAIVS,no,0-3_days,yes,Lt_to_Rt,Complete,Normal,Low,no
15,no,Unequal,Moderate,High,Oligaemic,no,no,<5,5-12,>=7.5,Normal,TGA,no,0-3_days,no,Rt_to_Lt,Mild,Abnormal,High,no
16,no,Equal,Moderate,Normal,Normal,no,yes,<5,12+,>=7.5,Normal,PAIVS,no,0-3_days,yes,Lt_to_Rt,Complete,Normal,Normal,yes
17,no,Equal,Moderate,High,Asy/Patch,yes,no,5-12,5-12,>=7.5,Plethoric,Fallot,yes,0-3_days,no,Lt_to_Rt,Complete,Abnormal,Low,no
18,no,Equal,Moderate,Normal,Oligaemic,no,no,5-12,5-12,<7.5,Oligaemic,PAIVS,no,4-10_days,yes,Lt_to_Rt,Complete,Normal,Low,no
19,no,Equal,Severe,Normal,Grd_Glass,yes,yes,<5,12+,<7.5,Grd_Glass,TGA,yes,0-3_days,yes,None,Transp.,Abnormal,High,no
20,no,Equal,Moderate,Normal,Oligaemic,no,no,<5,5-12,<7.5,Normal,Fallot,no,0-3_days,no,Lt_to_Rt,Complete,Normal,Normal,no
21,no,Equal,Mild,Normal,Normal,no,no,<5,<5,>=7.5,Grd_Glass,Fallot,no,0-3_days,no,Lt_to_Rt,Complete,Normal,Normal,no
22,no,Equal,Severe,Normal,Plethoric,no,yes,5-12,5-12,>=7.5,Plethoric,TGA,no,0-3_days,no,Lt_to_Rt,Transp.,Normal,High,no
23,no,Equal,Moderate,Normal,Plethoric,no,no,5-12,<5,<7.5,Plethoric,TGA,no,0-3_days,no,None,Transp.,Normal,High,no
24,no,Equal,Mild,Normal,Normal,no,no,5-12,12+,<7.5,Normal,Fallot,no,4-10_days,no,Lt_to_Rt,Mild,Normal,Low,no
25,no,Equal,Mild,Normal,Oligaemic,no,no,12+,5-12,<7.5,Oligaemic,PAIVS,yes,0-3_days,yes,Lt_to_Rt,Complete,Normal,Low,no
26,no,Equal,Severe,Low,Plethoric,no,no,5-12,<5,<7.5,Plethoric,TGA,no,4-10_days,no,None,Transp.,Normal,High,no
27,no,Equal,Severe,Normal,Oligaemic,no,no,5-12,5-12,<7.5,Plethoric,TAPVD,no,0-3_days,no,Rt_to_Lt,Complete,Abnormal,Normal,yes
28,no,Unequal,Moderate,Normal,Oligaemic,no,no,<5,<5,<7.5,Oligaemic,Fallot,no,4-10_days,no,Lt_to_Rt,Complete,Normal,Low,no
29,no,Equal,Moderate,Low,Plethoric,no,no,5-12,5-12,<7.5,Plethoric,TGA,no,0-3_days,no,None,Transp.,Normal,Normal,no
30,no,Equal,Moderate,Normal,Asy/Patch,yes,no,5-12,5-12,<7.5,Asy/Patchy,TAPVD,yes,0-3_days,no,Lt_to_Rt,Complete,Abnormal,Normal,yes
31,no,Equal,Severe,Normal,Oligaemic,no,no,5-12,<5,<7.5,Normal,Fallot,no,0-3_days,no,Lt_to_Rt,Mild,Normal,Low,yes
32,no,Equal,Moderate,Normal,Oligaemic,no,no,5-12,5-12,<7.5,Oligaemic,Fallot,no,4-10_days,no,Lt_to_Rt,Complete,Normal,Low,no
33,no,Equal,Moderate,Normal,Oligaemic,no,no,<5,5-12,<7.5,Oligaemic,Fallot,no,0-3_days,no,Lt_to_Rt,Complete,Normal,Low,yes
34,no,Equal,Severe,Low,Asy/Patch,no,no,<5,5-12,<7.5,Asy/Patchy,PFC,no,4-10_days,no,Rt_to_Lt,Transp.,Normal,Low,yes
35,no,Unequal,Moderate,Low,Oligaemic,no,no,<5,5-12,<7.5,Oligaemic,PFC,no,11-30_days,no,Lt_to_Rt,Mild,Normal,Low,no
36,no,Equal,Mild,Normal,Asy/Patch,no,no,5-12,12+,>=7.5,Asy/Patchy,Lung,no,4-10_days,no,None,None,Abnormal,Normal,no
37,no,Equal,Moderate,Normal,Grd_Glass,yes,no,<5,5-12,<7.5,Grd_Glass,TAPVD,yes,0-3_days,no,Lt_to_Rt,None,Congested,High,no
38,no,Equal,Severe,Normal,Plethoric,no,no,5-12,5-12,<7.5,Normal,TGA,no,0-3_days,no,None,Transp.,Normal,High,yes
39,no,Equal,Severe,Normal,Normal,no,no,<5,<5,<7.5,Normal,TGA,no,0-3_days,no,Lt_to_Rt,Transp.,Normal,High,yes
40,no,Unequal,Severe,Normal,Plethoric,no,no,<5,<5,>=7.5,Plethoric,TGA,no,0-3_days,no,Lt_to_Rt,Transp.,Normal,High,no
41,no,Equal,Mild,Normal,Oligaemic,yes,no,5-12,5-12,<7.5,Oligaemic,Lung,yes,0-3_days,no,None,None,Abnormal,Normal,yes
42,no,Equal,Severe,Normal,Plethoric,no,no,5-12,<5,<7.5,Plethoric,TGA,no,4-10_days,no,Lt_to_Rt,Transp.,Normal,High,no
43,no,Equal,Severe,High,Asy/Patch,yes,no,5-12,12+,>=7.5,Asy/Patchy,TGA,yes,0-3_days,no,None,Transp.,Abnormal,Normal,yes
44,no,Equal,Severe,High,Oligaemic,no,no,<5,<5,>=7.5,Oligaemic,Fallot,no,0-3_days,no,None,Complete,Abnormal,Low,no
45,no,Unequal,Severe,Normal,Asy/Patch,yes,no,5-12,<5,<7.5,Asy/Patchy,PFC,yes,0-3_days,no,Rt_to_Lt,None,Abnormal,Normal,no
46,no,Equal,Mild,Normal,Normal,no,yes,5-12,5-12,<7.5,Normal,Fallot,no,4-10_days,yes,Lt_to_Rt,None,Normal,Normal,yes
47,no,Equal,Moderate,Low,Normal,no,yes,12+,5-12,<7.5,Normal,PAIVS,no,0-3_days,yes,Lt_to_Rt,Complete,Normal,Low,no
48,no,Equal,Severe,Normal,Plethoric,no,no,12+,<5,>=7.5,Plethoric,TGA,no,0-3_days,no,None,Transp.,Normal,High,no
49,yes,Equal,Moderate,Normal,Normal,no,no,<5,5-12,<7.5,Normal,Fallot,no,11-30_days,no,Lt_to_Rt,Complete,Normal,Normal,no
50,no,Equal,Severe,High,Asy/Patch,yes,no,<5,<5,>=7.5,Asy/Patchy,Fallot,yes,11-30_days,no,Lt_to_Rt,Complete,Abnormal,Low,no
51,no,Equal,Moderate,Normal,Normal,no,no,<5,<5,<7.5,Normal,Fallot,no,0-3_days,no,Lt_to_Rt,Complete,Normal,Normal,no
52,no,Equal,Moderate,Normal,Normal,no,yes,5-12,<5,<7.5,Normal,PAIVS,no,0-3_days,yes,Lt_to_Rt,Complete,Normal,High,no
53,yes,Unequal,Mild,High,Oligaemic,no,no,5-12,5-12,>=7.5,Oligaemic,PFC,no,0-3_days,no,Rt_to_Lt,None,Normal,Low,no
54,yes,Unequal,Moderate,Normal,Oligaemic,no,yes,5-12,5-12,<7.5,Oligaemic,PAIVS,no,0-3_days,yes,Lt_to_Rt,Complete,Normal,Low,no
55,no,Equal,Severe,Normal,Normal,no,no,12+,5-12,<7.5,Normal,TGA,yes,4-10_days,no,None,Transp.,Normal,Normal,no
56,no,Equal,Moderate,Normal,Asy/Patch,no,no,<5,<5,<7.5,Plethoric,TAPVD,no,0-3_days,no,Rt_to_Lt,Complete,Congested,Normal,yes
57,no,Equal,Severe,Normal,Normal,no,no,5-12,<5,>=7.5,Normal,Fallot,no,11-30_days,no,Lt_to_Rt,Mild,Normal,Normal,no
58,no,Equal,Moderate,Normal,Oligaemic,no,no,12+,5-12,<7.5,Oligaemic,PAIVS,no,0-3_days,no,Lt_to_Rt,Complete,Normal,Low,no
59,no,Unequal,Mild,Normal,Normal,no,no,<5,12+,>=7.5,Normal,PFC,no,0-3_days,no,Rt_to_Lt,None,Normal,Normal,no
60,no,Unequal,Severe,High,Grd_Glass,yes,no,<5,5-12,>=7.5,Grd_Glass,TGA,yes,0-3_days,no,Rt_to_Lt,Transp.,Abnormal,High,yes
61,no,Equal,Severe,High,Grd_Glass,no,yes,<5,<5,>=7.5,Grd_Glass,PAIVS,no,0-3_days,yes,Lt_to_Rt,Complete,Normal,Low,yes
62,no,Equal,Moderate,Normal,Oligaemic,no,no,5-12,12+,<7.5,Oligaemic,Fallot,no,11-30_days,no,None,Complete,Normal,Low,no
63,no,Equal,Moderate,High,Asy/Patch,yes,no,5-12,<5,>=7.5,Asy/Patchy,Lung,yes,0-3_days,no,Lt_to_Rt,Mild,Abnormal,Normal,yes
64,no,Equal,Severe,Normal,Grd_Glass,no,no,<5,5-12,<7.5,Asy/Patchy,TGA,no,0-3_days,no,None,Mild,Congested,High,no
65,yes,Equal,Moderate,Normal,Oligaemic,no,no,<5,5-12,<7.5,Oligaemic,Fallot,no,11-30_days,no,Lt_to_Rt,Complete,Normal,Low,no
66,no,Equal,Severe,High,Asy/Patch,yes,no,5-12,<5,>=7.5,Grd_Glass,TAPVD,yes,0-3_days,no,Lt_to_Rt,Complete,Abnormal,Normal,yes
67,no,Equal,Severe,Low,Oligaemic,no,yes,5-12,5-12,<7.5,Oligaemic,PAIVS,no,0-3_days,yes,Lt_to_Rt,Complete,Normal,Low,no
68,no,Equal,Severe,Normal,Oligaemic,no,yes,5-12,<5,<7.5,Normal,PAIVS,no,4-10_days,yes,Lt_to_Rt,Complete,Normal,Low,yes
69,no,Equal,Severe,High,Asy/Patch,yes,no,5-12,12+,>=7.5,Asy/Patchy,PAIVS,yes,0-3_days,yes,Lt_to_Rt,Complete,Abnormal,Normal,no
70,no,Equal,Severe,Normal,Plethoric,yes,no,5-12,5-12,>=7.5,Asy/Patchy,TGA,no,4-10_days,no,None,Transp.,Normal,High,no
71,no,Equal,Moderate,Normal,Normal,no,no,5-12,<5,<7.5,Normal,TGA,no,4-10_days,no,None,Transp.,Normal,High,yes
72,no,Equal,Moderate,Normal,Oligaemic,no,no,5-12,5-12,<7.5,Oligaemic,Fallot,no,11-30_days,no,Lt_to_Rt,Mild,Normal,Low,no
73,no,Equal,Severe,Normal,Normal,no,no,5-12,5-12,<7.5,Oligaemic,TGA,no,0-3_days,no,None,Transp.,Normal,Normal,no
74,no,Equal,Severe,High,Asy/Patch,no,no,<5,5-12,>=7.5,Grd_Glass,TGA,no,0-3_days,no,None,Transp.,Abnormal,Normal,no
75,no,Equal,Moderate,Normal,Grd_Glass,no,no,5-12,5-12,<7.5,Plethoric,Lung,no,0-3_days,no,Rt_to_Lt,Mild,Congested,Normal,yes
76,no,Equal,Mild,High,Normal,yes,yes,<5,5-12,>=7.5,Normal,Lung,yes,0-3_days,no,None,None,Abnormal,Normal,no
77,no,Equal,Moderate,Normal,Normal,no,no,<5,5-12,<7.5,Normal,Fallot,no,11-30_days,no,Lt_to_Rt,Complete,Normal,Low,no
78,no,Equal,Severe,Normal,Grd_Glass,yes,no,5-12,<5,<7.5,Grd_Glass,TGA,no,0-3_days,no,Lt_to_Rt,Transp.,Abnormal,High,no
79,no,Equal,Moderate,Normal,Oligaemic,no,yes,5-12,<5,<7.5,Oligaemic,PAIVS,no,0-3_days,yes,Lt_to_Rt,Complete,Normal,Low,yes
80,no,Equal,Severe,Low,Grd_Glass,yes,yes,5-12,12+,<7.5,Grd_Glass,TGA,yes,0-3_days,no,None,Transp.,Abnormal,High,yes
81,no,Equal,Moderate,Normal,Normal,no,yes,<5,5-12,>=7.5,Normal,PAIVS,no,0-3_days,yes,Lt_to_Rt,Complete,Normal,Low,yes
82,no,Equal,Severe,Normal,Plethoric,no,no,<5,<5,<7.5,Plethoric,TGA,no,0-3_days,no,None,Transp.,Normal,High,yes
83,no,Equal,Moderate,Normal,Oligaemic,no,yes,<5,<5,<7.5,Plethoric,PAIVS,no,0-3_days,yes,Lt_to_Rt,Complete,Normal,Low,no
84,no,Equal,Moderate,Normal,Oligaemic,no,yes,5-12,5-12,<7.5,Oligaemic,PAIVS,no,0-3_days,yes,Lt_to_Rt,Complete,Normal,Low,no
85,no,Equal,Severe,Normal,Oligaemic,no,no,<5,12+,<7.5,Oligaemic,Fallot,no,11-30_days,no,None,Transp.,Normal,Low,no
86,no,Equal,Severe,Normal,Grd_Glass,no,no,5-12,5-12,<7.5,Grd_Glass,Fallot,no,4-10_days,no,Lt_to_Rt,Complete,Congested,Low,no
87,no,Equal,Severe,Normal,Asy/Patch,yes,no,5-12,<5,>=7.5,Asy/Patchy,PAIVS,yes,0-3_days,yes,Lt_to_Rt,Complete,Abnormal,Low,no
88,no,Equal,Moderate,Normal,Oligaemic,no,no,5-12,5-12,<7.5,Oligaemic,Fallot,no,0-3_days,no,Lt_to_Rt,Complete,Normal,Low,yes
89,no,Unequal,Moderate,Normal,Oligaemic,no,no,<5,<5,<7.5,Oligaemic,Fallot,no,4-10_days,no,Lt_to_Rt,Mild,Normal,Low,no
90,no,Equal,Moderate,Normal,Oligaemic,no,yes,5-12,12+,<7.5,Oligaemic,PAIVS,no,0-3_days,yes,Lt_to_Rt,Complete,Normal,Low,no
91,no,Equal,Severe,Low,Asy/Patch,yes,yes,<5,5-12,<7.5,Normal,PAIVS,no,0-3_days,yes,Lt_to_Rt,Complete,Abnormal,Low,yes
92,no,Equal,Severe,Normal,Normal,no,yes,5-12,12+,<7.5,Normal,Fallot,no,0-3_days,no,None,Complete,Normal,Normal,yes
93,no,Equal,Mild,Normal,Normal,no,no,12+,12+,<7.5,Oligaemic,PAIVS,no,0-3_days,yes,Lt_to_Rt,Complete,Normal,Low,yes
94,no,Equal,Moderate,Normal,Plethoric,no,no,<5,5-12,<7.5,Oligaemic,TGA,no,0-3_days,no,None,Transp.,Normal,High,no
95,yes,Equal,Mild,Normal,Asy/Patch,no,no,5-12,5-12,<7.5,Asy/Patchy,TAPVD,no,0-3_days,no,Rt_to_Lt,Complete,Abnormal,Normal,yes
96,no,Equal,Moderate,Normal,Oligaemic,yes,yes,5-12,5-12,<7.5,Oligaemic,PAIVS,yes,11-30_days,yes,Lt_to_Rt,Complete,Abnormal,Low,no
97,yes,Equal,Moderate,Normal,Grd_Glass,yes,no,<5,5-12,<7.5,Plethoric,TAPVD,yes,4-10_days,no,Rt_to_Lt,Complete,Congested,Normal,no
98,no,Equal,Severe,High,Oligaemic,no,no,5-12,12+,>=7.5,Oligaemic,Fallot,yes,0-3_days,no,Lt_to_Rt,Complete,Congested,Low,yes
99,no,Equal,Moderate,Normal,Plethoric,no,no,<5,5-12,>=7.5,Plethoric,TGA,no,0-3_days,no,None,Mild,Normal,High,no
100,no,Equal,Severe,Normal,Asy/Patch,no,no,<5,5-12,<7.5,Asy/Patchy,Fallot,no,11-30_days,no,Lt_to_Rt,Mild,Abnormal,Low,no
101,no,Equal,Severe,Normal,Asy/Patch,no,no,<5,5-12,<7.5,Asy/Patchy,Lung,no,0-3_days,no,None,Mild,Abnormal,Normal,no
102,no,Equal,Moderate,High,Asy/Patch,yes,yes,5-12,<5,>=7.5,Asy/Patchy,PAIVS,yes,0-3_days,yes,Lt_to_Rt,Complete,Abnormal,Low,yes
103,no,Equal,Moderate,High,Grd_Glass,no,no,5-12,<5,>=7.5,Grd_Glass,Lung,no,0-3_days,yes,None,Mild,Congested,Normal,no
104,no,Equal,Severe,Normal,Plethoric,no,no,5-12,5-12,<7.5,Plethoric,TGA,no,0-3_days,no,None,Transp.,Normal,High,no
105,no,Equal,Severe,Normal,Oligaemic,no,no,12+,5-12,<7.5,Oligaemic,TGA,no,0-3_days,no,None,Transp.,Normal,Low,no
106,no,Equal,Severe,Normal,Oligaemic,no,yes,5-12,<5,<7.5,Oligaemic,PAIVS,no,0-3_days,yes,Lt_to_Rt,Complete,Normal,Low,no
107,no,Equal,Severe,Normal,Plethoric,no,no,5-12,<5,<7.5,Oligaemic,TGA,no,4-10_days,no,Rt_to_Lt,Transp.,Normal,High,no
108,no,Unequal,Mild,Normal,Normal,yes,no,<5,12+,<7.5,Normal,Lung,yes,11-30_days,no,Rt_to_Lt,None,Abnormal,Normal,yes
109,no,Equal,Mild,Normal,Oligaemic,no,yes,12+,12+,<7.5,Oligaemic,PAIVS,no,0-3_days,yes,Lt_to_Rt,Complete,Normal,Low,no
110,no,Equal,Moderate,Normal,Asy/Patch,no,no,5-12,5-12,<7.5,Asy/Patchy,PAIVS,no,0-3_days,yes,Lt_to_Rt,Complete,Abnormal,Normal,no
111,no,Equal,Moderate,High,Normal,no,no,5-12,5-12,>=7.5,Normal,Fallot,no,11-30_days,no,Lt_to_Rt,Complete,Normal,Low,no
112,no,Unequal,Mild,Normal,Normal,no,no,<5,12+,<7.5,Normal,PFC,yes,0-3_days,no,Rt_to_Lt,None,Normal,Normal,yes
113,no,Equal,Severe,Normal,Plethoric,no,no,<5,<5,>=7.5,Plethoric,TGA,no,0-3_days,no,None,Transp.,Normal,High,no
114,no,Equal,Moderate,Normal,Oligaemic,no,no,5-12,12+,>=7.5,Oligaemic,Fallot,yes,11-30_days,no,Lt_to_Rt,Complete,Normal,Low,no
115,no,Equal,Moderate,Normal,Oligaemic,no,no,12+,5-12,<7.5,Oligaemic,Fallot,yes,0-3_days,no,Lt_to_Rt,Complete,Normal,Low,yes
116,no,Equal,Moderate,Normal,Normal,no,yes,<5,5-12,<7.5,Normal,PAIVS,no,0-3_days,yes,Lt_to_Rt,Complete,Normal,Normal,no
117,no,Equal,Moderate,Normal,Oligaemic,no,yes,5-12,5-12,<7.5,Oligaemic,PAIVS,no,0-3_days,yes,Lt_to_Rt,Complete,Normal,Low,no
118,no,Equal,Moderate,High,Normal,yes,no,<5,5-12,>=7.5,Normal,TGA,yes,0-3_days,no,None,Transp.,Abnormal,High,yes
119,no,Equal,Moderate,Normal,Oligaemic,no,yes,5-12,5-12,<7.5,Oligaemic,Fallot,yes,4-10_days,yes,Lt_to_Rt,Complete,Normal,Low,no
120,yes,Equal,Moderate,Normal,Normal,no,no,5-12,<5,<7.5,Normal,Fallot,no,0-3_days,no,Lt_to_Rt,Complete,Normal,Low,yes
121,no,Equal,Moderate,Normal,Asy/Patch,no,yes,5-12,<5,<7.5,Grd_Glass,PAIVS,no,0-3_days,yes,Lt_to_Rt,Complete,Abnormal,Low,no
122,no,Equal,Moderate,Normal,Oligaemic,no,no,<5,<5,<7.5,Oligaemic,Fallot,no,0-3_days,no,Lt_to_Rt,Complete,Normal,Low,no
123,no,Equal,Severe,High,Asy/Patch,no,no,12+,<5,>=7.5,Asy/Patchy,TAPVD,yes,11-30_days,no,None,Complete,Congested,Normal,yes
124,yes,Equal,Moderate,High,Normal,no,no,5-12,5-12,>=7.5,Normal,Fallot,no,11-30_days,no,None,Complete,Normal,Low,no
125,no,Unequal,Mild,High,Oligaemic,yes,yes,<5,<5,>=7.5,Oligaemic,Fallot,yes,4-10_days,no,Lt_to_Rt,Complete,Abnormal,Low,no
126,no,Equal,Severe,High,Asy/Patch,yes,no,5-12,12+,>=7.5,Asy/Patchy,TGA,yes,11-30_days,no,None,Transp.,Abnormal,Normal,no
127,no,Equal,Moderate,Normal,Oligaemic,no,yes,5-12,5-12,<7.5,Oligaemic,PAIVS,no,0-3_days,yes,Lt_to_Rt,Complete,Normal,Low,no
128,no,Equal,Severe,Normal,Normal,no,no,<5,<5,<7.5,Asy/Patchy,TGA,no,11-30_days,no,None,Transp.,Normal,Normal,no
129,no,Equal,Severe,Normal,Oligaemic,no,no,<5,<5,<7.5,Oligaemic,TGA,no,4-10_days,no,None,Transp.,Normal,Low,no
130,no,Equal,Moderate,Normal,Asy/Patch,no,no,5-12,5-12,<7.5,Grd_Glass,TAPVD,no,4-10_days,no,Rt_to_Lt,Complete,Congested,Low,no
131,no,Equal,Moderate,Normal,Plethoric,no,yes,<5,<5,<7.5,Plethoric,TGA,no,0-3_days,yes,None,Transp.,Normal,High,yes
132,no,Unequal,Mild,Normal,Normal,no,no,5-12,12+,<7.5,Normal,PAIVS,no,4-10_days,no,Lt_to_Rt,Complete,Normal,Normal,yes
133,no,Equal,Moderate,Normal,Grd_Glass,yes,no,12+,<5,>=7.5,Asy/Patchy,TGA,yes,0-3_days,no,Lt_to_Rt,Mild,Congested,High,no
134,no,Unequal,Moderate,Normal,Normal,no,no,<5,5-12,<7.5,Normal,Fallot,no,11-30_days,no,Lt_to_Rt,Mild,Normal,High,no
135,no,Equal,Moderate,High,Grd_Glass,no,no,5-12,<5,>=7.5,Normal,Fallot,no,0-3_days,no,Lt_to_Rt,Complete,Congested,Low,no
136,no,Equal,Moderate,High,Oligaemic,no,no,<5,5-12,>=7.5,Oligaemic,Fallot,no,0-3_days,no,Lt_to_Rt,Complete,Congested,Low,yes
137,no,Equal,Moderate,Normal,Normal,no,yes,5-12,5-12,<7.5,Normal,PAIVS,no,4-10_days,yes,Lt_to_Rt,Complete,Normal,Normal,no
138,no,Equal,Moderate,Normal,Oligaemic,no,yes,<5,12+,<7.5,Normal,PAIVS,no,0-3_days,yes,Lt_to_Rt,Complete,Normal,Low,yes
139,no,Equal,Moderate,Normal,Plethoric,no,no,5-12,<5,<7.5,Normal,TGA,no,0-3_days,no,None,Transp.,Normal,High,yes
140,no,Equal,Severe,Normal,Oligaemic,no,no,12+,5-12,<7.5,Oligaemic,TGA,no,4-10_days,no,Lt_to_Rt,Transp.,Normal,Low,yes
141,no,Equal,Moderate,Normal,Normal,no,yes,12+,5-12,<7.5,Normal,Fallot,no,11-30_days,yes,None,Complete,Normal,Low,no
142,no,Equal,Moderate,Normal,Normal,yes,no,5-12,<5,<7.5,Normal,TAPVD,yes,0-3_days,no,None,Complete,Normal,High,yes
143,no,Equal,Severe,Normal,Normal,no,no,<5,5-12,<7.5,Normal,TGA,yes,0-3_days,no,None,Transp.,Normal,Normal,no
144,no,Equal,Severe,Normal,Oligaemic,yes,no,<5,<5,<7.5,Oligaemic,Fallot,no,4-10_days,no,Lt_to_Rt,Complete,Normal,Low,no
145,no,Equal,Severe,Normal,Asy/Patch,yes,no,<5,5-12,<7.5,Oligaemic,Fallot,yes,0-3_days,no,None,Complete,Abnormal,Low,no
146,no,Equal,Moderate,Normal,Oligaemic,no,no,5-12,<5,<7.5,Oligaemic,Fallot,yes,4-10_days,no,Lt_to_Rt,Complete,Normal,Low,no
147,no,Unequal,Moderate,Low,Oligaemic,no,yes,<5,<5,>=7.5,Oligaemic,PAIVS,no,0-3_days,yes,Lt_to_Rt,Complete,Normal,Low,no
148,yes,Equal,Severe,High,Plethoric,no,no,<5,<5,>=7.5,Asy/Patchy,TGA,no,0-3_days,no,None,Transp.,Normal,High,no
149,no,Equal,Severe,Normal,Normal,no,no,<5,<5,>=7.5,Asy/Patchy,TGA,no,0-3_days,no,None,Transp.,Normal,High,no
150,no,Equal,Severe,Low,Plethoric,no,no,<5,5-12,<7.5,Plethoric,TGA,no,11-30_days,no,None,Transp.,Normal,High,no
151,no,Equal,Moderate,Normal,Oligaemic,yes,yes,5-12,<5,<7.5,Oligaemic,PAIVS,yes,0-3_days,yes,Lt_to_Rt,Complete,Normal,Low,no
152,no,Unequal,Severe,Normal,Plethoric,yes,no,<5,<5,>=7.5,Normal,TGA,no,0-3_days,no,None,Transp.,Abnormal,Low,no
153,no,Equal,Moderate,High,Asy/Patch,yes,yes,5-12,5-12,>=7.5,Asy/Patchy,Fallot,yes,4-10_days,yes,Lt_to_Rt,Complete,Abnormal,Normal,no
154,no,Equal,Moderate,Normal,Plethoric,no,no,<5,5-12,<7.5,Plethoric,PAIVS,no,4-10_days,no,Lt_to_Rt,Complete,Congested,Low,yes
155,no,Equal,Severe,Normal,Normal,no,no,5-12,5-12,<7.5,Normal,TGA,no,0-3_days,no,None,Transp.,Normal,Normal,no
156,no,Equal,Moderate,Normal,Grd_Glass,yes,no,5-12,5-12,<7.5,Grd_Glass,TAPVD,yes,0-3_days,no,None,Complete,Congested,Normal,yes
157,no,Unequal,Severe,Normal,Plethoric,no,no,<5,<5,<7.5,Oligaemic,TGA,no,0-3_days,no,None,Transp.,Normal,High,no
158,no,Equal,Moderate,Normal,Normal,no,no,<5,<5,<7.5,Normal,TGA,no,0-3_days,no,None,Mild,Normal,Normal,no
159,no,Equal,Moderate,Normal,Normal,no,no,<5,5-12,<7.5,Normal,Fallot,no,11-30_days,no,Lt_to_Rt,Mild,Normal,Low,no
160,no,Equal,Moderate,High,Oligaemic,yes,no,5-12,<5,>=7.5,Oligaemic,Fallot,yes,4-10_days,no,Lt_to_Rt,Complete,Normal,Low,no
161,no,Equal,Moderate,High,Oligaemic,yes,no,5-12,5-12,>=7.5,Normal,Fallot,no,11-30_days,no,Lt_to_Rt,Mild,Abnormal,Low,no
162,no,Equal,Moderate,Low,Oligaemic,no,no,5-12,12+,<7.5,Oligaemic,Fallot,no,4-10_days,no,Lt_to_Rt,Complete,Normal,Low,no
163,yes,Equal,Moderate,Normal,Asy/Patch,yes,no,<5,5-12,<7.5,Asy/Patchy,Fallot,no,0-3_days,no,Lt_to_Rt,Complete,Abnormal,Low,no
164,no,Equal,Moderate,Normal,Oligaemic,no,yes,5-12,5-12,>=7.5,Oligaemic,PAIVS,no,4-10_days,yes,Lt_to_Rt,Complete,Normal,Low,no
165,no,Equal,Moderate,Low,Grd_Glass,no,no,5-12,5-12,<7.5,Grd_Glass,TGA,no,0-3_days,no,Lt_to_Rt,Transp.,Normal,High,no
166,no,Equal,Moderate,Normal,Asy/Patch,yes,no,12+,5-12,<7.5,Normal,PAIVS,yes,0-3_days,yes,Lt_to_Rt,Complete,Abnormal,Low,yes
167,no,Equal,Severe,Normal,Oligaemic,no,no,5-12,5-12,<7.5,Oligaemic,TGA,no,0-3_days,no,None,Transp.,Normal,Low,no
168,no,Equal,Moderate,Normal,Normal,no,no,5-12,5-12,<7.5,Normal,Fallot,no,4-10_days,no,Lt_to_Rt,Complete,Normal,Normal,no
169,yes,Equal,Severe,Normal,Normal,no,no,<5,<5,<7.5,Normal,TGA,no,0-3_days,no,None,Transp.,Normal,Normal,no
170,no,Equal,Moderate,Normal,Grd_Glass,yes,no,5-12,5-12,<7.5,Grd_Glass,TGA,yes,0-3_days,no,None,Transp.,Abnormal,High,yes
171,no,Equal,Severe,High,Oligaemic,no,no,<5,<5,>=7.5,Oligaemic,TGA,no,0-3_days,no,None,Transp.,Abnormal,High,no
172,no,Equal,Severe,Normal,Normal,no,yes,12+,5-12,<7.5,Normal,TGA,no,0-3_days,yes,None,Transp.,Normal,Normal,yes
173,no,Equal,Severe,Normal,Oligaemic,no,no,5-12,12+,<7.5,Oligaemic,Fallot,no,11-30_days,no,Lt_to_Rt,Complete,Normal,Low,no
174,no,Equal,Moderate,High,Normal,yes,no,5-12,<5,>=7.5,Normal,Fallot,yes,0-3_days,no,Lt_to_Rt,Complete,Abnormal,High,no
175,no,Equal,Mild,Low,Oligaemic,no,no,12+,12+,<7.5,Normal,Fallot,no,0-3_days,no,Lt_to_Rt,Complete,Normal,Low,yes
176,no,Equal,Moderate,Normal,Plethoric,no,no,5-12,5-12,<7.5,Plethoric,TGA,no,4-10_days,no,None,Transp.,Normal,High,no
177,no,Unequal,Severe,Normal,Normal,no,no,5-12,5-12,<7.5,Oligaemic,TGA,no,0-3_days,no,None,Transp.,Normal,High,no
178,no,Equal,Moderate,Normal,Plethoric,no,no,<5,<5,<7.5,Plethoric,TGA,no,0-3_days,no,Lt_to_Rt,Complete,Normal,High,no
179,no,Equal,Moderate,Normal,Normal,no,no,12+,5-12,<7.5,Normal,Fallot,no,0-3_days,no,Lt_to_Rt,Complete,Normal,Normal,yes
180,no,Equal,Mild,Normal,Normal,no,no,12+,12+,<7.5,Normal,PFC,no,0-3_days,no,Lt_to_Rt,None,Normal,Normal,no
181,yes,Equal,Severe,Normal,Plethoric,no,no,5-12,5-12,<7.5,Plethoric,TGA,yes,0-3_days,no,None,Transp.,Normal,High,no
182,no,Equal,Moderate,Normal,Oligaemic,no,no,5-12,<5,<7.5,Oligaemic,Fallot,no,0-3_days,no,Lt_to_Rt,Complete,Congested,Low,no
183,no,Equal,Moderate,Normal,Plethoric,no,no,<5,5-12,>=7.5,Grd_Glass,TGA,no,0-3_days,no,None,Complete,Normal,High,no
184,no,Equal,Moderate,Normal,Oligaemic,no,no,5-12,<5,<7.5,Oligaemic,Fallot,no,11-30_days,no,Lt_to_Rt,Complete,Normal,Low,no
185,no,Equal,Moderate,Normal,Asy/Patch,no,yes,5-12,<5,<7.5,Asy/Patchy,PAIVS,no,4-10_days,yes,Lt_to_Rt,Complete,Normal,Low,yes
186,no,Equal,Moderate,Normal,Oligaemic,no,yes,<5,5-12,>=7.5,Oligaemic,PAIVS,no,0-3_days,yes,Lt_to_Rt,Complete,Normal,Low,no
187,no,Equal,Moderate,Normal,Oligaemic,no,no,5-12,5-12,<7.5,Oligaemic,Fallot,no,11-30_days,no,Lt_to_Rt,Complete,Normal,Low,no
188,no,Equal,Moderate,Normal,Plethoric,no,no,<5,5-12,<7.5,Normal,TGA,yes,0-3_days,no,Lt_to_Rt,Mild,Normal,High,no
189,no,Equal,Moderate,High,Asy/Patch,yes,no,5-12,5-12,>=7.5,Asy/Patchy,Lung,yes,0-3_days,no,None,Mild,Abnormal,Normal,yes
190,no,Equal,Moderate,Normal,Oligaemic,no,yes,<5,<5,<7.5,Normal,Fallot,yes,11-30_days,no,Lt_to_Rt,Complete,Normal,Low,no
191,no,Equal,Severe,Normal,Asy/Patch,yes,no,<5,5-12,<7.5,Oligaemic,Lung,yes,0-3_days,no,Rt_to_Lt,Mild,Abnormal,Normal,yes
192,no,Equal,Moderate,Normal,Oligaemic,no,no,<5,5-12,<7.5,Oligaemic,Fallot,no,11-30_days,no,Lt_to_Rt,Complete,Normal,Low,no
193,no,Equal,Moderate,Normal,Oligaemic,no,yes,12+,5-12,<7.5,Plethoric,PAIVS,no,0-3_days,yes,Lt_to_Rt,Complete,Normal,Low,yes
194,no,Equal,Moderate,High,Normal,no,no,5-12,12+,>=7.5,Normal,Lung,no,4-10_days,no,None,Mild,Abnormal,Normal,no
195,no,Unequal,Moderate,High,Oligaemic,no,no,5-12,<5,<7.5,Normal,Fallot,no,0-3_days,no,None,Complete,Normal,Low,no
196,no,Equal,Mild,High,Oligaemic,yes,no,12+,12+,>=7.5,Oligaemic,Fallot,no,11-30_days,no,None,None,Normal,Low,no
197,no,Equal,Moderate,Normal,Oligaemic,no,yes,5-12,5-12,<7.5,Normal,PAIVS,no,0-3_days,yes,Lt_to_Rt,Complete,Normal,Low,no
198,yes,Equal,Moderate,Normal,Plethoric,no,no,5-12,<5,<7.5,Plethoric,TGA,no,11-30_days,no,None,Transp.,Normal,High,no
199,no,Equal,Moderate,Low,Oligaemic,no,yes,<5,<5,<7.5,Grd_Glass,Fallot,no,0-3_days,yes,Lt_to_Rt,Complete,Normal,Low,no
200,no,Equal,Severe,Normal,Asy/Patch,no,no,<5,5-12,<7.5,Grd_Glass,TGA,no,4-10_days,no,None,Transp.,Normal,High,no
201,yes,Equal,Mild,Normal,Oligaemic,no,no,5-12,12+,<7.5,Oligaemic,PFC,no,0-3_days,no,Rt_to_Lt,Mild,Normal,Low,no
202,no,Equal,Severe,Normal,Oligaemic,no,no,<5,5-12,>=7.5,Plethoric,PAIVS,no,0-3_days,no,Lt_to_Rt,Complete,Normal,Low,no
203,no,Unequal,Severe,Normal,Grd_Glass,no,no,<5,5-12,<7.5,Grd_Glass,TGA,no,0-3_days,no,Rt_to_Lt,Transp.,Abnormal,High,no
204,no,Equal,Moderate,Normal,Oligaemic,no,no,<5,5-12,<7.5,Oligaemic,Fallot,no,4-10_days,no,None,Complete,Normal,Low,no
205,no,Equal,Moderate,Normal,Plethoric,no,no,5-12,5-12,<7.5,Plethoric,TGA,no,0-3_days,no,None,Transp.,Normal,High,no
206,no,Equal,Moderate,Normal,Grd_Glass,yes,yes,<5,<5,<7.5,Grd_Glass,PAIVS,yes,0-3_days,yes,Lt_to_Rt,Complete,Normal,Low,yes
207,no,Equal,Moderate,Normal,Oligaemic,no,yes,12+,12+,<7.5,Oligaemic,PAIVS,yes,4-10_days,yes,Lt_to_Rt,Complete,Normal,Low,no
208,no,Equal,Severe,High,Oligaemic,no,no,<5,<5,<7.5,Oligaemic,Fallot,no,0-3_days,no,Lt_to_Rt,Complete,Normal,Low,yes
209,no,Equal,Moderate,Normal,Grd_Glass,no,no,5-12,<5,<7.5,Asy/Patchy,Fallot,no,11-30_days,no,Lt_to_Rt,Complete,Normal,Low,no
210,no,Equal,Moderate,Low,Oligaemic,no,no,5-12,<5,<7.5,Normal,Fallot,no,4-10_days,no,None,Complete,Normal,Low,no
211,no,Equal,Moderate,Normal,Oligaemic,no,yes,5-12,5-12,<7.5,Oligaemic,PAIVS,no,4-10_days,yes,Lt_to_Rt,Complete,Normal,Low,no
212,no,Unequal,Mild,Normal,Normal,no,no,5-12,5-12,<7.5,Normal,PFC,no,0-3_days,no,Rt_to_Lt,None,Normal,Normal,yes
213,no,Equal,Moderate,Normal,Oligaemic,no,yes,5-12,5-12,<7.5,Oligaemic,Fallot,no,4-10_days,yes,Lt_to_Rt,Complete,Normal,Low,no
214,yes,Equal,Moderate,Normal,Oligaemic,no,no,5-12,5-12,>=7.5,Oligaemic,Fallot,no,11-30_days,no,Lt_to_Rt,Complete,Normal,Low,no
215,yes,Unequal,Mild,High,Oligaemic,no,no,12+,<5,>=7.5,Oligaemic,PFC,no,0-3_days,no,Rt_to_Lt,None,Normal,Low,no
216,no,Equal,Mild,Normal,Oligaemic,no,yes,12+,5-12,<7.5,Oligaemic,PAIVS,no,0-3_days,yes,Lt_to_Rt,Complete,Normal,Low,no
217,no,Equal,Mild,Normal,Plethoric,no,yes,5-12,5-12,<7.5,Plethoric,Lung,no,0-3_days,yes,None,None,Congested,High,yes
218,no,Equal,Severe,Normal,Plethoric,no,no,<5,12+,<7.5,Asy/Patchy,TGA,no,0-3_days,no,Rt_to_Lt,Transp.,Normal,High,no
219,no,Unequal,Severe,Normal,Oligaemic,no,yes,<5,<5,<7.5,Oligaemic,Fallot,no,4-10_days,yes,Lt_to_Rt,Complete,Normal,Low,no
220,no,Equal,Moderate,Normal,Normal,no,no,<5,<5,<7.5,Normal,TGA,no,4-10_days,no,None,Transp.,Normal,Normal,no
221,no,Equal,Severe,Low,Normal,no,no,5-12,<5,<7.5,Normal,TGA,no,0-3_days,no,None,Transp.,Normal,High,no
222,no,Equal,Moderate,Normal,Oligaemic,no,no,12+,<5,<7.5,Oligaemic,Fallot,no,4-10_days,no,Lt_to_Rt,Complete,Normal,Low,no
223,no,Equal,Severe,Normal,Normal,no,no,<5,12+,<7.5,Normal,TGA,yes,4-10_days,no,None,Transp.,Normal,Normal,no
224,no,Equal,Severe,Normal,Oligaemic,yes,no,<5,5-12,>=7.5,Oligaemic,TGA,yes,0-3_days,no,Lt_to_Rt,Transp.,Abnormal,High,yes
225,no,Equal,Severe,Normal,Plethoric,yes,yes,<5,<5,<7.5,Plethoric,PAIVS,yes,0-3_days,yes,Lt_to_Rt,Complete,Abnormal,Low,yes
226,no,Equal,Severe,High,Grd_Glass,yes,no,<5,5-12,>=7.5,Grd_Glass,TAPVD,no,0-3_days,no,Lt_to_Rt,Complete,Congested,Normal,yes
227,no,Equal,Severe,Normal,Oligaemic,no,no,5-12,5-12,<7.5,Oligaemic,Fallot,no,4-10_days,no,Lt_to_Rt,Complete,Normal,Low,no
228,no,Equal,Moderate,Normal,Normal,no,no,<5,5-12,<7.5,Normal,TGA,no,0-3_days,no,None,Transp.,Normal,High,yes
229,no,Equal,Mild,Normal,Oligaemic,yes,no,12+,12+,<7.5,Oligaemic,PAIVS,yes,0-3_days,yes,Lt_to_Rt,Complete,Normal,Low,yes
230,no,Equal,Moderate,Normal,Oligaemic,no,no,5-12,12+,>=7.5,Oligaemic,TGA,no,0-3_days,no,None,Transp.,Abnormal,High,no
231,no,Equal,Moderate,Normal,Normal,no,yes,5-12,<5,<7.5,Normal,Fallot,no,4-10_days,yes,Lt_to_Rt,Complete,Normal,Low,yes
232,no,Equal,Severe,Normal,Plethoric,no,no,5-12,<5,<7.5,Asy/Patchy,TGA,no,0-3_days,no,None,Transp.,Normal,High,yes
233,no,Unequal,Moderate,Normal,Asy/Patch,yes,no,<5,<5,>=7.5,Asy/Patchy,PFC,yes,0-3_days,no,Rt_to_Lt,None,Abnormal,Low,yes
234,no,Equal,Severe,Normal,Plethoric,no,yes,<5,<5,<7.5,Plethoric,TGA,no,0-3_days,yes,Rt_to_Lt,Transp.,Normal,High,yes
235,no,Equal,Severe,Low,Grd_Glass,no,no,<5,<5,<7.5,Normal,TGA,no,0-3_days,no,Rt_to_Lt,Transp.,Normal,High,no
236,yes,Equal,Moderate,Normal,Oligaemic,no,no,5-12,5-12,<7.5,Oligaemic,PFC,no,0-3_days,no,Lt_to_Rt,None,Congested,Low,no
237,no,Equal,Severe,Normal,Grd_Glass,yes,no,5-12,12+,<7.5,Grd_Glass,Fallot,yes,0-3_days,no,Lt_to_Rt,Complete,Abnormal,Low,no
238,yes,Equal,Moderate,Normal,Oligaemic,no,no,5-12,<5,<7.5,Oligaemic,Fallot,no,11-30_days,no,Lt_to_Rt,Complete,Normal,Low,no
239,no,Equal,Mild,Normal,Oligaemic,no,yes,12+,5-12,<7.5,Oligaemic,PAIVS,no,0-3_days,yes,Lt_to_Rt,Complete,Normal,Low,no
240,yes,Equal,Severe,High,Asy/Patch,no,yes,5-12,5-12,>=7.5,Asy/Patchy,PFC,no,0-3_days,no,Rt_to_Lt,Complete,Abnormal,Low,no
241,yes,Equal,Severe,High,Plethoric,no,yes,5-12,12+,>=7.5,Grd_Glass,TGA,no,4-10_days,yes,None,Transp.,Normal,High,no
242,no,Equal,Mild,Normal,Oligaemic,no,yes,5-12,12+,<7.5,Oligaemic,Fallot,no,11-30_days,yes,Lt_to_Rt,Complete,Normal,Low,no
243,no,Unequal,Severe,High,Plethoric,no,no,5-12,<5,>=7.5,Plethoric,TGA,no,4-10_days,no,Rt_to_Lt,Transp.,Normal,High,no
244,no,Equal,Moderate,Normal,Asy/Patch,no,yes,<5,5-12,<7.5,Asy/Patchy,PAIVS,yes,0-3_days,yes,Lt_to_Rt,Complete,Normal,Low,no
245,no,Equal,Moderate,Normal,Oligaemic,no,no,<5,<5,>=7.5,Oligaemic,Fallot,no,0-3_days,no,None,Complete,Normal,Low,no
246,no,Equal,Severe,Normal,Normal,yes,no,12+,12+,<7.5,Normal,TGA,yes,0-3_days,no,None,Transp.,Abnormal,High,no
247,no,Equal,Moderate,Normal,Grd_Glass,yes,yes,5-12,<5,<7.5,Asy/Patchy,TGA,yes,11-30_days,yes,Rt_to_Lt,Transp.,Abnormal,High,no
248,no,Equal,Severe,Normal,Plethoric,no,no,5-12,5-12,<7.5,Plethoric,TGA,no,11-30_days,no,Lt_to_Rt,Transp.,Normal,High,yes
249,no,Equal,Moderate,Normal,Normal,no,no,5-12,5-12,<7.5,Oligaemic,Fallot,yes,0-3_days,no,None,Complete,Normal,Low,yes
250,no,Equal,Severe,Normal,Plethoric,no,no,<5,<5,<7.5,Plethoric,TGA,no,0-3_days,no,None,Transp.,Normal,High,yes
251,no,Unequal,Severe,Normal,Plethoric,no,no,<5,5-12,<7.5,Plethoric,TGA,no,11-30_days,no,None,Transp.,Normal,High,no
252,no,Equal,Severe,Normal,Plethoric,no,no,<5,5-12,<7.5,Plethoric,TGA,yes,0-3_days,no,None,Transp.,Normal,High,no
253,no,Equal,Severe,Normal,Normal,yes,no,<5,<5,<7.5,Normal,Lung,no,0-3_days,no,Rt_to_Lt,Complete,Abnormal,Normal,yes
254,no,Equal,Moderate,Normal,Oligaemic,no,yes,5-12,5-12,<7.5,Asy/Patchy,PAIVS,no,0-3_days,yes,Lt_to_Rt,Complete,Normal,Low,no
255,no,Equal,Severe,Normal,Grd_Glass,yes,no,5-12,5-12,>=7.5,Grd_Glass,TGA,no,0-3_days,no,None,Transp.,Abnormal,High,no
256,no,Equal,Moderate,Normal,Oligaemic,no,yes,<5,5-12,<7.5,Oligaemic,PAIVS,no,11-30_days,yes,Lt_to_Rt,Complete,Normal,Low,no
257,yes,Equal,Moderate,Normal,Plethoric,no,no,<5,5-12,<7.5,Plethoric,Fallot,no,0-3_days,no,Lt_to_Rt,Complete,Normal,Low,no
258,yes,Equal,Moderate,Normal,Plethoric,no,no,5-12,5-12,<7.5,Plethoric,TGA,no,11-30_days,no,None,Complete,Normal,High,no
259,no,Equal,Moderate,Low,Oligaemic,no,yes,5-12,12+,<7.5,Oligaemic,PAIVS,no,0-3_days,yes,Lt_to_Rt,Complete,Normal,Low,no
260,no,Equal,Severe,Normal,Oligaemic,yes,no,<5,<5,>=7.5,Oligaemic,TGA,yes,0-3_days,no,None,Transp.,Congested,High,yes
261,no,Equal,Severe,Normal,Normal,no,no,5-12,5-12,<7.5,Normal,TGA,no,4-10_days,no,None,Transp.,Normal,Normal,yes
262,no,Unequal,Moderate,Normal,Oligaemic,no,no,<5,5-12,<7.5,Oligaemic,Fallot,no,11-30_days,no,None,Complete,Normal,Low,no
263,no,Equal,Moderate,Normal,Oligaemic,no,yes,5-12,<5,<7.5,Oligaemic,Fallot,no,4-10_days,no,Lt_to_Rt,Complete,Normal,Low,no
264,no,Equal,Severe,Normal,Asy/Patch,yes,no,<5,<5,<7.5,Normal,PFC,yes,0-3_days,no,Rt_to_Lt,Transp.,Abnormal,Low,yes
265,no,Equal,Severe,High,Oligaemic,yes,yes,<5,<5,>=7.5,Oligaemic,PAIVS,yes,4-10_days,yes,Lt_to_Rt,Complete,Abnormal,Low,no
266,no,Equal,Severe,Normal,Plethoric,no,yes,12+,<5,<7.5,Plethoric,TGA,yes,0-3_days,yes,None,Transp.,Normal,High,no
267,no,Equal,Severe,Low,Plethoric,no,no,5-12,5-12,<7.5,Grd_Glass,PAIVS,no,0-3_days,yes,Lt_to_Rt,Transp.,Normal,High,no
268,no,Equal,Mild,Normal,Oligaemic,no,no,12+,12+,<7.5,Oligaemic,Fallot,no,4-10_days,no,Lt_to_Rt,Complete,Normal,Low,no
269,no,Equal,Moderate,Normal,Oligaemic,no,no,12+,<5,<7.5,Oligaemic,Fallot,yes,11-30_days,no,Lt_to_Rt,Complete,Normal,Low,no
270,no,Equal,Moderate,High,Oligaemic,no,no,5-12,<5,>=7.5,Oligaemic,Fallot,no,4-10_days,yes,Lt_to_Rt,Complete,Normal,Low,no
271,no,Equal,Moderate,Normal,Normal,no,no,<5,<5,>=7.5,Normal,Fallot,no,0-3_days,no,Lt_to_Rt,Complete,Normal,Normal,yes
272,no,Equal,Moderate,High,Oligaemic,no,no,<5,5-12,>=7.5,Normal,Fallot,no,11-30_days,no,None,Complete,Normal,Low,no
273,yes,Equal,Severe,Low,Plethoric,no,no,<5,5-12,<7.5,Asy/Patchy,TGA,no,0-3_days,no,None,Transp.,Normal,High,no
274,no,Unequal,Moderate,Normal,Oligaemic,no,no,<5,12+,<7.5,Normal,Fallot,no,4-10_days,no,None,Complete,Normal,Low,no
275,no,Equal,Moderate,Normal,Normal,yes,no,5-12,5-12,<7.5,Oligaemic,TGA,yes,0-3_days,no,None,Complete,Normal,Normal,no
276,no,Equal,Moderate,Normal,Grd_Glass,no,yes,<5,<5,<7.5,Grd_Glass,Fallot,no,0-3_days,no,Lt_to_Rt,Complete,Normal,Low,no
277,no,Equal,Mild,High,Asy/Patch,yes,yes,5-12,12+,>=7.5,Plethoric,Lung,yes,0-3_days,yes,Rt_to_Lt,Mild,Abnormal,Low,yes
278,no,Equal,Moderate,Normal,Oligaemic,no,yes,<5,5-12,<7.5,Oligaemic,Fallot,no,4-10_days,yes,None,Complete,Normal,Low,no
279,no,Equal,Mild,Normal,Asy/Patch,no,yes,5-12,5-12,<7.5,Asy/Patchy,Lung,no,0-3_days,yes,None,Mild,Abnormal,Normal,no
280,no,Equal,Severe,High,Normal,no,no,5-12,5-12,>=7.5,Normal,TGA,no,0-3_days,no,None,Complete,Normal,High,yes
281,no,Equal,Moderate,Low,Oligaemic,no,yes,5-12,<5,<7.5,Oligaemic,PAIVS,no,0-3_days,yes,Lt_to_Rt,Complete,Normal,Low,yes
282,no,Equal,Moderate,Normal,Oligaemic,no,no,5-12,5-12,<7.5,Oligaemic,Fallot,yes,11-30_days,no,Lt_to_Rt,Complete,Congested,Low,no
283,no,Equal,Moderate,Normal,Oligaemic,no,no,5-12,5-12,<7.5,Oligaemic,Fallot,no,4-10_days,no,Lt_to_Rt,Complete,Congested,Low,no
284,yes,Equal,Severe,Normal,Plethoric,no,no,<5,5-12,<7.5,Plethoric,TGA,no,0-3_days,no,None,Transp.,Normal,High,no
285,no,Equal,Severe,Normal,Oligaemic,no,no,5-12,5-12,<7.5,Asy/Patchy,Fallot,no,11-30_days,no,Lt_to_Rt,Complete,Normal,Low,no
286,no,Equal,Severe,Normal,Asy/Patch,yes,no,5-12,<5,<7.5,Asy/Patchy,PAIVS,yes,4-10_days,no,Lt_to_Rt,Complete,Abnormal,Low,no
287,no,Equal,Moderate,Normal,Normal,no,no,<5,5-12,<7.5,Normal,Fallot,no,11-30_days,no,Lt_to_Rt,Complete,Normal,High,no
288,no,Equal,Moderate,High,Asy/Patch,yes,yes,5-12,5-12,>=7.5,Asy/Patchy,PAIVS,yes,0-3_days,yes,Lt_to_Rt,Complete,Abnormal,Low,no
289,no,Equal,Severe,Normal,Normal,no,yes,<5,<5,<7.5,Normal,TGA,no,0-3_days,yes,None,Transp.,Normal,Normal,yes
290,no,Equal,Moderate,Normal,Oligaemic,no,yes,5-12,5-12,<7.5,Oligaemic,PAIVS,no,0-3_days,yes,Lt_to_Rt,Complete,Normal,Low,no
291,no,Equal,Severe,High,Normal,no,no,5-12,5-12,>=7.5,Normal,TGA,no,0-3_days,no,None,Transp.,Normal,High,no
292,no,Equal,Severe,High,Plethoric,no,no,5-12,<5,>=7.5,Plethoric,TGA,no,0-3_days,no,None,Transp.,Normal,High,no
293,no,Equal,Mild,Normal,Plethoric,yes,no,12+,12+,<7.5,Plethoric,Fallot,yes,4-10_days,no,Lt_to_Rt,Complete,Abnormal,Low,no
294,no,Equal,Moderate,High,Oligaemic,no,yes,5-12,5-12,>=7.5,Oligaemic,PAIVS,no,0-3_days,yes,Lt_to_Rt,Complete,Normal,Low,no
295,no,Unequal,Mild,High,Grd_Glass,yes,no,5-12,5-12,>=7.5,Grd_Glass,PFC,yes,0-3_days,no,Rt_to_Lt,None,Abnormal,Normal,yes
296,no,Equal,Moderate,Normal,Normal,no,yes,5-12,5-12,<7.5,Asy/Patchy,Fallot,no,0-3_days,yes,None,Complete,Normal,Normal,no
297,no,Unequal,Severe,High,Asy/Patch,no,no,<5,5-12,>=7.5,Asy/Patchy,Fallot,no,0-3_days,no,None,Complete,Abnormal,Low,no
298,no,Equal,Moderate,Normal,Oligaemic,no,no,5-12,<5,<7.5,Oligaemic,PAIVS,no,0-3_days,yes,Lt_to_Rt,Complete,Normal,Low,no
299,no,Equal,Moderate,Normal,Plethoric,yes,no,5-12,5-12,<7.5,Plethoric,TGA,no,0-3_days,no,None,Complete,Normal,High,no
300,no,Equal,Moderate,Normal,Grd_Glass,yes,no,5-12,5-12,<7.5,Grd_Glass,Fallot,yes,4-10_days,no,Lt_to_Rt,Complete,Abnormal,Low,no
301,no,Unequal,Severe,High,Oligaemic,yes,no,<5,<5,>=7.5,Oligaemic,TGA,no,11-30_days,no,None,Transp.,Abnormal,High,yes
302,yes,Unequal,Moderate,Normal,Oligaemic,no,no,5-12,5-12,<7.5,Oligaemic,Fallot,yes,11-30_days,no,None,Mild,Normal,Low,yes
303,no,Unequal,Severe,High,Grd_Glass,yes,no,5-12,5-12,>=7.5,Grd_Glass,Lung,yes,4-10_days,no,Rt_to_Lt,Mild,Congested,Normal,yes
304,no,Equal,Moderate,High,Asy/Patch,yes,no,<5,5-12,>=7.5,Asy/Patchy,Fallot,yes,4-10_days,no,Lt_to_Rt,Complete,Abnormal,Low,yes
305,no,Equal,Mild,Normal,Grd_Glass,yes,no,12+,5-12,>=7.5,Plethoric,Fallot,yes,0-3_days,no,Lt_to_Rt,Complete,Normal,High,yes
306,no,Equal,Moderate,Normal,Plethoric,no,no,12+,5-12,<7.5,Plethoric,Fallot,no,0-3_days,no,Lt_to_Rt,Complete,Normal,High,yes
307,no,Equal,Moderate,Normal,Normal,yes,yes,5-12,5-12,>=7.5,Normal,PAIVS,yes,0-3_days,yes,Lt_to_Rt,Complete,Normal,Low,yes
308,no,Equal,Mild,Normal,Normal,no,yes,12+,12+,>=7.5,Normal,TGA,no,0-3_days,yes,None,None,Normal,Normal,no
309,no,Equal,Mild,Normal,Grd_Glass,no,yes,12+,5-12,<7.5,Grd_Glass,PAIVS,no,0-3_days,yes,Lt_to_Rt,Complete,Normal,Low,no
310,no,Equal,Severe,Normal,Plethoric,no,no,5-12,5-12,<7.5,Plethoric,TGA,no,0-3_days,no,None,Transp.,Normal,High,no
311,no,Equal,Severe,Normal,Plethoric,yes,yes,5-12,5-12,>=7.5,Plethoric,PAIVS,yes,0-3_days,yes,Lt_to_Rt,Complete,Abnormal,High,no
312,no,Equal,Severe,Normal,Plethoric,no,yes,5-12,<5,>=7.5,Plethoric,TGA,no,0-3_days,yes,None,Transp.,Normal,High,no
313,no,Equal,Severe,Normal,Normal,no,no,5-12,5-12,<7.5,Normal,Fallot,no,0-3_days,no,Lt_to_Rt,Complete,Normal,Normal,yes
314,no,Equal,Severe,High,Plethoric,no,no,5-12,5-12,>=7.5,Plethoric,TGA,no,0-3_days,no,None,Transp.,Normal,High,yes
315,no,Equal,Moderate,Normal,Plethoric,yes,yes,5-12,5-12,<7.5,Plethoric,TGA,yes,4-10_days,no,Lt_to_Rt,Mild,Normal,High,no
316,no,Equal,Severe,High,Normal,yes,no,5-12,5-12,>=7.5,Plethoric,TGA,yes,0-3_days,no,None,Transp.,Abnormal,High,yes
317,no,Equal,Severe,Normal,Normal,yes,yes,5-12,5-12,<7.5,Normal,PAIVS,yes,0-3_days,no,Lt_to_Rt,Complete,Normal,Low,yes
318,no,Unequal,Moderate,High,Oligaemic,no,yes,<5,5-12,>=7.5,Oligaemic,PAIVS,yes,0-3_days,yes,Lt_to_Rt,Complete,Normal,Low,no
319,no,Equal,Severe,Normal,Normal,no,no,<5,5-12,<7.5,Oligaemic,TGA,no,4-10_days,yes,None,Transp.,Normal,Normal,no
320,no,Unequal,Severe,Normal,Plethoric,no,yes,5-12,5-12,<7.5,Plethoric,TGA,no,0-3_days,no,Rt_to_Lt,Transp.,Normal,High,yes
321,no,Unequal,Severe,Low,Plethoric,no,no,<5,5-12,<7.5,Plethoric,TGA,no,0-3_days,no,Rt_to_Lt,Transp.,Normal,High,no
322,no,Equal,Severe,High,Asy/Patch,yes,no,12+,<5,>=7.5,Asy/Patchy,Lung,yes,0-3_days,no,Lt_to_Rt,None,Abnormal,Low,yes
323,no,Equal,Mild,Low,Normal,no,no,12+,12+,<7.5,Asy/Patchy,Fallot,no,11-30_days,no,Lt_to_Rt,Complete,Normal,Normal,no
324,no,Equal,Moderate,Normal,Oligaemic,no,no,5-12,<5,>=7.5,Oligaemic,Fallot,yes,11-30_days,no,Lt_to_Rt,Complete,Normal,Low,no
325,no,Equal,Mild,High,Normal,no,yes,12+,12+,>=7.5,Normal,PAIVS,no,4-10_days,yes,Lt_to_Rt,Complete,Normal,Low,no
326,no,Equal,Moderate,Normal,Oligaemic,no,no,5-12,12+,<7.5,Oligaemic,Fallot,no,4-10_days,no,Lt_to_Rt,Complete,Normal,Low,no
327,no,Equal,Mild,Normal,Normal,no,yes,5-12,12+,>=7.5,Normal,PAIVS,no,0-3_days,yes,Lt_to_Rt,Complete,Normal,Low,no
328,no,Equal,Severe,Normal,Plethoric,yes,no,<5,<5,<7.5,Plethoric,TGA,yes,0-3_days,no,None,Transp.,Congested,Normal,no
329,no,Equal,Severe,Normal,Grd_Glass,no,yes,5-12,5-12,>=7.5,Asy/Patchy,PAIVS,no,0-3_days,yes,Lt_to_Rt,Transp.,Normal,High,yes
330,yes,Equal,Severe,Normal,Oligaemic,no,no,5-12,5-12,<7.5,Oligaemic,TGA,no,0-3_days,no,None,Transp.,Abnormal,High,yes
331,no,Equal,Severe,Normal,Plethoric,no,no,<5,12+,<7.5,Plethoric,TAPVD,no,0-3_days,no,None,Complete,Congested,Normal,yes
332,no,Equal,Moderate,High,Oligaemic,no,no,5-12,5-12,>=7.5,Normal,Fallot,no,0-3_days,no,Lt_to_Rt,Complete,Abnormal,Low,no
333,no,Unequal,Severe,Normal,Normal,no,no,5-12,5-12,<7.5,Normal,TGA,no,0-3_days,no,Rt_to_Lt,Transp.,Normal,High,no
334,no,Equal,Moderate,Normal,Normal,no,no,5-12,5-12,<7.5,Normal,Fallot,no,4-10_days,no,Lt_to_Rt,Complete,Normal,Normal,no
335,no,Equal,Moderate,Normal,Oligaemic,yes,no,12+,5-12,<7.5,Oligaemic,Fallot,yes,11-30_days,no,None,Complete,Normal,Low,yes
336,no,Equal,Severe,Normal,Plethoric,no,no,<5,5-12,<7.5,Oligaemic,TGA,no,0-3_days,no,None,Transp.,Normal,High,no
337,no,Equal,Severe,Normal,Oligaemic,no,no,5-12,5-12,<7.5,Plethoric,Fallot,no,11-30_days,no,Lt_to_Rt,Complete,Normal,Low,no
338,no,Equal,Moderate,High,Oligaemic,no,no,5-12,5-12,>=7.5,Oligaemic,Lung,yes,0-3_days,no,None,Mild,Abnormal,Low,no
339,no,Equal,Severe,High,Oligaemic,yes,no,<5,12+,<7.5,Oligaemic,TGA,yes,0-3_days,no,None,Transp.,Abnormal,High,no
340,no,Equal,Moderate,Normal,Grd_Glass,yes,yes,5-12,5-12,>=7.5,Normal,TAPVD,yes,0-3_days,yes,Lt_to_Rt,Complete,Abnormal,Normal,yes
341,no,Equal,Mild,High,Plethoric,yes,no,5-12,12+,>=7.5,Plethoric,Fallot,yes,11-30_days,no,Lt_to_Rt,Complete,Abnormal,Normal,no
342,no,Equal,Severe,Normal,Asy/Patch,no,no,12+,<5,<7.5,Plethoric,PFC,no,0-3_days,no,Rt_to_Lt,Complete,Normal,Normal,no
343,yes,Equal,Moderate,High,Asy/Patch,yes,yes,<5,5-12,>=7.5,Asy/Patchy,Lung,yes,0-3_days,yes,Lt_to_Rt,Mild,Abnormal,Normal,yes
344,yes,Equal,Severe,High,Normal,no,no,<5,5-12,>=7.5,Normal,TGA,yes,11-30_days,no,None,Mild,Normal,High,no
345,no,Unequal,Moderate,Normal,Plethoric,no,no,<5,5-12,<7.5,Plethoric,TGA,yes,0-3_days,no,Rt_to_Lt,Transp.,Normal,High,yes
346,no,Equal,Severe,Normal,Oligaemic,no,no,5-12,5-12,<7.5,Oligaemic,Fallot,yes,11-30_days,no,Lt_to_Rt,Complete,Normal,Low,no
347,no,Equal,Severe,Normal,Grd_Glass,no,no,<5,<5,<7.5,Grd_Glass,TGA,no,0-3_days,no,Lt_to_Rt,Transp.,Abnormal,Normal,no
348,no,Equal,Severe,High,Grd_Glass,yes,no,<5,<5,>=7.5,Grd_Glass,TAPVD,yes,0-3_days,no,None,Complete,Abnormal,High,yes
349,no,Equal,Moderate,Normal,Normal,no,no,<5,<5,<7.5,Normal,Fallot,no,0-3_days,no,Lt_to_Rt,Complete,Normal,Normal,yes
350,no,Equal,Moderate,Normal,Oligaemic,no,yes,5-12,5-12,<7.5,Normal,Fallot,yes,4-10_days,yes,Lt_to_Rt,Complete,Normal,Low,no
351,no,Unequal,Moderate,Normal,Plethoric,no,no,5-12,<5,<7.5,Plethoric,TGA,no,0-3_days,no,None,Complete,Normal,High,no
352,no,Equal,Moderate,Normal,Asy/Patch,yes,yes,5-12,5-12,<7.5,Grd_Glass,PAIVS,yes,11-30_days,yes,Lt_to_Rt,Complete,Abnormal,Low,yes
353,no,Equal,Moderate,Normal,Oligaemic,no,no,12+,5-12,<7.5,Oligaemic,Fallot,no,11-30_days,no,None,Complete,Normal,Low,no
354,no,Equal,Mild,High,Asy/Patch,yes,no,12+,5-12,>=7.5,Asy/Patchy,Fallot,yes,4-10_days,no,Lt_to_Rt,Complete,Abnormal,Low,no
355,no,Equal,Severe,Normal,Oligaemic,no,yes,<5,<5,<7.5,Oligaemic,PAIVS,no,0-3_days,yes,Lt_to_Rt,Complete,Normal,Low,yes
356,no,Equal,Severe,Normal,Normal,yes,yes,<5,<5,<7.5,Plethoric,Fallot,yes,0-3_days,yes,Lt_to_Rt,Complete,Congested,Low,yes
357,no,Unequal,Severe,Low,Plethoric,no,no,5-12,5-12,<7.5,Plethoric,TGA,no,4-10_days,no,Rt_to_Lt,Transp.,Congested,High,no
358,no,Equal,Moderate,High,Plethoric,no,yes,5-12,<5,<7.5,Plethoric,PAIVS,no,4-10_days,yes,Lt_to_Rt,Complete,Normal,Low,no
359,no,Equal,Mild,Normal,Oligaemic,no,no,12+,12+,<7.5,Oligaemic,Fallot,no,0-3_days,no,Lt_to_Rt,Complete,Normal,Low,no
360,no,Unequal,Moderate,Normal,Plethoric,yes,no,<5,<5,>=7.5,Plethoric,TAPVD,yes,0-3_days,no,None,Complete,Congested,High,yes
361,no,Equal,Severe,Low,Oligaemic,no,no,<5,<5,<7.5,Oligaemic,Fallot,no,4-10_days,no,Lt_to_Rt,Complete,Normal,Low,no
362,no,Equal,Moderate,Normal,Normal,no,yes,<5,5-12,<7.5,Normal,PAIVS,no,0-3_days,yes,Lt_to_Rt,Complete,Normal,Normal,no
363,no,Equal,Mild,Low,Plethoric,yes,no,12+,12+,<7.5,Plethoric,PAIVS,yes,0-3_days,no,Lt_to_Rt,Complete,Normal,High,no
364,no,Unequal,Moderate,Low,Normal,no,yes,5-12,<5,<7.5,Normal,PAIVS,yes,0-3_days,yes,Lt_to_Rt,Complete,Normal,Low,no
365,no,Equal,Moderate,Normal,Oligaemic,no,no,<5,5-12,<7.5,Oligaemic,PFC,no,4-10_days,no,Rt_to_Lt,Mild,Normal,Low,no
366,no,Unequal,Mild,Normal,Oligaemic,yes,no,5-12,12+,<7.5,Oligaemic,Lung,yes,0-3_days,no,Rt_to_Lt,None,Abnormal,High,yes
367,no,Equal,Moderate,Low,Asy/Patch,yes,no,5-12,<5,<7.5,Asy/Patchy,Fallot,no,4-10_days,no,Lt_to_Rt,Mild,Abnormal,Low,no
368,no,Equal,Severe,Normal,Plethoric,no,no,5-12,<5,<7.5,Plethoric,TGA,no,0-3_days,no,None,Transp.,Normal,High,yes
369,no,Equal,Severe,Normal,Normal,no,no,<5,5-12,<7.5,Normal,PAIVS,no,0-3_days,yes,Lt_to_Rt,Complete,Normal,Low,no
370,no,Equal,Moderate,Low,Oligaemic,no,yes,<5,<5,<7.5,Oligaemic,Fallot,no,0-3_days,yes,None,Mild,Normal,Low,no
371,no,Unequal,Moderate,Normal,Oligaemic,no,no,<5,5-12,<7.5,Oligaemic,Fallot,no,0-3_days,no,Lt_to_Rt,Complete,Congested,Low,yes
372,no,Equal,Moderate,Normal,Normal,no,yes,5-12,5-12,<7.5,Normal,PAIVS,no,0-3_days,yes,Lt_to_Rt,Complete,Normal,Low,no
373,no,Equal,Moderate,Normal,Oligaemic,yes,no,12+,<5,<7.5,Oligaemic,Fallot,yes,0-3_days,no,Lt_to_Rt,Complete,Normal,Low,no
374,no,Equal,Moderate,Normal,Normal,no,yes,<5,5-12,<7.5,Normal,PAIVS,no,0-3_days,yes,Lt_to_Rt,Complete,Normal,Low,no
375,no,Equal,Moderate,Normal,Normal,no,yes,5-12,5-12,<7.5,Oligaemic,PAIVS,yes,4-10_days,yes,Lt_to_Rt,Complete,Normal,Normal,yes
376,no,Equal,Severe,Normal,Plethoric,no,yes,5-12,<5,<7.5,Plethoric,Fallot,no,4-10_days,yes,None,Complete,Normal,High,yes
377,no,Equal,Severe,Normal,Oligaemic,no,no,5-12,<5,<7.5,Oligaemic,Lung,no,0-3_days,no,None,Mild,Normal,Normal,yes
378,no,Equal,Moderate,High,Asy/Patch,yes,yes,5-12,<5,>=7.5,Asy/Patchy,PAIVS,yes,0-3_days,yes,Lt_to_Rt,Complete,Abnormal,Low,no
379,no,Unequal,Moderate,Normal,Grd_Glass,no,no,5-12,12+,<7.5,Asy/Patchy,TGA,no,4-10_days,no,Rt_to_Lt,Transp.,Congested,Normal,no
380,no,Equal,Moderate,Normal,Asy/Patch,yes,no,<5,<5,<7.5,Asy/Patchy,Fallot,yes,11-30_days,no,Lt_to_Rt,Mild,Abnormal,Low,no
381,no,Equal,Moderate,Normal,Oligaemic,no,no,5-12,<5,<7.5,Oligaemic,TGA,no,0-3_days,no,None,Complete,Abnormal,High,no
382,yes,Equal,Moderate,High,Plethoric,no,no,<5,5-12,<7.5,Plethoric,Lung,no,0-3_days,no,None,Mild,Abnormal,Normal,no
383,no,Unequal,Severe,Low,Plethoric,yes,no,5-12,<5,<7.5,Plethoric,TGA,no,11-30_days,no,Lt_to_Rt,Transp.,Normal,High,yes
384,no,Equal,Severe,Normal,Oligaemic,no,yes,5-12,<5,>=7.5,Oligaemic,Fallot,no,11-30_days,no,Lt_to_Rt,Complete,Normal,Low,no
385,no,Equal,Severe,Normal,Normal,no,no,<5,5-12,<7.5,Normal,TGA,no,0-3_days,no,None,Transp.,Normal,Normal,no
386,no,Equal,Moderate,Normal,Oligaemic,no,yes,<5,<5,<7.5,Oligaemic,PAIVS,no,0-3_days,yes,Lt_to_Rt,Complete,Normal,Low,no
387,no,Equal,Moderate,Normal,Oligaemic,no,no,5-12,5-12,>=7.5,Oligaemic,Fallot,yes,0-3_days,no,Lt_to_Rt,Complete,Normal,Low,yes
388,no,Equal,Moderate,Normal,Oligaemic,no,no,5-12,<5,<7.5,Oligaemic,PAIVS,yes,4-10_days,yes,Lt_to_Rt,Complete,Normal,Low,no
389,no,Equal,Severe,Normal,Oligaemic,no,no,<5,5-12,<7.5,Oligaemic,Fallot,no,11-30_days,no,Lt_to_Rt,Complete,Normal,Low,no
390,no,Equal,Mild,Normal,Asy/Patch,yes,no,12+,5-12,>=7.5,Asy/Patchy,Fallot,yes,0-3_days,no,Lt_to_Rt,Complete,Abnormal,Low,no
391,no,Equal,Moderate,Normal,Plethoric,no,no,5-12,5-12,<7.5,Plethoric,TGA,no,11-30_days,no,None,Transp.,Normal,High,no
392,no,Unequal,Mild,Normal,Asy/Patch,no,no,5-12,5-12,<7.5,Asy/Patchy,Lung,no,0-3_days,no,Rt_to_Lt,None,Abnormal,Normal,no
393,no,Equal,Moderate,Low,Asy/Patch,yes,no,5-12,<5,<7.5,Plethoric,Fallot,yes,11-30_days,no,Lt_to_Rt,Mild,Abnormal,Low,no
394,no,Equal,Severe,High,Oligaemic,yes,no,5-12,<5,>=7.5,Oligaemic,TGA,yes,11-30_days,no,None,Transp.,Abnormal,High,no
395,yes,Equal,Moderate,High,Asy/Patch,yes,yes,5-12,5-12,>=7.5,Grd_Glass,PAIVS,no,0-3_days,yes,Lt_to_Rt,Complete,Abnormal,Low,no
396,no,Equal,Moderate,High,Asy/Patch,yes,no,5-12,<5,>=7.5,Asy/Patchy,Lung,yes,0-3_days,no,None,Mild,Abnormal,Normal,yes
397,no,Equal,Severe,Normal,Plethoric,no,no,5-12,5-12,<7.5,Plethoric,TGA,no,4-10_days,no,Lt_to_Rt,Transp.,Normal,High,yes
398,no,Equal,Severe,High,Oligaemic,no,no,<5,<5,>=7.5,Oligaemic,TGA,no,0-3_days,no,None,Transp.,Normal,Low,no
399,yes,Equal,Severe,Normal,Oligaemic,no,yes,5-12,5-12,<7.5,Oligaemic,PAIVS,no,0-3_days,yes,Lt_to_Rt,Complete,Normal,Low,no
400,no,Equal,Severe,Normal,Plethoric,no,no,5-12,<5,<7.5,Normal,TGA,no,0-3_days,no,None,Transp.,Normal,High,no
401,no,Equal,Moderate,Normal,Oligaemic,no,yes,5-12,<5,<7.5,Oligaemic,PAIVS,no,4-10_days,yes,Lt_to_Rt,Complete,Normal,Low,no
402,yes,Unequal,Moderate,Normal,Asy/Patch,no,no,12+,5-12,<7.5,Oligaemic,TAPVD,no,0-3_days,no,None,Complete,Abnormal,Normal,no
403,no,Equal,Severe,Normal,Grd_Glass,no,no,<5,5-12,<7.5,Grd_Glass,TAPVD,no,0-3_days,no,Rt_to_Lt,Complete,Congested,High,yes
404,no,Equal,Severe,Low,Plethoric,no,no,<5,5-12,<7.5,Plethoric,TGA,no,0-3_days,no,None,Transp.,Normal,High,yes
405,no,Equal,Severe,Normal,Plethoric,no,no,5-12,<5,<7.5,Plethoric,TGA,yes,0-3_days,no,None,Transp.,Normal,High,no
406,no,Equal,Moderate,Normal,Oligaemic,no,yes,<5,5-12,<7.5,Oligaemic,PAIVS,no,0-3_days,yes,Lt_to_Rt,Complete,Normal,Low,no
407,no,Equal,Moderate,Normal,Oligaemic,no,no,5-12,<5,<7.5,Oligaemic,Fallot,no,4-10_days,no,None,Complete,Normal,Low,no
408,no,Equal,Severe,Normal,Plethoric,no,no,<5,5-12,<7.5,Plethoric,TGA,no,0-3_days,no,Rt_to_Lt,Transp.,Normal,High,yes
409,no,Equal,Severe,High,Asy/Patch,no,no,<5,12+,>=7.5,Asy/Patchy,PAIVS,no,0-3_days,no,Lt_to_Rt,Complete,Abnormal,Low,no
410,no,Equal,Moderate,Normal,Oligaemic,no,no,<5,5-12,<7.5,Oligaemic,Fallot,no,11-30_days,no,Lt_to_Rt,Mild,Normal,Low,no
411,no,Equal,Moderate,Normal,Oligaemic,no,no,5-12,5-12,>=7.5,Oligaemic,Fallot,no,4-10_days,no,Lt_to_Rt,Complete,Normal,Low,no
412,no,Equal,Severe,Normal,Plethoric,no,yes,5-12,5-12,<7.5,Plethoric,PAIVS,no,0-3_days,yes,Lt_to_Rt,Complete,Normal,Low,no
413,no,Equal,Mild,Low,Oligaemic,no,yes,12+,5-12,<7.5,Oligaemic,PAIVS,no,0-3_days,yes,Lt_to_Rt,Complete,Normal,Low,no
414,no,Equal,Moderate,Normal,Oligaemic,yes,yes,<5,<5,<7.5,Asy/Patchy,PAIVS,yes,0-3_days,yes,Lt_to_Rt,Complete,Normal,Low,no
415,no,Equal,Mild,Normal,Oligaemic,no,no,5-12,5-12,<7.5,Oligaemic,PFC,no,11-30_days,no,Lt_to_Rt,None,Normal,Low,no
416,no,Equal,Severe,Normal,Plethoric,no,no,5-12,<5,<7.5,Plethoric,TGA,no,0-3_days,no,None,Transp.,Normal,High,yes
417,no,Equal,Severe,Low,Plethoric,no,no,<5,5-12,<7.5,Plethoric,TGA,no,0-3_days,no,Rt_to_Lt,Transp.,Normal,High,yes
418,no,Equal,Moderate,Normal,Asy/Patch,yes,no,<5,5-12,>=7.5,Asy/Patchy,Fallot,no,11-30_days,no,Lt_to_Rt,Complete,Abnormal,Low,no
419,no,Equal,Severe,Normal,Plethoric,no,no,5-12,5-12,<7.5,Plethoric,TGA,no,11-30_days,no,None,Transp.,Normal,High,no
420,no,Equal,Moderate,Normal,Oligaemic,yes,yes,<5,5-12,>=7.5,Asy/Patchy,PAIVS,yes,0-3_days,yes,Lt_to_Rt,Complete,Normal,Low,yes
421,no,Equal,Moderate,Normal,Normal,no,yes,5-12,<5,<7.5,Normal,PAIVS,yes,0-3_days,yes,Lt_to_Rt,Complete,Normal,Normal,no
422,yes,Equal,Moderate,Normal,Normal,no,no,12+,5-12,>=7.5,Normal,Fallot,no,11-30_days,no,Lt_to_Rt,Complete,Normal,Low,no
423,no,Equal,Moderate,Normal,Oligaemic,no,no,5-12,5-12,<7.5,Oligaemic,Fallot,no,0-3_days,no,Lt_to_Rt,Mild,Normal,Low,yes
424,yes,Equal,Severe,Normal,Oligaemic,no,no,<5,5-12,<7.5,Oligaemic,PFC,no,0-3_days,no,Rt_to_Lt,Mild,Normal,Low,no
425,no,Equal,Moderate,Normal,Oligaemic,no,no,<5,5-12,<7.5,Oligaemic,PAIVS,no,0-3_days,yes,Lt_to_Rt,Complete,Normal,Low,no
426,no,Equal,Severe,Normal,Oligaemic,no,no,5-12,<5,<7.5,Oligaemic,Fallot,no,4-10_days,no,Lt_to_Rt,Complete,Abnormal,Low,no
427,no,Equal,Severe,Normal,Normal,no,no,<5,12+,<7.5,Normal,TGA,no,4-10_days,no,Lt_to_Rt,Mild,Normal,Normal,no
428,no,Equal,Moderate,High,Asy/Patch,no,no,<5,<5,>=7.5,Asy/Patchy,Fallot,no,11-30_days,no,Lt_to_Rt,Complete,Abnormal,Low,no
429,no,Equal,Severe,Low,Plethoric,no,yes,12+,5-12,<7.5,Plethoric,TGA,no,0-3_days,no,None,Transp.,Normal,High,no
430,no,Equal,Moderate,Normal,Grd_Glass,yes,no,<5,12+,<7.5,Grd_Glass,TAPVD,yes,4-10_days,no,Rt_to_Lt,Complete,Congested,High,yes
431,no,Unequal,Moderate,Normal,Oligaemic,no,yes,5-12,5-12,>=7.5,Grd_Glass,PAIVS,no,0-3_days,yes,Lt_to_Rt,Complete,Normal,Low,no
432,no,Unequal,Moderate,Normal,Grd_Glass,yes,no,<5,5-12,<7.5,Grd_Glass,PFC,yes,0-3_days,no,Rt_to_Lt,None,Congested,Low,yes
433,no,Equal,Moderate,Normal,Normal,no,no,5-12,5-12,<7.5,Normal,TGA,no,0-3_days,no,None,Transp.,Normal,Normal,no
434,no,Equal,Severe,Normal,Oligaemic,no,no,<5,12+,<7.5,Oligaemic,Fallot,no,4-10_days,no,None,Complete,Normal,Low,no
435,no,Equal,Moderate,Normal,Plethoric,no,no,5-12,<5,<7.5,Plethoric,TGA,no,0-3_days,no,None,Mild,Normal,High,no
436,no,Equal,Mild,Low,Oligaemic,yes,no,5-12,12+,<7.5,Oligaemic,Fallot,yes,0-3_days,no,Lt_to_Rt,Complete,Abnormal,Low,yes
437,yes,Equal,Moderate,High,Normal,no,no,5-12,<5,>=7.5,Normal,TGA,no,0-3_days,no,None,Transp.,Normal,Normal,no
438,no,Equal,Severe,High,Plethoric,no,no,5-12,<5,>=7.5,Plethoric,TGA,no,4-10_days,no,None,Transp.,Normal,High,no
439,no,Equal,Moderate,Normal,Normal,no,no,5-12,5-12,<7.5,Normal,Fallot,no,0-3_days,no,Lt_to_Rt,Complete,Normal,Low,no
440,no,Equal,Severe,High,Plethoric,no,no,12+,<5,>=7.5,Normal,TGA,no,4-10_days,no,None,Transp.,Normal,Normal,yes
441,no,Equal,Moderate,Normal,Oligaemic,no,yes,12+,5-12,<7.5,Oligaemic,PAIVS,no,0-3_days,yes,Lt_to_Rt,Complete,Normal,Low,no
442,no,Equal,Moderate,Normal,Oligaemic,no,yes,<5,5-12,<7.5,Oligaemic,PAIVS,no,4-10_days,yes,Lt_to_Rt,Complete,Normal,Low,no
443,no,Equal,Moderate,High,Oligaemic,no,no,5-12,5-12,>=7.5,Oligaemic,TGA,no,0-3_days,no,None,Transp.,Normal,Low,no
444,no,Equal,Moderate,Low,Plethoric,no,yes,5-12,5-12,>=7.5,Plethoric,TGA,yes,11-30_days,yes,Rt_to_Lt,Transp.,Normal,High,no
445,no,Equal,Moderate,Normal,Oligaemic,no,no,5-12,5-12,<7.5,Oligaemic,PFC,no,0-3_days,no,Rt_to_Lt,Mild,Normal,Low,no
446,no,Equal,Severe,Normal,Plethoric,no,no,<5,12+,<7.5,Plethoric,TGA,no,0-3_days,no,None,Transp.,Normal,High,no
447,no,Unequal,Moderate,High,Asy/Patch,no,no,5-12,5-12,>=7.5,Asy/Patchy,PFC,no,0-3_days,no,Rt_to_Lt,None,Abnormal,Normal,no
448,no,Equal,Moderate,Normal,Normal,no,yes,5-12,<5,<7.5,Normal,PFC,no,0-3_days,yes,Lt_to_Rt,Mild,Normal,Normal,yes
449,no,Equal,Severe,Normal,Oligaemic,yes,no,<5,5-12,<7.5,Oligaemic,Fallot,yes,4-10_days,no,None,Complete,Normal,Low,yes
450,no,Equal,Moderate,Normal,Oligaemic,no,no,<5,5-12,>=7.5,Oligaemic,Fallot,no,11-30_days,no,Lt_to_Rt,Complete,Normal,Low,no
451,no,Equal,Severe,Low,Grd_Glass,no,no,5-12,<5,>=7.5,Grd_Glass,TAPVD,no,4-10_days,no,None,Complete,Congested,High,yes
452,no,Equal,Severe,Normal,Plethoric,no,no,<5,<5,<7.5,Normal,TGA,yes,4-10_days,no,None,Transp.,Normal,High,no
453,yes,Equal,Moderate,High,Oligaemic,yes,yes,5-12,5-12,>=7.5,Oligaemic,TGA,yes,0-3_days,yes,None,Mild,Abnormal,High,no
454,no,Equal,Severe,Normal,Asy/Patch,no,yes,5-12,5-12,<7.5,Asy/Patchy,PAIVS,no,0-3_days,yes,Lt_to_Rt,Complete,Normal,Low,yes
455,no,Equal,Severe,Normal,Oligaemic,yes,no,<5,<5,<7.5,Oligaemic,TAPVD,yes,0-3_days,no,Lt_to_Rt,Complete,Abnormal,High,no
456,no,Equal,Severe,Normal,Normal,no,no,<5,12+,>=7.5,Normal,TGA,no,0-3_days,no,None,Transp.,Normal,Normal,no
457,no,Equal,Moderate,Normal,Plethoric,no,no,5-12,5-12,<7.5,Asy/Patchy,TGA,yes,0-3_days,no,None,Complete,Normal,High,no
458,no,Equal,Mild,Normal,Oligaemic,no,no,12+,<5,<7.5,Oligaemic,Fallot,no,4-10_days,no,Lt_to_Rt,Complete,Normal,Low,yes
459,no,Equal,Moderate,Normal,Oligaemic,no,no,5-12,5-12,<7.5,Oligaemic,TGA,no,0-3_days,no,None,Mild,Normal,High,no
460,no,Equal,Severe,High,Plethoric,no,yes,12+,<5,>=7.5,Plethoric,TGA,no,0-3_days,yes,None,Transp.,Normal,High,yes
461,no,Equal,Moderate,Normal,Normal,no,no,5-12,<5,<7.5,Oligaemic,Fallot,no,11-30_days,no,Lt_to_Rt,Mild,Normal,Normal,no
462,no,Equal,Moderate,Normal,Oligaemic,yes,yes,5-12,5-12,<7.5,Oligaemic,PAIVS,yes,0-3_days,yes,Lt_to_Rt,Mild,Normal,Low,yes
463,no,Equal,Severe,Normal,Plethoric,no,no,5-12,5-12,<7.5,Plethoric,TGA,yes,11-30_days,no,None,Transp.,Normal,High,no
464,yes,Equal,Mild,Low,Plethoric,no,no,5-12,5-12,<7.5,Plethoric,TGA,no,0-3_days,no,None,Complete,Normal,High,no
465,no,Equal,Moderate,Normal,Grd_Glass,no,no,5-12,5-12,>=7.5,Plethoric,TGA,no,4-10_days,no,None,Transp.,Normal,High,no
466,no,Equal,Severe,Normal,Plethoric,no,no,<5,<5,<7.5,Plethoric,TGA,no,4-10_days,no,None,Transp.,Normal,High,no
467,no,Equal,Moderate,Normal,Normal,no,yes,5-12,5-12,<7.5,Normal,PAIVS,no,4-10_days,yes,Lt_to_Rt,Complete,Normal,Normal,no
468,no,Equal,Moderate,High,Oligaemic,no,yes,5-12,<5,>=7.5,Oligaemic,PAIVS,no,0-3_days,yes,Lt_to_Rt,Complete,Normal,Low,no
469,no,Equal,Severe,Normal,Oligaemic,no,no,5-12,<5,<7.5,Oligaemic,Fallot,no,4-10_days,no,Lt_to_Rt,Complete,Normal,Low,no
470,no,Equal,Severe,Normal,Plethoric,no,no,5-12,<5,<7.5,Plethoric,TGA,no,0-3_days,no,None,Transp.,Normal,High,no
471,no,Unequal,Severe,Normal,Normal,no,yes,<5,5-12,<7.5,Oligaemic,TGA,no,0-3_days,yes,None,Transp.,Normal,Normal,no
472,no,Equal,Moderate,Normal,Asy/Patch,no,no,5-12,5-12,<7.5,Plethoric,PAIVS,no,0-3_days,no,Lt_to_Rt,Complete,Abnormal,Low,no
473,no,Unequal,Moderate,Normal,Oligaemic,no,yes,12+,5-12,<7.5,Oligaemic,PAIVS,no,0-3_days,yes,Lt_to_Rt,Complete,Normal,Low,no
474,no,Equal,Severe,Normal,Oligaemic,yes,yes,<5,12+,<7.5,Oligaemic,PAIVS,yes,4-10_days,yes,Lt_to_Rt,Complete,Normal,Low,yes
475,no,Unequal,Severe,High,Grd_Glass,no,no,<5,5-12,>=7.5,Plethoric,TGA,no,11-30_days,no,Rt_to_Lt,Transp.,Abnormal,High,no
476,no,Equal,Moderate,Normal,Grd_Glass,yes,yes,12+,5-12,<7.5,Grd_Glass,PAIVS,yes,0-3_days,yes,Lt_to_Rt,Complete,Abnormal,High,no
477,no,Equal,Moderate,Normal,Asy/Patch,yes,yes,5-12,5-12,<7.5,Asy/Patchy,PAIVS,yes,0-3_days,yes,Lt_to_Rt,Complete,Abnormal,Low,yes
478,no,Equal,Moderate,Normal,Plethoric,no,no,<5,5-12,<7.5,Plethoric,TGA,no,0-3_days,no,None,Mild,Normal,High,no
479,no,Equal,Mild,Low,Oligaemic,no,no,12+,5-12,<7.5,Oligaemic,Fallot,no,4-10_days,no,None,Complete,Normal,Low,no
480,no,Equal,Severe,Low,Normal,no,no,5-12,<5,<7.5,Normal,TGA,no,0-3_days,no,None,Transp.,Normal,High,no
481,yes,Equal,Severe,Normal,Oligaemic,no,yes,<5,5-12,<7.5,Oligaemic,PAIVS,no,0-3_days,yes,Lt_to_Rt,Complete,Normal,Low,no
482,no,Equal,Moderate,Normal,Plethoric,no,no,5-12,5-12,<7.5,Plethoric,TGA,no,4-10_days,no,None,Transp.,Normal,High,no
483,no,Equal,Moderate,Normal,Oligaemic,no,no,5-12,<5,<7.5,Oligaemic,Fallot,no,11-30_days,no,Lt_to_Rt,Complete,Normal,Low,no
484,no,Equal,Severe,Normal,Normal,no,no,<5,<5,<7.5,Normal,Fallot,no,11-30_days,no,None,Complete,Normal,Low,no
485,no,Equal,Severe,High,Grd_Glass,yes,no,5-12,<5,>=7.5,Plethoric,TGA,yes,0-3_days,no,None,Transp.,Abnormal,High,no
486,no,Equal,Moderate,High,Plethoric,yes,no,<5,5-12,>=7.5,Plethoric,TGA,no,0-3_days,no,None,Transp.,Normal,High,yes
487,yes,Unequal,Mild,Normal,Oligaemic,no,yes,<5,12+,<7.5,Normal,PFC,no,0-3_days,no,Rt_to_Lt,Mild,Normal,Low,no
488,no,Unequal,Severe,Low,Normal,no,no,<5,<5,<7.5,Normal,Fallot,no,11-30_days,no,Lt_to_Rt,Complete,Normal,Low,no
489,no,Equal,Severe,Normal,Normal,no,no,<5,5-12,<7.5,Normal,TGA,no,4-10_days,no,None,Transp.,Normal,High,yes
490,no,Equal,Severe,Normal,Plethoric,no,no,5-12,5-12,<7.5,Plethoric,TGA,no,0-3_days,no,None,Transp.,Normal,High,yes
491,no,Equal,Severe,High,Grd_Glass,no,no,5-12,<5,<7.5,Grd_Glass,TGA,no,0-3_days,no,None,Transp.,Abnormal,Normal,no
492,no,Equal,Moderate,Normal,Plethoric,no,no,5-12,5-12,<7.5,Plethoric,Fallot,no,0-3_days,no,Lt_to_Rt,Complete,Normal,High,yes
493,no,Equal,Moderate,Normal,Normal,no,yes,<5,5-12,<7.5,Normal,PAIVS,no,0-3_days,yes,Lt_to_Rt,Complete,Normal,Low,no
494,no,Unequal,Severe,Normal,Plethoric,no,yes,<5,<5,<7.5,Plethoric,TGA,no,0-3_days,yes,Rt_to_Lt,Transp.,Normal,High,yes
495,yes,Unequal,Moderate,Normal,Plethoric,no,no,5-12,12+,<7.5,Plethoric,TAPVD,no,0-3_days,no,Rt_to_Lt,Mild,Congested,High,yes
496,no,Equal,Severe,Low,Plethoric,yes,no,5-12,5-12,<7.5,Plethoric,TGA,no,0-3_days,no,None,Transp.,Normal,High,yes
497,yes,Equal,Severe,Normal,Plethoric,no,no,<5,<5,<7.5,Plethoric,TGA,yes,4-10_days,no,None,Transp.,Normal,High,no
498,no,Equal,Moderate,Normal,Grd_Glass,no,no,5-12,5-12,<7.5,Grd_Glass,Fallot,no,11-30_days,no,Lt_to_Rt,Complete,Normal,Low,no
499,no,Equal,Severe,High,Plethoric,no,no,12+,5-12,>=7.5,Plethoric,TGA,no,0-3_days,no,None,Transp.,Normal,High,no
500,no,Unequal,Moderate,Normal,Oligaemic,no,no,<5,<5,<7.5,Normal,Fallot,no,4-10_days,no,Lt_to_Rt,Complete,Normal,Low,no
501,no,Equal,Moderate,Normal,Asy/Patch,yes,yes,12+,5-12,<7.5,Normal,PAIVS,yes,0-3_days,yes,Lt_to_Rt,Complete,Abnormal,Low,yes
502,no,Equal,Moderate,Normal,Normal,no,no,5-12,5-12,<7.5,Normal,TGA,yes,4-10_days,no,None,Transp.,Normal,Normal,no
503,no,Unequal,Moderate,Low,Grd_Glass,yes,no,<5,12+,<7.5,Asy/Patchy,Lung,yes,0-3_days,no,None,Mild,Congested,Normal,no
504,no,Equal,Severe,High,Oligaemic,yes,no,<5,<5,>=7.5,Oligaemic,TGA,no,11-30_days,no,None,Transp.,Abnormal,High,no
505,no,Equal,Severe,Normal,Grd_Glass,no,no,5-12,<5,<7.5,Grd_Glass,TAPVD,no,0-3_days,no,None,Complete,Congested,Normal,yes
506,no,Equal,Severe,Normal,Grd_Glass,yes,no,<5,<5,<7.5,Grd_Glass,TGA,yes,0-3_days,no,None,Transp.,Abnormal,High,no
507,no,Unequal,Severe,Normal,Plethoric,no,no,5-12,<5,>=7.5,Normal,TGA,no,0-3_days,no,None,Transp.,Normal,High,no
508,no,Equal,Moderate,Normal,Oligaemic,no,no,5-12,5-12,<7.5,Oligaemic,TGA,no,0-3_days,no,None,Mild,Normal,Low,no
509,no,Equal,Moderate,High,Oligaemic,no,yes,5-12,<5,>=7.5,Oligaemic,PAIVS,no,0-3_days,yes,Lt_to_Rt,Complete,Normal,Low,no
510,no,Equal,Moderate,Normal,Oligaemic,no,no,5-12,5-12,<7.5,Oligaemic,Fallot,no,0-3_days,no,Lt_to_Rt,Mild,Normal,Low,yes
511,no,Equal,Severe,Normal,Normal,no,no,<5,<5,<7.5,Normal,TGA,no,4-10_days,no,None,Transp.,Normal,High,yes
512,yes,Equal,Moderate,Normal,Oligaemic,no,yes,5-12,5-12,<7.5,Oligaemic,PAIVS,no,0-3_days,yes,Lt_to_Rt,Complete,Normal,Low,no
513,no,Equal,Severe,Low,Oligaemic,yes,yes,<5,12+,<7.5,Oligaemic,TGA,yes,0-3_days,yes,None,Transp.,Abnormal,High,no
514,no,Unequal,Moderate,Normal,Plethoric,no,no,<5,<5,<7.5,Plethoric,TGA,no,0-3_days,no,None,Complete,Normal,High,yes
515,no,Equal,Severe,Normal,Plethoric,yes,no,5-12,12+,<7.5,Normal,TGA,yes,4-10_days,no,None,Transp.,Normal,High,yes
516,no,Equal,Moderate,High,Oligaemic,no,no,5-12,<5,>=7.5,Oligaemic,TAPVD,no,4-10_days,no,Lt_to_Rt,Complete,Normal,Low,no
517,no,Equal,Moderate,Low,Oligaemic,no,yes,<5,5-12,<7.5,Oligaemic,Fallot,yes,4-10_days,yes,Lt_to_Rt,Complete,Normal,Low,no
518,yes,Unequal,Mild,High,Oligaemic,yes,no,<5,12+,>=7.5,Oligaemic,PFC,yes,0-3_days,no,Rt_to_Lt,None,Normal,Low,yes
519,no,Equal,Moderate,Normal,Oligaemic,no,no,5-12,<5,<7.5,Oligaemic,Fallot,no,11-30_days,no,Lt_to_Rt,Complete,Normal,Low,no
520,no,Equal,Moderate,Normal,Plethoric,no,no,5-12,<5,<7.5,Plethoric,TGA,no,0-3_days,no,None,Complete,Normal,High,no
521,no,Equal,Moderate,Normal,Asy/Patch,no,no,12+,5-12,<7.5,Asy/Patchy,Lung,no,0-3_days,no,Rt_to_Lt,Mild,Abnormal,Normal,yes
522,no,Equal,Moderate,High,Asy/Patch,yes,no,<5,5-12,>=7.5,Asy/Patchy,Lung,yes,11-30_days,no,None,Complete,Abnormal,Normal,yes
523,no,Equal,Moderate,Normal,Oligaemic,no,no,5-12,<5,<7.5,Oligaemic,PAIVS,no,4-10_days,no,Lt_to_Rt,Complete,Normal,Low,no
524,no,Equal,Moderate,Normal,Plethoric,no,yes,5-12,12+,<7.5,Plethoric,PAIVS,no,0-3_days,yes,Lt_to_Rt,Complete,Congested,High,no
525,no,Unequal,Mild,Normal,Oligaemic,yes,no,5-12,<5,<7.5,Oligaemic,PFC,yes,0-3_days,no,Rt_to_Lt,None,Normal,Low,yes
526,no,Equal,Moderate,High,Oligaemic,no,no,<5,<5,>=7.5,Oligaemic,TGA,no,0-3_days,no,None,Transp.,Abnormal,High,no
527,no,Unequal,Severe,Low,Plethoric,no,no,5-12,5-12,<7.5,Plethoric,TGA,no,0-3_days,no,Rt_to_Lt,Transp.,Normal,High,no
528,yes,Equal,Severe,Normal,Oligaemic,no,no,5-12,5-12,<7.5,Normal,Fallot,no,0-3_days,no,Lt_to_Rt,Complete,Normal,Low,no
529,no,Equal,Moderate,Normal,Oligaemic,yes,no,<5,5-12,<7.5,Oligaemic,Fallot,yes,4-10_days,no,Lt_to_Rt,Complete,Normal,Low,yes
530,no,Equal,Moderate,Normal,Grd_Glass,yes,no,5-12,12+,<7.5,Grd_Glass,TAPVD,yes,0-3_days,no,Lt_to_Rt,Mild,Congested,Normal,yes
531,no,Equal,Severe,High,Oligaemic,yes,yes,<5,<5,>=7.5,Oligaemic,TGA,yes,0-3_days,yes,None,Transp.,Abnormal,Normal,no
532,no,Equal,Severe,Normal,Oligaemic,no,yes,5-12,<5,<7.5,Plethoric,PAIVS,yes,0-3_days,yes,Lt_to_Rt,Transp.,Normal,Low,no
533,no,Unequal,Moderate,Low,Oligaemic,no,yes,5-12,<5,<7.5,Oligaemic,PAIVS,no,4-10_days,yes,Lt_to_Rt,Complete,Normal,Low,no
534,no,Unequal,Moderate,Normal,Oligaemic,no,no,5-12,5-12,<7.5,Oligaemic,Fallot,no,4-10_days,no,Lt_to_Rt,Complete,Normal,Low,no
535,no,Equal,Severe,Normal,Oligaemic,no,no,5-12,5-12,<7.5,Oligaemic,TGA,no,4-10_days,no,None,Transp.,Normal,Low,no
536,no,Equal,Mild,Normal,Normal,no,no,12+,12+,<7.5,Normal,TGA,no,0-3_days,no,None,Complete,Normal,High,no
537,no,Equal,Moderate,Normal,Asy/Patch,no,yes,5-12,12+,<7.5,Grd_Glass,PAIVS,no,0-3_days,yes,Lt_to_Rt,Complete,Congested,Low,no
538,no,Equal,Moderate,Normal,Asy/Patch,yes,yes,<5,5-12,<7.5,Asy/Patchy,PAIVS,yes,0-3_days,yes,Lt_to_Rt,Complete,Abnormal,Low,yes
539,no,Equal,Severe,High,Oligaemic,no,yes,<5,5-12,>=7.5,Oligaemic,Fallot,no,0-3_days,yes,Lt_to_Rt,Complete,Normal,Low,no
540,no,Equal,Moderate,Normal,Plethoric,no,no,<5,5-12,<7.5,Plethoric,PAIVS,no,0-3_days,no,Lt_to_Rt,Complete,Normal,Low,no
541,no,Equal,Severe,Normal,Asy/Patch,no,no,<5,5-12,<7.5,Normal,TGA,no,0-3_days,no,None,Transp.,Congested,High,no
542,no,Equal,Moderate,Normal,Normal,yes,no,12+,5-12,<7.5,Normal,TAPVD,yes,0-3_days,no,None,Complete,Normal,Normal,yes
543,no,Unequal,Moderate,Normal,Normal,no,no,5-12,<5,<7.5,Normal,Fallot,no,0-3_days,no,Lt_to_Rt,Complete,Normal,Low,no
544,no,Equal,Moderate,High,Oligaemic,no,yes,5-12,5-12,>=7.5,Oligaemic,PAIVS,no,0-3_days,yes,Lt_to_Rt,Complete,Abnormal,Low,no
545,no,Equal,Moderate,Normal,Grd_Glass,no,no,5-12,5-12,<7.5,Grd_Glass,TAPVD,no,0-3_days,no,None,Complete,Congested,Low,yes
546,no,Equal,Severe,Normal,Normal,no,no,12+,<5,<7.5,Normal,TGA,no,0-3_days,no,Lt_to_Rt,Transp.,Normal,Normal,yes
547,yes,Equal,Mild,Low,Plethoric,no,no,12+,12+,<7.5,Plethoric,TGA,no,0-3_days,no,Rt_to_Lt,Complete,Normal,High,yes
548,no,Unequal,Mild,Low,Oligaemic,no,no,<5,5-12,<7.5,Asy/Patchy,Fallot,no,0-3_days,no,Lt_to_Rt,None,Normal,Low,no
549,no,Equal,Moderate,Normal,Asy/Patch,no,no,5-12,5-12,<7.5,Asy/Patchy,TAPVD,no,4-10_days,no,None,Complete,Congested,High,no
550,no,Equal,Mild,Normal,Oligaemic,yes,no,12+,5-12,<7.5,Oligaemic,Fallot,no,0-3_days,no,Lt_to_Rt,Complete,Normal,Low,yes
551,no,Equal,Severe,Normal,Normal,yes,yes,<5,<5,<7.5,Normal,PAIVS,yes,0-3_days,yes,Lt_to_Rt,Complete,Normal,Normal,no
552,no,Equal,Severe,Normal,Normal,yes,no,5-12,<5,<7.5,Normal,TGA,yes,0-3_days,no,Lt_to_Rt,Transp.,Normal,Normal,yes
553,yes,Unequal,Mild,High,Oligaemic,no,yes,<5,5-12,>=7.5,Oligaemic,PFC,no,4-10_days,yes,Rt_to_Lt,None,Abnormal,High,yes
554,no,Equal,Moderate,Normal,Normal,no,yes,5-12,5-12,<7.5,Normal,PAIVS,no,0-3_days,yes,Lt_to_Rt,Complete,Normal,Normal,no
555,no,Equal,Moderate,Normal,Asy/Patch,yes,no,<5,<5,<7.5,Asy/Patchy,PAIVS,yes,0-3_days,no,Lt_to_Rt,Complete,Abnormal,Low,no
556,no,Equal,Severe,High,Asy/Patch,no,no,<5,<5,>=7.5,Asy/Patchy,TGA,no,4-10_days,no,None,Transp.,Abnormal,Normal,yes
557,no,Equal,Severe,Normal,Oligaemic,no,yes,<5,5-12,<7.5,Oligaemic,TGA,no,0-3_days,yes,None,Transp.,Normal,Low,no
558,no,Equal,Mild,Normal,Oligaemic,no,yes,12+,12+,<7.5,Oligaemic,PAIVS,no,0-3_days,yes,Lt_to_Rt,Complete,Normal,Low,no
559,no,Equal,Moderate,High,Plethoric,no,no,5-12,5-12,>=7.5,Plethoric,Fallot,no,11-30_days,no,Lt_to_Rt,Mild,Abnormal,Low,no
560,no,Equal,Moderate,Normal,Normal,no,no,5-12,<5,<7.5,Asy/Patchy,Fallot,no,11-30_days,no,Lt_to_Rt,Complete,Normal,Normal,no
561,no,Equal,Mild,High,Oligaemic,no,no,12+,12+,>=7.5,Oligaemic,Fallot,no,11-30_days,no,Lt_to_Rt,Complete,Normal,Low,no
562,no,Equal,Moderate,Normal,Plethoric,yes,no,12+,5-12,<7.5,Plethoric,TGA,no,11-30_days,no,None,Transp.,Normal,High,yes
563,no,Equal,Moderate,Normal,Oligaemic,no,yes,12+,5-12,<7.5,Oligaemic,PAIVS,yes,0-3_days,yes,Lt_to_Rt,Complete,Normal,Low,no
564,no,Equal,Mild,High,Plethoric,no,no,5-12,12+,>=7.5,Plethoric,Lung,no,0-3_days,no,None,None,Abnormal,Normal,yes
565,no,Unequal,Moderate,Normal,Grd_Glass,no,no,<5,<5,<7.5,Grd_Glass,TAPVD,no,0-3_days,no,Rt_to_Lt,Complete,Congested,High,no
566,no,Equal,Mild,Normal,Plethoric,yes,no,12+,12+,<7.5,Plethoric,TGA,no,0-3_days,no,None,None,Normal,High,yes
567,no,Equal,Moderate,Normal,Oligaemic,no,no,12+,<5,<7.5,Oligaemic,Fallot,no,0-3_days,no,Lt_to_Rt,Complete,Normal,Low,no
568,yes,Equal,Mild,Normal,Plethoric,no,no,12+,5-12,<7.5,Plethoric,PFC,no,0-3_days,no,Rt_to_Lt,None,Normal,Low,no
569,no,Unequal,Mild,Normal,Plethoric,no,no,<5,<5,<7.5,Plethoric,TGA,no,0-3_days,no,Rt_to_Lt,None,Normal,High,yes
570,no,Equal,Severe,High,Plethoric,yes,yes,5-12,<5,>=7.5,Plethoric,PAIVS,yes,0-3_days,yes,Lt_to_Rt,Complete,Abnormal,Low,no
571,no,Equal,Severe,Low,Normal,no,no,5-12,<5,<7.5,Normal,TGA,no,0-3_days,no,Lt_to_Rt,Transp.,Normal,High,no
572,no,Equal,Moderate,Normal,Oligaemic,no,yes,5-12,<5,<7.5,Oligaemic,PAIVS,yes,0-3_days,yes,Lt_to_Rt,Complete,Normal,Low,no
573,no,Equal,Moderate,Normal,Grd_Glass,yes,no,5-12,5-12,<7.5,Grd_Glass,Lung,no,0-3_days,no,None,Mild,Congested,Normal,yes
574,no,Equal,Moderate,Normal,Plethoric,no,yes,5-12,12+,>=7.5,Plethoric,TGA,no,0-3_days,yes,None,Complete,Normal,High,no
575,yes,Equal,Moderate,High,Plethoric,no,no,5-12,5-12,>=7.5,Plethoric,TGA,yes,11-30_days,no,None,Transp.,Normal,High,yes
576,no,Equal,Severe,Normal,Plethoric,no,no,5-12,5-12,<7.5,Plethoric,TGA,no,0-3_days,no,None,Transp.,Normal,High,yes
577,no,Equal,Moderate,Normal,Asy/Patch,no,no,<5,5-12,<7.5,Asy/Patchy,TAPVD,no,0-3_days,no,None,Complete,Congested,Normal,no
578,no,Equal,Moderate,Normal,Oligaemic,no,no,<5,5-12,<7.5,Plethoric,Fallot,yes,11-30_days,no,None,Complete,Normal,Low,no
579,yes,Equal,Mild,Normal,Normal,no,no,12+,12+,<7.5,Oligaemic,Fallot,no,11-30_days,no,Lt_to_Rt,Complete,Normal,Normal,no
580,no,Equal,Severe,Normal,Normal,no,no,5-12,<5,>=7.5,Normal,TGA,no,0-3_days,no,None,Transp.,Normal,Normal,no
581,no,Unequal,Mild,Normal,Normal,no,no,5-12,5-12,<7.5,Asy/Patchy,PFC,no,0-3_days,no,Rt_to_Lt,None,Normal,Normal,yes
582,no,Equal,Moderate,Low,Oligaemic,no,no,<5,<5,<7.5,Oligaemic,Fallot,no,0-3_days,no,Lt_to_Rt,Complete,Normal,Low,yes
583,yes,Equal,Moderate,Normal,Normal,no,yes,5-12,12+,<7.5,Normal,PAIVS,no,0-3_days,yes,Lt_to_Rt,Complete,Normal,Normal,no
584,no,Equal,Severe,Normal,Plethoric,no,no,5-12,12+,>=7.5,Plethoric,TGA,no,0-3_days,no,None,Transp.,Normal,High,yes
585,no,Equal,Mild,Normal,Oligaemic,no,no,5-12,<5,<7.5,Oligaemic,Fallot,no,11-30_days,no,Lt_to_Rt,None,Normal,Low,no
586,no,Unequal,Mild,Normal,Oligaemic,no,yes,<5,5-12,<7.5,Oligaemic,PFC,no,0-3_days,yes,Rt_to_Lt,None,Normal,Low,yes
587,no,Equal,Moderate,High,Plethoric,no,no,5-12,<5,>=7.5,Plethoric,TAPVD,no,4-10_days,no,None,Complete,Congested,High,yes
588,no,Equal,Moderate,Normal,Asy/Patch,no,yes,<5,5-12,<7.5,Asy/Patchy,Fallot,no,0-3_days,no,Lt_to_Rt,Mild,Abnormal,Low,no
589,no,Equal,Moderate,Normal,Oligaemic,no,no,5-12,<5,<7.5,Normal,Fallot,no,4-10_days,no,None,Complete,Normal,Low,no
590,no,Equal,Severe,High,Plethoric,no,no,<5,<5,>=7.5,Plethoric,TGA,no,0-3_days,no,Lt_to_Rt,Transp.,Normal,High,no
591,no,Equal,Moderate,Normal,Oligaemic,yes,no,<5,5-12,<7.5,Oligaemic,Fallot,no,0-3_days,no,Lt_to_Rt,Complete,Normal,Low,yes
592,no,Equal,Severe,Normal,Normal,no,no,5-12,12+,<7.5,Plethoric,TGA,no,0-3_days,no,None,Transp.,Normal,Normal,yes
593,no,Equal,Severe,Normal,Plethoric,no,yes,<5,<5,<7.5,Oligaemic,TGA,no,0-3_days,no,None,Transp.,Normal,High,yes
594,no,Equal,Moderate,Normal,Asy/Patch,yes,yes,5-12,<5,>=7.5,Asy/Patchy,PAIVS,yes,0-3_days,yes,Lt_to_Rt,Complete,Abnormal,Normal,no
595,no,Equal,Moderate,Low,Oligaemic,no,yes,5-12,5-12,>=7.5,Normal,PAIVS,yes,0-3_days,yes,Lt_to_Rt,Complete,Normal,Low,no
596,no,Equal,Severe,Normal,Plethoric,no,no,5-12,<5,<7.5,Normal,TGA,no,4-10_days,no,None,Transp.,Normal,High,no
597,yes,Equal,Moderate,Low,Oligaemic,no,no,5-12,5-12,<7.5,Oligaemic,Fallot,no,4-10_days,no,None,Complete,Normal,Low,yes
598,no,Equal,Moderate,Normal,Oligaemic,no,yes,5-12,<5,<7.5,Oligaemic,PAIVS,no,0-3_days,yes,Lt_to_Rt,Complete,Normal,Low,no
599,no,Equal,Moderate,Low,Oligaemic,no,yes,<5,5-12,<7.5,Oligaemic,PAIVS,no,0-3_days,yes,Lt_to_Rt,Complete,Normal,Low,no
600,no,Equal,Mild,Normal,Plethoric,no,no,12+,5-12,<7.5,Plethoric,TGA,no,0-3_days,no,Lt_to_Rt,None,Normal,High,yes
601,no,Equal,Severe,Normal,Asy/Patch,no,no,<5,<5,<7.5,Asy/Patchy,Fallot,no,4-10_days,no,Lt_to_Rt,Complete,Abnormal,Low,no
602,no,Equal,Mild,Normal,Normal,no,no,5-12,5-12,<7.5,Normal,Fallot,no,11-30_days,no,None,None,Normal,Low,no
603,no,Equal,Severe,Normal,Oligaemic,no,yes,5-12,12+,>=7.5,Oligaemic,PAIVS,no,0-3_days,yes,Lt_to_Rt,Transp.,Normal,Low,no
604,no,Equal,Moderate,Normal,Normal,no,no,<5,5-12,<7.5,Normal,Fallot,no,11-30_days,no,Lt_to_Rt,Complete,Normal,Normal,no
605,no,Equal,Moderate,Normal,Oligaemic,no,no,5-12,5-12,<7.5,Oligaemic,Fallot,no,11-30_days,no,None,Complete,Normal,Low,no
606,yes,Unequal,Severe,Normal,Plethoric,no,no,5-12,<5,<7.5,Plethoric,TGA,no,0-3_days,no,Rt_to_Lt,Transp.,Congested,High,no
607,no,Unequal,Mild,Normal,Asy/Patch,yes,no,5-12,5-12,<7.5,Asy/Patchy,Lung,yes,11-30_days,no,Rt_to_Lt,Mild,Abnormal,Normal,no
608,no,Unequal,Moderate,Normal,Normal,no,no,<5,<5,<7.5,Oligaemic,PAIVS,no,0-3_days,no,Lt_to_Rt,Complete,Normal,Low,yes
609,yes,Equal,Severe,Normal,Plethoric,no,no,<5,5-12,<7.5,Plethoric,TGA,no,0-3_days,no,Lt_to_Rt,Transp.,Normal,High,no
610,yes,Equal,Mild,Normal,Oligaemic,no,yes,12+,5-12,<7.5,Oligaemic,PAIVS,no,4-10_days,yes,Lt_to_Rt,Complete,Normal,Low,yes
611,no,Equal,Moderate,Normal,Normal,no,no,5-12,<5,<7.5,Normal,TGA,yes,4-10_days,no,None,Transp.,Normal,Normal,no
612,no,Equal,Severe,Normal,Grd_Glass,no,no,<5,5-12,<7.5,Grd_Glass,TGA,no,11-30_days,no,None,Transp.,Normal,High,no
613,no,Equal,Severe,Normal,Normal,no,yes,<5,12+,<7.5,Normal,PAIVS,no,4-10_days,yes,Lt_to_Rt,Complete,Normal,Low,no
614,no,Equal,Moderate,Low,Normal,no,no,5-12,5-12,<7.5,Asy/Patchy,TGA,no,4-10_days,no,None,Transp.,Normal,High,yes
615,no,Equal,Moderate,Normal,Plethoric,yes,no,5-12,5-12,>=7.5,Plethoric,TGA,yes,0-3_days,no,None,Transp.,Normal,High,yes
616,no,Equal,Mild,Normal,Oligaemic,no,no,5-12,12+,<7.5,Oligaemic,Fallot,no,0-3_days,no,Lt_to_Rt,Complete,Normal,Low,yes
617,no,Equal,Moderate,Normal,Plethoric,no,no,5-12,5-12,<7.5,Plethoric,TGA,no,0-3_days,no,None,Transp.,Normal,High,yes
618,yes,Equal,Severe,Normal,Normal,no,no,<5,<5,<7.5,Normal,TGA,no,0-3_days,no,Lt_to_Rt,Transp.,Normal,Normal,no
619,no,Equal,Moderate,Normal,Grd_Glass,no,no,5-12,5-12,>=7.5,Normal,TAPVD,no,4-10_days,no,None,Complete,Congested,Normal,no
620,no,Equal,Severe,High,Asy/Patch,yes,yes,<5,12+,>=7.5,Asy/Patchy,PAIVS,yes,0-3_days,yes,Lt_to_Rt,Complete,Abnormal,Low,no
621,no,Equal,Severe,High,Asy/Patch,yes,no,<5,12+,>=7.5,Asy/Patchy,Fallot,yes,11-30_days,no,Lt_to_Rt,Complete,Abnormal,Low,no
622,no,Unequal,Moderate,Normal,Normal,no,no,<5,<5,<7.5,Normal,TGA,no,0-3_days,no,Rt_to_Lt,Mild,Normal,Normal,no
623,yes,Equal,Severe,Normal,Plethoric,yes,yes,5-12,5-12,<7.5,Normal,TGA,yes,0-3_days,yes,None,Transp.,Normal,High,yes
624,no,Equal,Severe,Normal,Grd_Glass,no,no,5-12,5-12,<7.5,Asy/Patchy,TGA,no,0-3_days,no,Lt_to_Rt,Transp.,Normal,High,no
625,no,Equal,Severe,Low,Oligaemic,no,yes,<5,<5,<7.5,Oligaemic,PAIVS,no,0-3_days,yes,Lt_to_Rt,Complete,Normal,Low,yes
626,yes,Equal,Moderate,Normal,Oligaemic,no,no,5-12,5-12,<7.5,Oligaemic,Fallot,yes,11-30_days,no,Lt_to_Rt,Complete,Normal,Low,yes
627,no,Equal,Severe,Normal,Normal,no,no,<5,<5,<7.5,Normal,TGA,yes,0-3_days,no,None,Transp.,Normal,Normal,yes
628,yes,Equal,Mild,High,Grd_Glass,yes,no,5-12,12+,<7.5,Asy/Patchy,TGA,yes,0-3_days,no,Rt_to_Lt,Transp.,Abnormal,High,no
629,no,Equal,Moderate,Normal,Oligaemic,no,no,<5,5-12,>=7.5,Asy/Patchy,Fallot,no,0-3_days,no,Lt_to_Rt,Complete,Normal,Low,no
630,no,Equal,Moderate,High,Normal,no,yes,5-12,5-12,>=7.5,Normal,Fallot,no,11-30_days,no,Lt_to_Rt,Complete,Normal,Low,no
631,no,Equal,Severe,Normal,Grd_Glass,no,no,5-12,<5,<7.5,Grd_Glass,TGA,no,4-10_days,no,None,None,Congested,High,no
632,no,Equal,Moderate,Normal,Oligaemic,no,no,5-12,5-12,>=7.5,Grd_Glass,Fallot,no,11-30_days,no,Lt_to_Rt,Complete,Normal,Low,no
633,no,Equal,Mild,Low,Oligaemic,no,no,12+,5-12,>=7.5,Oligaemic,Fallot,no,11-30_days,no,Lt_to_Rt,Complete,Normal,Low,no
634,no,Equal,Moderate,Low,Plethoric,no,yes,5-12,5-12,<7.5,Grd_Glass,PAIVS,no,4-10_days,yes,Lt_to_Rt,Complete,Normal,Low,no
635,no,Equal,Severe,High,Oligaemic,no,yes,5-12,<5,>=7.5,Oligaemic,PAIVS,no,4-10_days,yes,Lt_to_Rt,Complete,Normal,Low,no
636,no,Unequal,Moderate,Normal,Normal,no,no,<5,<5,<7.5,Normal,TGA,no,0-3_days,no,Rt_to_Lt,Transp.,Normal,Normal,no
637,no,Equal,Moderate,Low,Oligaemic,no,yes,<5,5-12,<7.5,Oligaemic,PAIVS,no,0-3_days,yes,Lt_to_Rt,Complete,Normal,Low,no
638,no,Equal,Moderate,Normal,Oligaemic,no,yes,12+,<5,<7.5,Oligaemic,PAIVS,no,0-3_days,yes,Lt_to_Rt,Complete,Normal,Low,no
639,no,Equal,Moderate,Normal,Oligaemic,no,no,<5,5-12,>=7.5,Oligaemic,Fallot,yes,0-3_days,no,Lt_to_Rt,Complete,Normal,Low,no
640,no,Equal,Moderate,High,Oligaemic,no,no,<5,5-12,>=7.5,Oligaemic,Fallot,yes,0-3_days,no,Lt_to_Rt,Mild,Normal,Low,yes
641,no,Equal,Moderate,Normal,Normal,no,yes,5-12,5-12,<7.5,Oligaemic,PAIVS,no,4-10_days,yes,Lt_to_Rt,Complete,Normal,Low,no
642,no,Equal,Moderate,High,Asy/Patch,yes,yes,5-12,5-12,>=7.5,Asy/Patchy,PAIVS,yes,0-3_days,yes,Lt_to_Rt,Complete,Abnormal,Low,no
643,no,Equal,Severe,High,Plethoric,yes,no,5-12,<5,>=7.5,Plethoric,TAPVD,no,0-3_days,no,Lt_to_Rt,Complete,Congested,High,yes
644,yes,Equal,Severe,High,Plethoric,no,no,<5,<5,<7.5,Plethoric,TGA,yes,0-3_days,no,Rt_to_Lt,Transp.,Congested,High,no
645,no,Equal,Severe,Normal,Normal,no,no,<5,<5,<7.5,Plethoric,TGA,no,4-10_days,no,None,Transp.,Normal,Normal,no
646,no,Equal,Moderate,Normal,Oligaemic,no,yes,5-12,5-12,<7.5,Oligaemic,Fallot,no,4-10_days,no,Lt_to_Rt,Complete,Normal,Low,no
647,no,Equal,Moderate,Normal,Plethoric,no,no,12+,<5,<7.5,Grd_Glass,Fallot,no,4-10_days,no,Lt_to_Rt,Complete,Normal,Low,no
648,yes,Equal,Severe,Normal,Asy/Patch,yes,no,5-12,<5,<7.5,Asy/Patchy,Lung,yes,0-3_days,no,None,Transp.,Abnormal,Normal,yes
649,yes,Equal,Moderate,Normal,Oligaemic,no,no,5-12,<5,<7.5,Oligaemic,Fallot,no,4-10_days,no,Lt_to_Rt,Complete,Normal,Low,no
650,no,Equal,Moderate,Normal,Normal,yes,yes,<5,5-12,<7.5,Plethoric,PAIVS,no,4-10_days,yes,Lt_to_Rt,Complete,Normal,Low,yes
651,no,Unequal,Severe,Normal,Plethoric,no,no,<5,<5,<7.5,Plethoric,TGA,no,4-10_days,no,None,Transp.,Normal,High,no
652,no,Unequal,Moderate,Normal,Oligaemic,no,yes,5-12,<5,<7.5,Oligaemic,PAIVS,no,4-10_days,yes,Lt_to_Rt,Complete,Normal,Low,yes
653,no,Equal,Severe,Normal,Normal,yes,yes,<5,5-12,<7.5,Normal,TGA,yes,0-3_days,yes,Lt_to_Rt,Transp.,Normal,Normal,yes
654,no,Equal,Severe,Normal,Plethoric,no,no,<5,<5,<7.5,Plethoric,TGA,no,0-3_days,no,None,Transp.,Normal,High,no
655,no,Equal,Mild,High,Oligaemic,yes,yes,12+,12+,>=7.5,Oligaemic,TAPVD,yes,0-3_days,no,None,Complete,Abnormal,Low,yes
656,no,Equal,Severe,Low,Normal,no,yes,5-12,<5,<7.5,Normal,TGA,no,0-3_days,yes,None,Transp.,Normal,High,no
657,no,Equal,Moderate,Normal,Normal,no,no,<5,5-12,<7.5,Plethoric,Fallot,no,0-3_days,no,None,Complete,Normal,Low,no
658,no,Equal,Severe,Normal,Oligaemic,no,no,5-12,<5,<7.5,Grd_Glass,TGA,no,4-10_days,no,None,Transp.,Normal,Low,yes
659,no,Equal,Moderate,Normal,Oligaemic,yes,yes,12+,5-12,<7.5,Oligaemic,PAIVS,yes,0-3_days,yes,Lt_to_Rt,Complete,Normal,Low,yes
660,no,Unequal,Severe,Normal,Plethoric,no,no,<5,<5,<7.5,Plethoric,TGA,yes,11-30_days,no,None,Transp.,Normal,Normal,no
661,no,Equal,Moderate,Normal,Oligaemic,no,no,<5,5-12,<7.5,Oligaemic,PFC,no,0-3_days,no,Rt_to_Lt,Mild,Normal,Low,yes
662,no,Equal,Severe,Normal,Grd_Glass,no,no,<5,5-12,<7.5,Normal,TAPVD,no,0-3_days,no,Rt_to_Lt,Complete,Congested,High,no
663,no,Equal,Severe,Normal,Oligaemic,no,yes,5-12,5-12,<7.5,Oligaemic,PAIVS,no,0-3_days,yes,Lt_to_Rt,Transp.,Congested,Low,no
664,no,Unequal,Mild,High,Grd_Glass,no,no,5-12,12+,<7.5,Normal,PFC,no,0-3_days,no,Rt_to_Lt,None,Congested,Low,yes
665,no,Equal,Moderate,Normal,Oligaemic,no,no,5-12,5-12,<7.5,Oligaemic,Fallot,no,0-3_days,no,Lt_to_Rt,Complete,Normal,Low,no
666,no,Equal,Mild,Low,Oligaemic,no,yes,12+,12+,<7.5,Oligaemic,Fallot,no,11-30_days,yes,Lt_to_Rt,Complete,Normal,Low,no
667,no,Equal,Moderate,Normal,Oligaemic,no,no,5-12,5-12,<7.5,Oligaemic,Fallot,no,11-30_days,no,Lt_to_Rt,Complete,Normal,Low,no
668,no,Equal,Severe,High,Asy/Patch,no,no,5-12,<5,>=7.5,Grd_Glass,Fallot,no,11-30_days,no,Lt_to_Rt,Complete,Abnormal,Low,no
669,no,Equal,Moderate,Normal,Oligaemic,no,no,<5,<5,>=7.5,Oligaemic,Fallot,no,11-30_days,no,Lt_to_Rt,Complete,Normal,Low,no
670,no,Equal,Moderate,Normal,Oligaemic,yes,yes,5-12,<5,<7.5,Oligaemic,PAIVS,yes,4-10_days,yes,Lt_to_Rt,Complete,Normal,Low,no
671,no,Equal,Moderate,Normal,Plethoric,no,no,5-12,5-12,<7.5,Plethoric,Fallot,no,11-30_days,no,Lt_to_Rt,Mild,Congested,High,no
672,no,Equal,Severe,Normal,Plethoric,no,yes,<5,5-12,<7.5,Plethoric,TGA,no,0-3_days,yes,None,Transp.,Normal,High,no
673,no,Equal,Moderate,Normal,Oligaemic,no,no,5-12,5-12,<7.5,Oligaemic,Fallot,no,0-3_days,no,None,Complete,Normal,Low,yes
674,no,Equal,Severe,Normal,Normal,no,no,5-12,<5,<7.5,Normal,TGA,no,0-3_days,no,None,Transp.,Normal,Normal,no
675,yes,Equal,Mild,Normal,Oligaemic,no,no,12+,12+,<7.5,Oligaemic,Fallot,no,11-30_days,no,None,Complete,Normal,Low,no
676,no,Equal,Moderate,Normal,Normal,no,no,5-12,5-12,<7.5,Normal,Fallot,no,11-30_days,no,Lt_to_Rt,Complete,Normal,Normal,no
677,no,Equal,Moderate,Normal,Plethoric,no,no,5-12,<5,<7.5,Plethoric,TGA,no,4-10_days,no,None,Transp.,Normal,High,no
678,no,Unequal,Severe,Normal,Grd_Glass,yes,no,5-12,<5,<7.5,Asy/Patchy,TGA,yes,0-3_days,no,None,Transp.,Abnormal,High,no
679,no,Unequal,Moderate,Normal,Grd_Glass,no,no,5-12,5-12,>=7.5,Asy/Patchy,Lung,no,0-3_days,no,Rt_to_Lt,None,Congested,Normal,yes
680,no,Equal,Moderate,Normal,Oligaemic,yes,no,5-12,5-12,<7.5,Oligaemic,Fallot,yes,4-10_days,no,Lt_to_Rt,Complete,Abnormal,Low,yes
681,yes,Equal,Moderate,Normal,Oligaemic,no,yes,5-12,5-12,<7.5,Oligaemic,PAIVS,no,0-3_days,yes,Lt_to_Rt,Complete,Normal,Low,no
682,yes,Equal,Moderate,Low,Oligaemic,no,yes,<5,5-12,<7.5,Oligaemic,PAIVS,no,4-10_days,yes,Lt_to_Rt,Complete,Normal,Low,no
683,no,Equal,Moderate,Normal,Oligaemic,no,yes,12+,<5,<7.5,Oligaemic,Fallot,no,11-30_days,yes,Lt_to_Rt,Mild,Normal,Low,no
684,no,Equal,Moderate,Normal,Normal,no,no,5-12,12+,<7.5,Normal,TGA,no,0-3_days,no,None,Transp.,Normal,Normal,no
685,no,Equal,Severe,Normal,Oligaemic,no,yes,<5,5-12,<7.5,Oligaemic,Fallot,no,11-30_days,yes,Lt_to_Rt,Complete,Normal,Low,no
686,no,Equal,Moderate,High,Oligaemic,no,no,<5,<5,>=7.5,Oligaemic,PAIVS,no,0-3_days,yes,Lt_to_Rt,Complete,Normal,Low,no
687,no,Equal,Mild,High,Normal,yes,no,12+,5-12,>=7.5,Normal,PFC,yes,0-3_days,no,Rt_to_Lt,None,Normal,Low,yes
688,no,Equal,Moderate,Low,Oligaemic,yes,no,5-12,5-12,>=7.5,Asy/Patchy,Lung,yes,0-3_days,no,None,Mild,Abnormal,Normal,no
689,no,Equal,Severe,Low,Normal,no,yes,5-12,<5,>=7.5,Normal,PAIVS,yes,0-3_days,yes,Lt_to_Rt,Complete,Normal,Low,no
690,no,Equal,Severe,Normal,Plethoric,no,no,5-12,5-12,<7.5,Plethoric,TGA,no,0-3_days,no,None,Transp.,Normal,High,yes
691,no,Equal,Severe,Normal,Plethoric,no,yes,<5,5-12,<7.5,Plethoric,TGA,yes,0-3_days,no,None,Transp.,Normal,High,no
692,no,Equal,Moderate,Normal,Oligaemic,no,no,5-12,5-12,<7.5,Oligaemic,PAIVS,yes,0-3_days,no,Lt_to_Rt,Complete,Normal,Low,no
693,no,Equal,Moderate,Normal,Grd_Glass,yes,no,5-12,5-12,<7.5,Grd_Glass,TGA,yes,0-3_days,no,None,Complete,Abnormal,High,no
694,no,Unequal,Mild,Normal,Oligaemic,no,no,5-12,12+,<7.5,Oligaemic,PFC,no,0-3_days,no,Rt_to_Lt,None,Normal,Low,yes
695,no,Unequal,Moderate,Normal,Oligaemic,no,yes,12+,12+,<7.5,Oligaemic,PAIVS,no,11-30_days,yes,Lt_to_Rt,Complete,Normal,Low,yes
696,no,Equal,Severe,Low,Oligaemic,no,yes,<5,<5,<7.5,Asy/Patchy,PAIVS,yes,0-3_days,yes,Lt_to_Rt,Complete,Normal,Low,no
697,no,Equal,Moderate,Low,Oligaemic,no,no,<5,<5,<7.5,Normal,Fallot,no,0-3_days,no,Lt_to_Rt,Complete,Normal,Low,no
698,no,Equal,Moderate,Normal,Oligaemic,no,no,5-12,12+,>=7.5,Oligaemic,Fallot,no,0-3_days,no,Lt_to_Rt,Complete,Normal,Low,no
699,no,Unequal,Moderate,Normal,Oligaemic,no,no,<5,<5,<7.5,Oligaemic,Fallot,no,11-30_days,no,Lt_to_Rt,Complete,Normal,Low,no
700,no,Equal,Moderate,Normal,Oligaemic,no,no,5-12,5-12,<7.5,Oligaemic,Fallot,yes,11-30_days,no,Lt_to_Rt,Mild,Normal,Low,no
701,no,Equal,Severe,High,Asy/Patch,yes,no,5-12,5-12,>=7.5,Asy/Patchy,PAIVS,yes,0-3_days,no,Lt_to_Rt,Complete,Abnormal,Low,no
702,no,Equal,Severe,Low,Oligaemic,no,no,<5,<5,<7.5,Normal,Fallot,no,11-30_days,no,None,Complete,Normal,Low,no
703,no,Equal,Moderate,Normal,Oligaemic,no,no,5-12,<5,<7.5,Oligaemic,Fallot,yes,11-30_days,no,Lt_to_Rt,Complete,Normal,Low,no
704,no,Equal,Moderate,High,Plethoric,no,no,<5,5-12,>=7.5,Plethoric,TGA,no,0-3_days,no,None,Transp.,Normal,High,no
705,no,Equal,Moderate,Normal,Normal,no,yes,5-12,5-12,<7.5,Normal,Fallot,no,11-30_days,yes,Lt_to_Rt,Complete,Normal,Low,no
706,no,Equal,Moderate,Low,Normal,no,no,5-12,5-12,<7.5,Asy/Patchy,Fallot,no,11-30_days,no,None,Complete,Normal,Normal,no
707,yes,Equal,Mild,High,Asy/Patch,no,no,12+,12+,>=7.5,Normal,TGA,no,0-3_days,no,None,None,Abnormal,Normal,no
708,no,Equal,Moderate,Normal,Oligaemic,no,yes,5-12,12+,>=7.5,Oligaemic,PAIVS,no,0-3_days,yes,Lt_to_Rt,Complete,Normal,Low,no
709,no,Equal,Moderate,High,Asy/Patch,yes,yes,<5,5-12,>=7.5,Asy/Patchy,PAIVS,yes,0-3_days,yes,Lt_to_Rt,Complete,Abnormal,Low,no
710,no,Equal,Moderate,Normal,Normal,no,no,12+,<5,<7.5,Normal,PAIVS,no,0-3_days,yes,Lt_to_Rt,Complete,Normal,Low,no
711,yes,Equal,Severe,High,Asy/Patch,yes,no,5-12,5-12,>=7.5,Asy/Patchy,PFC,yes,0-3_days,no,Rt_to_Lt,Complete,Abnormal,Low,yes
712,no,Unequal,Moderate,High,Oligaemic,no,no,5-12,<5,<7.5,Oligaemic,Fallot,no,0-3_days,no,Lt_to_Rt,Mild,Normal,Low,no
713,no,Equal,Moderate,Normal,Grd_Glass,no,yes,<5,12+,<7.5,Grd_Glass,PAIVS,yes,0-3_days,yes,Lt_to_Rt,Complete,Normal,Low,yes
714,no,Equal,Moderate,Normal,Oligaemic,no,no,5-12,5-12,<7.5,Oligaemic,Fallot,no,0-3_days,no,Lt_to_Rt,Mild,Normal,Low,no
715,no,Equal,Moderate,Normal,Oligaemic,yes,no,<5,5-12,<7.5,Oligaemic,Fallot,yes,0-3_days,no,Lt_to_Rt,Complete,Normal,Low,yes
716,no,Equal,Moderate,Normal,Oligaemic,no,yes,5-12,<5,<7.5,Oligaemic,Fallot,no,0-3_days,no,Lt_to_Rt,Complete,Normal,Low,no
717,no,Equal,Moderate,Normal,Normal,no,no,5-12,5-12,<7.5,Normal,Fallot,yes,11-30_days,no,Lt_to_Rt,Complete,Normal,Low,no
718,no,Equal,Severe,High,Grd_Glass,yes,no,5-12,5-12,<7.5,Grd_Glass,TGA,no,0-3_days,no,None,Transp.,Abnormal,High,no
719,no,Equal,Mild,Low,Normal,no,no,12+,12+,>=7.5,Normal,Fallot,no,0-3_days,no,Lt_to_Rt,Complete,Normal,Normal,no
720,no,Equal,Moderate,Low,Normal,no,yes,5-12,5-12,>=7.5,Normal,PAIVS,no,4-10_days,yes,Lt_to_Rt,Complete,Normal,Low,no
721,no,Equal,Severe,Normal,Oligaemic,no,no,<5,5-12,<7.5,Plethoric,Fallot,no,0-3_days,no,Lt_to_Rt,Complete,Normal,Low,no
722,no,Equal,Severe,Normal,Normal,no,no,<5,5-12,<7.5,Plethoric,TGA,yes,0-3_days,no,None,Transp.,Normal,High,no
723,no,Equal,Moderate,Normal,Plethoric,no,no,<5,5-12,<7.5,Plethoric,TGA,no,0-3_days,no,None,Complete,Normal,High,no
724,no,Equal,Moderate,High,Oligaemic,no,no,5-12,5-12,>=7.5,Oligaemic,Fallot,no,4-10_days,no,Lt_to_Rt,Complete,Normal,Low,no
725,no,Equal,Severe,Normal,Plethoric,yes,no,5-12,<5,<7.5,Plethoric,PAIVS,no,0-3_days,yes,Lt_to_Rt,Complete,Abnormal,Low,yes
726,no,Equal,Moderate,Normal,Asy/Patch,yes,no,5-12,<5,>=7.5,Asy/Patchy,TAPVD,yes,4-10_days,no,Rt_to_Lt,Complete,Abnormal,High,yes
727,no,Unequal,Moderate,High,Oligaemic,yes,no,<5,12+,>=7.5,Oligaemic,PAIVS,yes,0-3_days,yes,Lt_to_Rt,Complete,Normal,Low,yes
728,no,Equal,Severe,Normal,Plethoric,no,no,5-12,12+,<7.5,Plethoric,TGA,no,0-3_days,no,None,Transp.,Normal,High,no
729,no,Equal,Severe,High,Oligaemic,no,no,<5,<5,>=7.5,Oligaemic,Fallot,no,11-30_days,no,Lt_to_Rt,Complete,Normal,Low,no
730,no,Equal,Moderate,Normal,Oligaemic,no,no,5-12,<5,<7.5,Oligaemic,Fallot,no,11-30_days,no,None,Complete,Normal,Low,yes
731,no,Equal,Moderate,Normal,Oligaemic,yes,no,5-12,<5,<7.5,Oligaemic,Fallot,no,4-10_days,no,Lt_to_Rt,Mild,Normal,Low,yes
732,no,Equal,Moderate,Normal,Grd_Glass,no,yes,<5,<5,<7.5,Grd_Glass,TGA,no,0-3_days,no,None,Transp.,Congested,Normal,no
733,no,Equal,Mild,Normal,Oligaemic,no,no,12+,12+,<7.5,Normal,Fallot,no,4-10_days,no,None,None,Normal,Low,no
734,no,Equal,Moderate,Normal,Normal,no,no,<5,5-12,<7.5,Normal,TGA,no,0-3_days,no,None,Mild,Normal,High,no
735,no,Equal,Severe,High,Plethoric,yes,yes,<5,<5,>=7.5,Plethoric,PAIVS,yes,0-3_days,yes,Lt_to_Rt,Complete,Abnormal,Low,no
736,no,Equal,Moderate,High,Plethoric,no,no,5-12,5-12,>=7.5,Plethoric,Lung,no,0-3_days,no,None,Mild,Abnormal,Normal,yes
737,no,Equal,Moderate,Normal,Oligaemic,no,yes,5-12,5-12,<7.5,Oligaemic,PAIVS,no,0-3_days,yes,Lt_to_Rt,Complete,Normal,Low,yes
738,no,Equal,Moderate,Normal,Oligaemic,no,no,<5,<5,<7.5,Plethoric,Fallot,no,11-30_days,no,Lt_to_Rt,Complete,Normal,Low,no
739,no,Equal,Moderate,Normal,Normal,no,yes,5-12,5-12,<7.5,Plethoric,PAIVS,no,0-3_days,yes,Lt_to_Rt,Complete,Normal,Low,no
740,no,Equal,Moderate,Normal,Oligaemic,no,yes,5-12,<5,>=7.5,Oligaemic,PAIVS,no,0-3_days,yes,Lt_to_Rt,Mild,Normal,Low,no
741,no,Equal,Moderate,Normal,Oligaemic,no,no,5-12,<5,<7.5,Oligaemic,Fallot,no,11-30_days,no,Lt_to_Rt,Complete,Normal,Low,no
742,no,Unequal,Severe,High,Asy/Patch,yes,no,<5,5-12,>=7.5,Asy/Patchy,TGA,yes,4-10_days,no,Rt_to_Lt,Transp.,Abnormal,Normal,no
743,no,Equal,Mild,High,Normal,yes,no,5-12,5-12,>=7.5,Normal,Lung,yes,0-3_days,no,None,None,Abnormal,Normal,yes
744,no,Equal,Moderate,Normal,Oligaemic,yes,yes,5-12,5-12,<7.5,Oligaemic,PAIVS,yes,0-3_days,yes,Lt_to_Rt,Complete,Normal,Low,yes
745,no,Equal,Severe,Normal,Normal,yes,no,12+,5-12,<7.5,Normal,TAPVD,yes,0-3_days,no,None,Complete,Abnormal,Normal,no
746,no,Equal,Moderate,Normal,Oligaemic,no,no,5-12,5-12,<7.5,Oligaemic,Fallot,no,0-3_days,no,Lt_to_Rt,Complete,Normal,Low,no
747,no,Unequal,Moderate,High,Grd_Glass,no,no,<5,<5,<7.5,Asy/Patchy,Fallot,no,0-3_days,no,Lt_to_Rt,Complete,Congested,Low,yes
748,no,Equal,Moderate,Normal,Oligaemic,no,yes,<5,5-12,<7.5,Oligaemic,Fallot,no,0-3_days,no,None,Complete,Normal,Low,yes
749,no,Equal,Moderate,High,Asy/Patch,no,yes,<5,5-12,>=7.5,Asy/Patchy,PAIVS,no,0-3_days,yes,Lt_to_Rt,Complete,Congested,Low,no
750,no,Unequal,Severe,Normal,Oligaemic,yes,no,5-12,5-12,<7.5,Oligaemic,TGA,no,0-3_days,no,None,Transp.,Abnormal,High,no
751,no,Equal,Severe,Normal,Plethoric,no,no,<5,5-12,<7.5,Plethoric,TGA,no,0-3_days,no,None,Transp.,Normal,High,no
752,no,Equal,Severe,Normal,Asy/Patch,yes,no,5-12,5-12,<7.5,Asy/Patchy,PAIVS,yes,0-3_days,no,Lt_to_Rt,Complete,Abnormal,Low,no
753,no,Equal,Moderate,High,Plethoric,yes,no,5-12,12+,>=7.5,Plethoric,TAPVD,no,0-3_days,no,None,Complete,Congested,High,no
754,yes,Equal,Mild,Normal,Oligaemic,no,yes,<5,12+,<7.5,Oligaemic,PAIVS,no,0-3_days,no,Lt_to_Rt,Complete,Normal,Low,no
755,no,Equal,Severe,Normal,Normal,no,no,<5,5-12,<7.5,Normal,TGA,yes,0-3_days,no,None,Transp.,Normal,High,no
756,no,Equal,Moderate,Normal,Plethoric,no,yes,<5,5-12,<7.5,Asy/Patchy,TGA,no,0-3_days,yes,None,Transp.,Normal,High,no
757,no,Unequal,Severe,Normal,Plethoric,no,no,<5,5-12,<7.5,Normal,TGA,yes,11-30_days,no,None,Transp.,Normal,High,no
758,no,Equal,Moderate,Normal,Grd_Glass,no,no,<5,5-12,<7.5,Grd_Glass,Fallot,no,4-10_days,no,Lt_to_Rt,Complete,Congested,Normal,yes
759,no,Equal,Severe,Normal,Oligaemic,no,yes,<5,5-12,<7.5,Oligaemic,PAIVS,no,0-3_days,yes,Lt_to_Rt,Complete,Normal,Low,no
760,no,Equal,Moderate,Normal,Plethoric,no,no,12+,<5,<7.5,Plethoric,TGA,no,0-3_days,no,None,Mild,Normal,High,yes
761,no,Equal,Mild,Normal,Oligaemic,no,yes,<5,<5,<7.5,Asy/Patchy,PAIVS,no,0-3_days,yes,Lt_to_Rt,Complete,Normal,Low,no
762,no,Equal,Moderate,Normal,Oligaemic,no,yes,12+,5-12,<7.5,Oligaemic,PAIVS,no,0-3_days,yes,Lt_to_Rt,Complete,Normal,Low,yes
763,yes,Equal,Moderate,High,Asy/Patch,yes,yes,5-12,5-12,>=7.5,Asy/Patchy,PAIVS,yes,0-3_days,yes,Lt_to_Rt,Complete,Abnormal,Low,no
764,no,Equal,Severe,High,Oligaemic,no,no,<5,5-12,<7.5,Oligaemic,Fallot,no,11-30_days,no,None,Mild,Normal,Low,no
765,no,Equal,Moderate,High,Normal,no,no,5-12,5-12,>=7.5,Asy/Patchy,TGA,yes,0-3_days,no,None,Transp.,Normal,Normal,no
766,no,Equal,Severe,Normal,Plethoric,no,no,5-12,<5,<7.5,Plethoric,TGA,no,4-10_days,no,None,Transp.,Normal,High,no
767,no,Equal,Moderate,High,Asy/Patch,yes,yes,5-12,<5,>=7.5,Plethoric,PAIVS,no,0-3_days,yes,Lt_to_Rt,Complete,Abnormal,Low,no
768,no,Equal,Moderate,Normal,Plethoric,no,no,<5,5-12,<7.5,Plethoric,TGA,no,4-10_days,no,Lt_to_Rt,Mild,Normal,High,no
769,no,Equal,Moderate,Normal,Oligaemic,no,yes,5-12,<5,<7.5,Oligaemic,PAIVS,no,0-3_days,yes,Lt_to_Rt,Complete,Normal,Low,no
770,no,Unequal,Moderate,Normal,Oligaemic,no,yes,5-12,5-12,<7.5,Oligaemic,PAIVS,no,0-3_days,yes,Lt_to_Rt,Complete,Normal,Low,no
771,no,Equal,Severe,Normal,Normal,yes,no,5-12,5-12,<7.5,Normal,Lung,yes,0-3_days,no,Lt_to_Rt,Transp.,Abnormal,High,yes
772,no,Equal,Moderate,Normal,Normal,no,no,5-12,5-12,<7.5,Oligaemic,Fallot,no,4-10_days,no,Lt_to_Rt,Complete,Normal,Normal,no
773,no,Equal,Severe,Normal,Normal,no,yes,<5,<5,<7.5,Normal,PAIVS,no,0-3_days,yes,Lt_to_Rt,Complete,Normal,Normal,no
774,no,Equal,Severe,High,Plethoric,no,yes,12+,<5,>=7.5,Plethoric,TGA,no,0-3_days,yes,None,Transp.,Normal,High,no
775,no,Equal,Mild,Low,Oligaemic,no,yes,12+,12+,<7.5,Oligaemic,PAIVS,yes,0-3_days,yes,Lt_to_Rt,Complete,Normal,Low,no
776,no,Equal,Moderate,Normal,Oligaemic,no,yes,<5,12+,<7.5,Oligaemic,PAIVS,yes,0-3_days,yes,Lt_to_Rt,Complete,Normal,Low,yes
777,no,Equal,Moderate,High,Asy/Patch,yes,no,12+,5-12,>=7.5,Asy/Patchy,Fallot,yes,0-3_days,no,Lt_to_Rt,Mild,Abnormal,Low,yes
778,no,Equal,Moderate,Low,Grd_Glass,no,no,5-12,12+,<7.5,Grd_Glass,Fallot,no,11-30_days,no,Lt_to_Rt,Complete,Congested,Low,no
779,no,Equal,Moderate,High,Oligaemic,no,no,5-12,5-12,>=7.5,Oligaemic,Fallot,no,4-10_days,no,Lt_to_Rt,Complete,Normal,Low,yes
780,no,Equal,Moderate,Normal,Oligaemic,no,yes,<5,5-12,<7.5,Oligaemic,PAIVS,no,0-3_days,yes,Lt_to_Rt,Complete,Normal,Low,no
781,no,Equal,Severe,Normal,Asy/Patch,yes,yes,<5,<5,<7.5,Asy/Patchy,PAIVS,yes,0-3_days,yes,Lt_to_Rt,Complete,Abnormal,Low,no
782,yes,Equal,Moderate,Normal,Oligaemic,no,no,5-12,12+,<7.5,Oligaemic,Fallot,no,11-30_days,no,Lt_to_Rt,Complete,Normal,Low,no
783,yes,Equal,Moderate,High,Oligaemic,no,yes,12+,<5,>=7.5,Oligaemic,TGA,no,0-3_days,no,None,Transp.,Abnormal,High,no
784,no,Equal,Severe,Normal,Oligaemic,no,yes,<5,5-12,<7.5,Oligaemic,PAIVS,no,0-3_days,yes,Lt_to_Rt,Mild,Normal,Low,no
785,no,Equal,Moderate,Low,Grd_Glass,no,yes,5-12,12+,<7.5,Plethoric,PAIVS,no,11-30_days,yes,Lt_to_Rt,Complete,Normal,Low,no
786,yes,Unequal,Mild,Normal,Oligaemic,no,no,<5,<5,<7.5,Oligaemic,PFC,no,4-10_days,no,Rt_to_Lt,None,Normal,Low,no
787,no,Equal,Severe,Normal,Normal,no,no,<5,<5,<7.5,Normal,TGA,no,0-3_days,no,None,Transp.,Normal,High,no
788,no,Equal,Moderate,Low,Plethoric,yes,no,5-12,5-12,<7.5,Plethoric,TGA,yes,0-3_days,no,None,Complete,Normal,High,no
789,yes,Unequal,Mild,High,Oligaemic,yes,no,5-12,5-12,>=7.5,Oligaemic,PFC,yes,11-30_days,no,Rt_to_Lt,None,Normal,Low,no
790,no,Equal,Moderate,Normal,Plethoric,no,no,5-12,5-12,<7.5,Plethoric,TAPVD,yes,0-3_days,no,None,Complete,Normal,High,yes
791,no,Equal,Moderate,Normal,Oligaemic,yes,yes,5-12,<5,<7.5,Normal,PAIVS,yes,0-3_days,yes,Lt_to_Rt,Complete,Normal,Low,yes
792,no,Equal,Mild,Low,Oligaemic,no,no,5-12,12+,>=7.5,Normal,Fallot,yes,11-30_days,no,Lt_to_Rt,Complete,Normal,Low,no
793,no,Equal,Severe,Low,Plethoric,no,no,<5,5-12,<7.5,Normal,TGA,yes,0-3_days,no,None,Transp.,Normal,High,no
794,no,Equal,Moderate,Normal,Asy/Patch,no,no,5-12,5-12,<7.5,Asy/Patchy,Fallot,no,0-3_days,no,Lt_to_Rt,Complete,Normal,Low,no
795,no,Equal,Moderate,Normal,Normal,no,no,5-12,5-12,<7.5,Normal,TGA,no,0-3_days,no,None,Transp.,Normal,Normal,no
796,no,Equal,Severe,Normal,Plethoric,yes,no,<5,<5,<7.5,Plethoric,Lung,yes,0-3_days,no,None,Mild,Congested,High,no
797,no,Equal,Moderate,Normal,Grd_Glass,no,no,5-12,12+,<7.5,Grd_Glass,Fallot,no,0-3_days,no,Lt_to_Rt,Complete,Congested,Normal,no
798,no,Equal,Moderate,Normal,Oligaemic,no,yes,5-12,5-12,<7.5,Oligaemic,PAIVS,yes,0-3_days,yes,Lt_to_Rt,Complete,Normal,Low,no
799,no,Equal,Moderate,Normal,Asy/Patch,yes,no,5-12,<5,<7.5,Asy/Patchy,PFC,yes,0-3_days,no,Rt_to_Lt,Mild,Abnormal,Low,no
800,no,Unequal,Severe,Normal,Plethoric,no,no,12+,<5,<7.5,Asy/Patchy,TGA,no,0-3_days,no,Rt_to_Lt,Transp.,Normal,High,no
801,no,Unequal,Moderate,Normal,Oligaemic,no,yes,5-12,<5,<7.5,Oligaemic,PAIVS,no,0-3_days,yes,Lt_to_Rt,Complete,Normal,Low,yes
802,no,Equal,Mild,High,Plethoric,no,no,<5,5-12,>=7.5,Plethoric,TGA,no,0-3_days,no,None,None,Normal,High,yes
803,no,Equal,Severe,Normal,Plethoric,no,no,<5,<5,<7.5,Plethoric,TGA,yes,4-10_days,no,None,Transp.,Normal,High,no
804,no,Equal,Mild,Normal,Oligaemic,no,no,<5,12+,<7.5,Oligaemic,Fallot,no,0-3_days,no,Lt_to_Rt,Complete,Normal,Low,yes
805,no,Equal,Severe,Normal,Oligaemic,no,yes,5-12,5-12,<7.5,Oligaemic,PAIVS,no,0-3_days,yes,Lt_to_Rt,Complete,Normal,Low,no
806,no,Equal,Moderate,Normal,Oligaemic,no,yes,5-12,5-12,<7.5,Oligaemic,Fallot,yes,0-3_days,yes,Lt_to_Rt,Complete,Normal,Low,no
807,no,Equal,Moderate,Normal,Grd_Glass,no,no,<5,5-12,<7.5,Grd_Glass,Fallot,yes,0-3_days,no,None,Complete,Normal,Low,yes
808,no,Equal,Severe,Normal,Grd_Glass,no,no,<5,5-12,<7.5,Oligaemic,TGA,no,0-3_days,no,None,Transp.,Abnormal,High,no
809,no,Equal,Moderate,High,Normal,no,yes,5-12,<5,>=7.5,Asy/Patchy,TGA,no,0-3_days,yes,None,Transp.,Normal,Normal,no
810,no,Equal,Severe,High,Plethoric,no,no,5-12,<5,<7.5,Plethoric,TGA,no,0-3_days,no,None,Transp.,Normal,High,no
811,no,Equal,Moderate,Low,Oligaemic,no,yes,5-12,5-12,<7.5,Oligaemic,Fallot,no,11-30_days,yes,Lt_to_Rt,Complete,Normal,Low,no
812,no,Unequal,Moderate,Normal,Oligaemic,no,yes,5-12,5-12,<7.5,Oligaemic,PAIVS,no,0-3_days,yes,Lt_to_Rt,Complete,Normal,Low,yes
813,no,Equal,Severe,Normal,Oligaemic,no,no,<5,5-12,>=7.5,Oligaemic,PAIVS,no,4-10_days,yes,Lt_to_Rt,Complete,Normal,Low,no
814,yes,Unequal,Mild,Normal,Grd_Glass,yes,yes,5-12,5-12,<7.5,Grd_Glass,PFC,yes,0-3_days,yes,Rt_to_Lt,None,Normal,Low,yes
815,no,Equal,Severe,Low,Plethoric,no,yes,5-12,5-12,<7.5,Plethoric,PAIVS,no,0-3_days,no,Lt_to_Rt,Complete,Normal,Low,no
816,no,Equal,Moderate,Normal,Asy/Patch,yes,yes,5-12,5-12,<7.5,Asy/Patchy,PAIVS,yes,0-3_days,yes,Lt_to_Rt,Complete,Abnormal,Low,no
817,no,Equal,Moderate,High,Oligaemic,no,no,5-12,5-12,>=7.5,Oligaemic,Fallot,no,11-30_days,no,None,Complete,Normal,Low,no
818,no,Equal,Moderate,Normal,Oligaemic,no,yes,5-12,5-12,<7.5,Oligaemic,PAIVS,yes,0-3_days,yes,Lt_to_Rt,Complete,Normal,Low,yes
819,no,Equal,Severe,Normal,Normal,no,no,5-12,<5,<7.5,Normal,Lung,no,0-3_days,no,None,Mild,Normal,Normal,yes
820,no,Equal,Severe,Normal,Plethoric,no,no,<5,<5,<7.5,Plethoric,TGA,no,0-3_days,no,None,Transp.,Normal,High,no
821,no,Equal,Moderate,Normal,Oligaemic,no,yes,5-12,5-12,<7.5,Normal,PAIVS,no,0-3_days,yes,Lt_to_Rt,Complete,Normal,Low,yes
822,no,Equal,Moderate,Normal,Asy/Patch,no,no,5-12,5-12,<7.5,Plethoric,PAIVS,no,0-3_days,no,Lt_to_Rt,Complete,Abnormal,Low,yes
823,no,Unequal,Moderate,High,Asy/Patch,yes,yes,<5,5-12,>=7.5,Asy/Patchy,Lung,no,0-3_days,no,Rt_to_Lt,Mild,Abnormal,Normal,yes
824,yes,Equal,Severe,High,Oligaemic,no,yes,5-12,12+,<7.5,Oligaemic,PAIVS,no,4-10_days,yes,Lt_to_Rt,Complete,Abnormal,High,no
825,no,Equal,Moderate,High,Asy/Patch,yes,no,<5,5-12,>=7.5,Asy/Patchy,PFC,no,0-3_days,no,Rt_to_Lt,Mild,Abnormal,Normal,yes
826,no,Equal,Severe,Normal,Oligaemic,no,yes,<5,<5,<7.5,Oligaemic,PAIVS,no,0-3_days,yes,Lt_to_Rt,Complete,Abnormal,Low,yes
827,no,Equal,Moderate,Normal,Normal,no,yes,5-12,12+,<7.5,Normal,TGA,no,0-3_days,yes,None,Mild,Normal,Normal,no
828,no,Equal,Severe,High,Asy/Patch,yes,no,5-12,5-12,>=7.5,Asy/Patchy,Lung,no,0-3_days,no,None,Mild,Abnormal,Normal,yes
829,no,Equal,Mild,High,Plethoric,no,no,5-12,5-12,>=7.5,Plethoric,TAPVD,no,11-30_days,no,Lt_to_Rt,Complete,Congested,High,no
830,no,Equal,Severe,Normal,Normal,no,yes,5-12,5-12,<7.5,Normal,PAIVS,yes,11-30_days,yes,Lt_to_Rt,Complete,Normal,Normal,no
831,no,Unequal,Moderate,Normal,Grd_Glass,yes,no,12+,<5,>=7.5,Grd_Glass,Lung,no,0-3_days,no,Rt_to_Lt,None,Congested,Normal,yes
832,no,Equal,Moderate,High,Asy/Patch,yes,no,5-12,<5,>=7.5,Asy/Patchy,Lung,yes,0-3_days,no,Rt_to_Lt,Mild,Abnormal,Normal,yes
833,no,Equal,Severe,High,Asy/Patch,yes,yes,<5,<5,>=7.5,Asy/Patchy,Fallot,yes,0-3_days,no,Lt_to_Rt,Complete,Abnormal,Normal,no
834,no,Equal,Moderate,Normal,Plethoric,no,no,<5,<5,<7.5,Plethoric,TGA,yes,0-3_days,no,None,Transp.,Normal,High,no
835,no,Equal,Severe,High,Grd_Glass,no,no,<5,<5,>=7.5,Asy/Patchy,Fallot,no,11-30_days,no,Lt_to_Rt,Complete,Congested,Low,no
836,no,Equal,Moderate,Normal,Normal,no,no,5-12,5-12,>=7.5,Normal,TGA,no,0-3_days,no,None,Transp.,Normal,Normal,no
837,yes,Unequal,Moderate,High,Oligaemic,yes,no,5-12,5-12,>=7.5,Oligaemic,PFC,yes,0-3_days,no,Rt_to_Lt,None,Abnormal,Low,yes
838,no,Equal,Moderate,Normal,Oligaemic,no,no,5-12,<5,<7.5,Plethoric,Fallot,no,11-30_days,no,Lt_to_Rt,Complete,Normal,Low,no
839,no,Equal,Severe,High,Plethoric,yes,no,<5,<5,>=7.5,Plethoric,TGA,no,0-3_days,no,None,Transp.,Normal,High,no
840,no,Equal,Moderate,Normal,Normal,no,yes,<5,<5,<7.5,Normal,PAIVS,no,0-3_days,yes,Lt_to_Rt,Complete,Normal,Low,no
841,no,Equal,Moderate,Normal,Oligaemic,no,yes,5-12,5-12,<7.5,Oligaemic,PAIVS,no,0-3_days,yes,Lt_to_Rt,Complete,Normal,Low,no
842,no,Equal,Moderate,High,Asy/Patch,yes,no,5-12,<5,>=7.5,Asy/Patchy,Fallot,yes,0-3_days,no,Lt_to_Rt,Complete,Abnormal,Normal,yes
843,no,Equal,Moderate,Normal,Normal,no,no,<5,<5,>=7.5,Normal,PAIVS,yes,0-3_days,yes,Lt_to_Rt,Complete,Normal,Normal,yes
844,no,Equal,Moderate,Normal,Oligaemic,no,no,5-12,5-12,<7.5,Oligaemic,Fallot,no,11-30_days,no,Lt_to_Rt,Complete,Normal,Low,no
845,no,Equal,Moderate,Low,Oligaemic,yes,yes,<5,<5,<7.5,Oligaemic,PAIVS,yes,4-10_days,yes,Lt_to_Rt,Complete,Abnormal,Low,yes
846,no,Equal,Severe,Normal,Oligaemic,no,yes,5-12,5-12,>=7.5,Oligaemic,Fallot,yes,11-30_days,no,Lt_to_Rt,Transp.,Normal,Low,no
847,no,Equal,Mild,High,Oligaemic,no,no,12+,5-12,>=7.5,Oligaemic,Fallot,no,11-30_days,no,Lt_to_Rt,Complete,Normal,Low,no
848,no,Equal,Severe,Normal,Plethoric,yes,no,<5,5-12,<7.5,Normal,TGA,yes,0-3_days,no,None,Transp.,Normal,High,yes
849,yes,Equal,Severe,Normal,Plethoric,no,no,5-12,<5,<7.5,Plethoric,TGA,no,11-30_days,no,None,Transp.,Congested,High,no
850,no,Equal,Moderate,Normal,Grd_Glass,no,yes,5-12,5-12,<7.5,Grd_Glass,PAIVS,no,0-3_days,yes,Lt_to_Rt,Complete,Congested,Low,no
851,yes,Unequal,Severe,High,Asy/Patch,no,no,<5,5-12,>=7.5,Grd_Glass,PFC,no,0-3_days,no,Rt_to_Lt,Mild,Abnormal,Low,no
852,no,Equal,Mild,Normal,Oligaemic,no,no,12+,12+,<7.5,Oligaemic,Fallot,no,0-3_days,no,Lt_to_Rt,Complete,Normal,Low,yes
853,yes,Equal,Severe,High,Asy/Patch,yes,yes,5-12,<5,>=7.5,Asy/Patchy,PAIVS,yes,0-3_days,yes,Lt_to_Rt,Complete,Abnormal,Low,no
854,no,Unequal,Severe,Normal,Asy/Patch,yes,no,12+,<5,<7.5,Asy/Patchy,Lung,yes,0-3_days,no,Rt_to_Lt,None,Abnormal,Normal,yes
855,no,Equal,Mild,High,Oligaemic,yes,no,12+,12+,>=7.5,Asy/Patchy,Fallot,yes,0-3_days,no,Lt_to_Rt,Mild,Normal,Low,no
856,no,Equal,Moderate,Low,Oligaemic,no,yes,12+,<5,<7.5,Oligaemic,Fallot,no,0-3_days,no,Lt_to_Rt,Complete,Normal,Low,no
857,no,Equal,Moderate,High,Oligaemic,no,no,5-12,<5,>=7.5,Asy/Patchy,Fallot,yes,11-30_days,no,Lt_to_Rt,Complete,Normal,Low,no
858,no,Equal,Moderate,Low,Oligaemic,no,yes,<5,<5,<7.5,Oligaemic,PAIVS,yes,0-3_days,yes,Lt_to_Rt,Complete,Normal,Low,no
859,no,Equal,Moderate,Normal,Grd_Glass,no,yes,<5,5-12,<7.5,Grd_Glass,PAIVS,no,0-3_days,yes,Lt_to_Rt,Complete,Congested,Normal,yes
860,no,Equal,Moderate,Normal,Oligaemic,no,no,5-12,5-12,<7.5,Oligaemic,Fallot,no,0-3_days,no,Lt_to_Rt,Complete,Normal,Low,no
861,no,Equal,Moderate,Normal,Asy/Patch,yes,yes,5-12,<5,<7.5,Asy/Patchy,Fallot,yes,4-10_days,yes,Lt_to_Rt,Complete,Abnormal,Low,yes
862,yes,Unequal,Severe,Normal,Normal,no,no,5-12,<5,<7.5,Plethoric,TGA,no,4-10_days,no,Rt_to_Lt,Transp.,Normal,High,no
863,no,Equal,Moderate,Normal,Oligaemic,no,yes,12+,<5,<7.5,Oligaemic,PAIVS,no,0-3_days,yes,Lt_to_Rt,Complete,Normal,Low,no
864,no,Equal,Moderate,High,Oligaemic,no,no,5-12,5-12,>=7.5,Oligaemic,TAPVD,yes,11-30_days,no,None,Complete,Abnormal,High,no
865,no,Unequal,Moderate,Normal,Plethoric,no,no,<5,<5,<7.5,Plethoric,TGA,no,0-3_days,no,Rt_to_Lt,Transp.,Normal,High,no
866,no,Equal,Severe,Normal,Plethoric,no,no,5-12,<5,<7.5,Oligaemic,TGA,no,4-10_days,no,None,Transp.,Normal,High,no
867,no,Equal,Severe,Normal,Asy/Patch,no,no,5-12,<5,<7.5,Asy/Patchy,Fallot,no,11-30_days,no,Lt_to_Rt,Mild,Abnormal,Normal,no
868,no,Equal,Moderate,Normal,Normal,no,no,5-12,12+,<7.5,Normal,Fallot,no,11-30_days,no,Lt_to_Rt,Complete,Normal,Low,no
869,yes,Equal,Moderate,High,Asy/Patch,yes,no,<5,5-12,>=7.5,Oligaemic,Fallot,yes,11-30_days,no,None,Complete,Abnormal,Low,no
870,no,Equal,Moderate,Normal,Normal,no,yes,12+,<5,<7.5,Normal,PAIVS,no,0-3_days,yes,Lt_to_Rt,Complete,Normal,Normal,no
871,no,Unequal,Mild,High,Asy/Patch,yes,no,5-12,12+,>=7.5,Asy/Patchy,Lung,yes,4-10_days,no,Rt_to_Lt,None,Abnormal,Normal,no
872,no,Equal,Severe,Normal,Oligaemic,no,no,<5,5-12,<7.5,Oligaemic,Fallot,no,0-3_days,no,Lt_to_Rt,Complete,Normal,Low,no
873,no,Equal,Mild,Normal,Normal,no,no,12+,12+,<7.5,Normal,Fallot,no,11-30_days,no,Lt_to_Rt,Complete,Normal,Normal,yes
874,yes,Equal,Severe,Low,Plethoric,no,no,<5,5-12,<7.5,Plethoric,TGA,no,0-3_days,no,None,Transp.,Normal,High,no
875,no,Equal,Moderate,Low,Plethoric,no,no,<5,5-12,<7.5,Normal,TGA,no,0-3_days,no,None,Complete,Normal,High,no
876,no,Equal,Moderate,Normal,Normal,no,no,5-12,12+,<7.5,Normal,Fallot,yes,0-3_days,no,None,Complete,Normal,Normal,no
877,no,Unequal,Severe,Normal,Plethoric,no,no,5-12,<5,<7.5,Plethoric,TGA,no,0-3_days,no,Rt_to_Lt,Transp.,Normal,High,yes
878,no,Equal,Moderate,High,Oligaemic,no,no,5-12,5-12,>=7.5,Oligaemic,PAIVS,no,0-3_days,no,Lt_to_Rt,Complete,Congested,Low,no
879,no,Equal,Severe,High,Plethoric,no,no,<5,<5,>=7.5,Plethoric,TAPVD,yes,0-3_days,no,Rt_to_Lt,Complete,Congested,Low,yes
880,no,Equal,Severe,Normal,Normal,no,no,12+,<5,<7.5,Normal,Fallot,no,11-30_days,no,Lt_to_Rt,Complete,Normal,High,no
881,no,Unequal,Severe,Low,Asy/Patch,no,no,<5,5-12,<7.5,Asy/Patchy,TGA,no,0-3_days,no,Rt_to_Lt,Transp.,Normal,Low,yes
882,no,Equal,Severe,Normal,Plethoric,no,no,<5,<5,<7.5,Normal,TGA,no,0-3_days,no,Lt_to_Rt,Transp.,Normal,High,yes
883,no,Equal,Moderate,Normal,Normal,no,no,5-12,12+,<7.5,Normal,TGA,no,4-10_days,no,None,Transp.,Normal,Normal,yes
884,no,Equal,Moderate,High,Grd_Glass,no,no,5-12,5-12,>=7.5,Grd_Glass,TAPVD,no,4-10_days,no,Rt_to_Lt,Complete,Congested,High,no
885,no,Equal,Moderate,Low,Oligaemic,no,no,5-12,5-12,<7.5,Normal,Fallot,no,11-30_days,no,Lt_to_Rt,Mild,Normal,Low,no
886,no,Equal,Severe,Low,Grd_Glass,no,no,5-12,<5,>=7.5,Grd_Glass,Fallot,no,0-3_days,no,Lt_to_Rt,Complete,Congested,Normal,yes
887,no,Equal,Moderate,Normal,Oligaemic,no,no,5-12,5-12,<7.5,Oligaemic,Fallot,no,4-10_days,no,Lt_to_Rt,Complete,Normal,Low,no
888,no,Equal,Moderate,Normal,Normal,no,yes,5-12,<5,<7.5,Normal,PAIVS,no,0-3_days,yes,Lt_to_Rt,Complete,Normal,Normal,no
889,no,Equal,Moderate,Normal,Oligaemic,no,yes,5-12,5-12,<7.5,Oligaemic,Fallot,no,4-10_days,no,Lt_to_Rt,Complete,Normal,Low,no
890,no,Equal,Severe,Normal,Plethoric,no,no,5-12,<5,<7.5,Plethoric,TGA,no,0-3_days,no,None,Transp.,Normal,High,yes
891,no,Equal,Moderate,High,Normal,no,no,12+,5-12,>=7.5,Normal,Fallot,no,11-30_days,no,Lt_to_Rt,Complete,Normal,Normal,no
892,no,Equal,Severe,Normal,Grd_Glass,yes,no,<5,5-12,<7.5,Grd_Glass,Lung,yes,0-3_days,no,None,Mild,Congested,Normal,yes
893,no,Equal,Moderate,Normal,Oligaemic,no,no,5-12,5-12,<7.5,Oligaemic,Fallot,no,0-3_days,no,None,Complete,Normal,Low,no
894,no,Equal,Moderate,Low,Plethoric,no,yes,<5,5-12,<7.5,Plethoric,TGA,no,11-30_days,no,None,Transp.,Normal,High,no
895,no,Equal,Severe,Normal,Plethoric,no,no,5-12,<5,<7.5,Normal,TGA,yes,0-3_days,no,None,Transp.,Normal,High,yes
896,no,Equal,Severe,Normal,Plethoric,no,no,<5,12+,<7.5,Plethoric,TGA,no,11-30_days,no,None,Transp.,Normal,High,yes
897,no,Equal,Mild,Normal,Plethoric,no,no,12+,5-12,>=7.5,Plethoric,TGA,no,0-3_days,no,None,Transp.,Normal,High,yes
898,no,Equal,Severe,Normal,Normal,no,no,5-12,12+,<7.5,Oligaemic,Fallot,yes,4-10_days,no,Lt_to_Rt,Complete,Normal,Low,no
899,no,Equal,Moderate,Normal,Oligaemic,no,no,5-12,5-12,<7.5,Oligaemic,Fallot,no,11-30_days,no,None,Complete,Normal,Low,no
900,no,Equal,Severe,Normal,Plethoric,yes,no,<5,<5,<7.5,Plethoric,TGA,yes,0-3_days,no,None,Transp.,Normal,High,yes
901,no,Equal,Severe,Normal,Normal,yes,no,<5,<5,<7.5,Normal,TGA,yes,11-30_days,no,Lt_to_Rt,Transp.,Normal,Normal,no
902,no,Equal,Severe,Normal,Normal,no,no,5-12,<5,<7.5,Asy/Patchy,PAIVS,no,0-3_days,yes,Lt_to_Rt,Complete,Congested,Low,yes
903,no,Unequal,Moderate,Normal,Grd_Glass,no,no,5-12,5-12,<7.5,Grd_Glass,PFC,no,0-3_days,yes,Rt_to_Lt,Mild,Congested,Low,no
904,no,Equal,Moderate,Normal,Oligaemic,no,no,5-12,5-12,<7.5,Normal,PAIVS,no,0-3_days,yes,Lt_to_Rt,Complete,Normal,Low,no
905,no,Unequal,Severe,Normal,Plethoric,no,no,5-12,5-12,<7.5,Plethoric,TGA,no,11-30_days,no,None,Transp.,Normal,High,no
906,no,Equal,Severe,Low,Normal,no,no,5-12,5-12,<7.5,Asy/Patchy,TGA,yes,0-3_days,no,Lt_to_Rt,Transp.,Normal,Normal,no
907,no,Equal,Moderate,High,Grd_Glass,yes,no,5-12,5-12,>=7.5,Grd_Glass,Lung,no,0-3_days,no,Rt_to_Lt,Mild,Abnormal,High,yes
908,no,Equal,Moderate,Normal,Grd_Glass,no,no,12+,<5,<7.5,Asy/Patchy,Fallot,no,0-3_days,no,Lt_to_Rt,Complete,Normal,Low,yes
909,no,Equal,Moderate,Normal,Oligaemic,no,yes,5-12,<5,<7.5,Oligaemic,PAIVS,yes,0-3_days,yes,Lt_to_Rt,Complete,Normal,Low,no
910,no,Equal,Severe,Normal,Normal,yes,no,12+,<5,<7.5,Normal,TGA,no,0-3_days,no,None,Transp.,Abnormal,High,yes
911,no,Equal,Moderate,Normal,Plethoric,no,yes,12+,<5,<7.5,Plethoric,TGA,no,0-3_days,no,None,Mild,Normal,High,no
912,no,Equal,Mild,Normal,Oligaemic,yes,no,5-12,12+,>=7.5,Oligaemic,PFC,yes,11-30_days,no,Lt_to_Rt,None,Abnormal,High,no
913,no,Equal,Severe,Normal,Oligaemic,no,no,5-12,<5,<7.5,Asy/Patchy,Fallot,no,0-3_days,no,Lt_to_Rt,Mild,Normal,Low,no
914,no,Equal,Moderate,Normal,Normal,no,no,5-12,5-12,<7.5,Normal,Fallot,no,11-30_days,no,Lt_to_Rt,Complete,Normal,Normal,no
915,no,Equal,Moderate,Normal,Plethoric,yes,no,5-12,<5,<7.5,Normal,TGA,yes,0-3_days,no,Lt_to_Rt,Transp.,Normal,High,yes
916,no,Equal,Moderate,Normal,Plethoric,no,no,<5,<5,<7.5,Plethoric,TGA,no,0-3_days,no,None,Transp.,Normal,High,no
917,yes,Equal,Severe,Normal,Oligaemic,yes,no,5-12,12+,<7.5,Oligaemic,TGA,yes,0-3_days,no,None,Transp.,Abnormal,High,no
918,no,Equal,Moderate,High,Oligaemic,no,yes,5-12,5-12,>=7.5,Plethoric,Fallot,no,0-3_days,no,Lt_to_Rt,Complete,Normal,Low,yes
919,no,Equal,Severe,Normal,Asy/Patch,yes,no,5-12,5-12,<7.5,Asy/Patchy,Lung,yes,0-3_days,no,Lt_to_Rt,Mild,Abnormal,Normal,yes
920,no,Equal,Severe,Normal,Grd_Glass,no,no,<5,5-12,<7.5,Grd_Glass,TGA,no,11-30_days,no,None,Complete,Normal,Low,no
921,no,Equal,Moderate,Normal,Normal,yes,no,12+,12+,<7.5,Normal,TGA,yes,0-3_days,no,None,Transp.,Abnormal,High,no
922,no,Equal,Moderate,Normal,Oligaemic,yes,no,5-12,5-12,<7.5,Oligaemic,PAIVS,yes,0-3_days,yes,Lt_to_Rt,Complete,Normal,Low,no
923,no,Unequal,Moderate,Normal,Grd_Glass,no,no,5-12,5-12,<7.5,Grd_Glass,TAPVD,no,4-10_days,no,None,Complete,Congested,Low,no
924,no,Equal,Moderate,Low,Plethoric,no,yes,5-12,5-12,<7.5,Plethoric,PAIVS,no,0-3_days,yes,Lt_to_Rt,Complete,Normal,High,yes
925,no,Equal,Severe,High,Asy/Patch,no,no,<5,<5,>=7.5,Asy/Patchy,TAPVD,no,0-3_days,no,Rt_to_Lt,Complete,Congested,High,no
926,no,Equal,Moderate,Low,Oligaemic,no,yes,5-12,5-12,<7.5,Oligaemic,PAIVS,no,0-3_days,yes,Lt_to_Rt,Complete,Normal,Low,no
927,no,Equal,Severe,Normal,Normal,no,no,<5,12+,<7.5,Normal,TGA,no,0-3_days,no,Rt_to_Lt,Transp.,Normal,Low,no
928,no,Unequal,Mild,Normal,Asy/Patch,yes,no,<5,12+,>=7.5,Asy/Patchy,Lung,no,0-3_days,no,Rt_to_Lt,None,Abnormal,Normal,yes
929,yes,Equal,Moderate,High,Grd_Glass,no,no,<5,5-12,>=7.5,Grd_Glass,TGA,no,4-10_days,no,None,Transp.,Abnormal,High,no
930,no,Equal,Moderate,Normal,Plethoric,no,no,5-12,12+,<7.5,Oligaemic,TGA,no,0-3_days,no,None,Complete,Normal,High,yes
931,no,Equal,Moderate,High,Oligaemic,yes,no,5-12,<5,>=7.5,Normal,TAPVD,yes,0-3_days,no,None,Complete,Abnormal,High,yes
932,no,Equal,Moderate,Normal,Plethoric,no,no,5-12,<5,<7.5,Plethoric,TAPVD,no,0-3_days,no,None,Complete,Congested,High,no
933,no,Equal,Moderate,Normal,Oligaemic,no,yes,5-12,5-12,<7.5,Normal,PAIVS,yes,0-3_days,yes,Lt_to_Rt,Complete,Normal,Low,no
934,no,Equal,Mild,Normal,Plethoric,no,yes,<5,<5,<7.5,Plethoric,Fallot,no,0-3_days,yes,None,Complete,Normal,High,no
935,no,Equal,Mild,Normal,Oligaemic,yes,no,12+,12+,<7.5,Oligaemic,PAIVS,yes,0-3_days,yes,Lt_to_Rt,Complete,Normal,Low,no
936,no,Equal,Moderate,Normal,Oligaemic,no,no,5-12,5-12,<7.5,Oligaemic,Fallot,no,0-3_days,no,Lt_to_Rt,Complete,Normal,Low,yes
937,no,Unequal,Mild,High,Asy/Patch,yes,no,<5,12+,>=7.5,Asy/Patchy,Lung,yes,0-3_days,no,Rt_to_Lt,None,Abnormal,Normal,yes
938,no,Equal,Severe,Normal,Plethoric,no,yes,12+,5-12,>=7.5,Asy/Patchy,PAIVS,no,0-3_days,yes,Lt_to_Rt,Complete,Normal,High,yes
939,no,Equal,Mild,Normal,Oligaemic,no,yes,12+,5-12,<7.5,Asy/Patchy,PAIVS,no,0-3_days,yes,Lt_to_Rt,Complete,Normal,Low,yes
940,no,Equal,Severe,Normal,Plethoric,no,no,5-12,<5,<7.5,Plethoric,TGA,no,0-3_days,no,None,Transp.,Congested,High,no
941,no,Equal,Moderate,High,Grd_Glass,yes,no,12+,5-12,>=7.5,Grd_Glass,TAPVD,yes,0-3_days,no,Rt_to_Lt,Complete,Congested,Normal,yes
942,no,Equal,Moderate,Normal,Normal,yes,no,5-12,5-12,<7.5,Normal,TGA,yes,0-3_days,no,None,Complete,Abnormal,High,no
943,no,Unequal,Mild,Normal,Asy/Patch,no,no,5-12,12+,<7.5,Asy/Patchy,Lung,no,0-3_days,no,Rt_to_Lt,None,Abnormal,Normal,no
944,no,Equal,Moderate,Low,Oligaemic,no,no,12+,5-12,<7.5,Oligaemic,Fallot,no,4-10_days,no,Lt_to_Rt,Complete,Normal,Low,no
945,no,Equal,Severe,High,Plethoric,no,yes,5-12,<5,>=7.5,Plethoric,TAPVD,no,0-3_days,no,None,Complete,Congested,High,no
946,no,Equal,Moderate,High,Grd_Glass,yes,no,5-12,<5,>=7.5,Grd_Glass,TAPVD,no,0-3_days,no,None,Complete,Congested,High,yes
947,no,Equal,Severe,Normal,Oligaemic,no,yes,<5,<5,<7.5,Oligaemic,PAIVS,no,0-3_days,yes,Lt_to_Rt,Complete,Normal,Low,no
948,no,Equal,Moderate,High,Asy/Patch,yes,no,5-12,5-12,>=7.5,Asy/Patchy,Fallot,yes,4-10_days,no,Lt_to_Rt,Complete,Abnormal,Low,no
949,no,Equal,Severe,Normal,Oligaemic,no,yes,5-12,5-12,<7.5,Oligaemic,PAIVS,no,0-3_days,yes,Lt_to_Rt,Complete,Normal,Low,no
950,no,Equal,Moderate,Low,Oligaemic,no,yes,12+,5-12,<7.5,Oligaemic,Fallot,no,0-3_days,yes,Lt_to_Rt,Complete,Normal,Low,no
951,no,Equal,Severe,Normal,Asy/Patch,no,no,12+,<5,<7.5,Asy/Patchy,Fallot,yes,0-3_days,no,Lt_to_Rt,Complete,Normal,Low,yes
952,no,Unequal,Moderate,High,Plethoric,no,no,<5,<5,>=7.5,Plethoric,Lung,no,0-3_days,no,Rt_to_Lt,None,Congested,Normal,yes
953,no,Equal,Severe,High,Asy/Patch,no,no,<5,<5,<7.5,Grd_Glass,TGA,no,11-30_days,no,None,Transp.,Abnormal,Normal,no
954,no,Equal,Moderate,Normal,Normal,no,no,<5,5-12,<7.5,Oligaemic,Fallot,yes,4-10_days,no,Lt_to_Rt,Complete,Normal,Low,no
955,no,Equal,Severe,High,Normal,no,yes,<5,5-12,>=7.5,Normal,TGA,yes,4-10_days,yes,None,Transp.,Abnormal,High,no
956,no,Equal,Moderate,Normal,Oligaemic,no,no,5-12,<5,<7.5,Normal,Fallot,no,11-30_days,no,Lt_to_Rt,Complete,Normal,Low,no
957,no,Equal,Moderate,Low,Oligaemic,no,no,<5,<5,<7.5,Oligaemic,Fallot,no,11-30_days,no,None,Mild,Normal,Low,no
958,yes,Unequal,Moderate,Normal,Normal,no,no,<5,5-12,<7.5,Normal,PFC,no,0-3_days,no,Rt_to_Lt,Mild,Normal,Normal,yes
959,no,Unequal,Moderate,Normal,Asy/Patch,yes,no,5-12,<5,<7.5,Asy/Patchy,PFC,yes,0-3_days,no,Rt_to_Lt,Mild,Abnormal,Normal,yes
960,no,Equal,Moderate,Normal,Oligaemic,no,yes,5-12,<5,<7.5,Oligaemic,Fallot,no,4-10_days,yes,Lt_to_Rt,Complete,Normal,Low,no
961,no,Equal,Severe,High,Oligaemic,no,no,5-12,<5,>=7.5,Oligaemic,Fallot,no,4-10_days,no,Lt_to_Rt,Complete,Abnormal,Normal,no
962,no,Equal,Moderate,High,Asy/Patch,no,no,5-12,12+,>=7.5,Asy/Patchy,Fallot,no,4-10_days,no,Lt_to_Rt,Mild,Abnormal,Low,no
963,yes,Equal,Moderate,Normal,Asy/Patch,yes,no,5-12,5-12,>=7.5,Asy/Patchy,PFC,no,0-3_days,no,Rt_to_Lt,Mild,Abnormal,Normal,yes
964,no,Equal,Severe,Normal,Asy/Patch,yes,yes,12+,<5,<7.5,Grd_Glass,PAIVS,yes,0-3_days,yes,Lt_to_Rt,Complete,Abnormal,Low,no
965,no,Equal,Severe,Normal,Normal,no,no,5-12,<5,<7.5,Normal,TGA,no,4-10_days,no,None,Transp.,Normal,Low,no
966,no,Equal,Moderate,Normal,Oligaemic,no,no,5-12,5-12,<7.5,Asy/Patchy,Fallot,no,11-30_days,no,Lt_to_Rt,Complete,Normal,Low,no
967,no,Equal,Severe,High,Oligaemic,no,yes,<5,<5,>=7.5,Oligaemic,PAIVS,no,4-10_days,yes,Lt_to_Rt,Complete,Normal,Low,no
968,yes,Equal,Severe,Normal,Plethoric,no,no,5-12,5-12,<7.5,Plethoric,TGA,no,4-10_days,no,None,Transp.,Normal,High,no
969,no,Unequal,Moderate,High,Grd_Glass,no,no,<5,5-12,>=7.5,Grd_Glass,Lung,no,0-3_days,no,Rt_to_Lt,None,Congested,Normal,no
970,no,Equal,Moderate,High,Asy/Patch,no,no,5-12,<5,>=7.5,Asy/Patchy,PAIVS,no,0-3_days,no,Lt_to_Rt,Complete,Abnormal,Low,no
971,no,Equal,Severe,Normal,Grd_Glass,no,no,<5,<5,<7.5,Grd_Glass,TGA,no,0-3_days,no,None,Transp.,Normal,High,no
972,no,Unequal,Moderate,Normal,Normal,no,no,5-12,5-12,<7.5,Normal,Fallot,no,4-10_days,no,Lt_to_Rt,Complete,Normal,High,no
973,yes,Equal,Severe,Low,Plethoric,no,yes,<5,5-12,<7.5,Plethoric,PAIVS,no,4-10_days,yes,Lt_to_Rt,Complete,Normal,High,no
974,no,Equal,Severe,Normal,Normal,no,no,12+,<5,<7.5,Plethoric,Fallot,no,0-3_days,no,Lt_to_Rt,Complete,Normal,Normal,yes
975,no,Equal,Severe,Normal,Normal,no,no,5-12,5-12,<7.5,Normal,TGA,no,0-3_days,no,None,Transp.,Normal,Normal,no
976,yes,Equal,Moderate,Normal,Plethoric,no,no,5-12,5-12,<7.5,Asy/Patchy,Fallot,no,11-30_days,no,Lt_to_Rt,Mild,Normal,Low,no
977,no,Equal,Severe,Low,Plethoric,no,no,5-12,<5,<7.5,Normal,TGA,no,0-3_days,no,Lt_to_Rt,Transp.,Normal,High,no
978,no,Unequal,Severe,Normal,Plethoric,no,no,5-12,<5,>=7.5,Plethoric,TGA,no,4-10_days,no,Rt_to_Lt,Transp.,Normal,High,no
979,no,Equal,Moderate,Normal,Normal,no,no,<5,5-12,<7.5,Normal,TGA,yes,0-3_days,no,None,Transp.,Normal,High,no
980,no,Equal,Moderate,Normal,Plethoric,yes,no,5-12,<5,<7.5,Plethoric,TAPVD,yes,0-3_days,no,Lt_to_Rt,Transp.,Congested,Normal,no
981,no,Equal,Severe,Normal,Plethoric,no,no,<5,<5,<7.5,Plethoric,TGA,no,0-3_days,no,None,Transp.,Normal,High,no
982,no,Equal,Mild,Normal,Normal,no,yes,12+,5-12,<7.5,Oligaemic,PFC,no,0-3_days,no,Lt_to_Rt,None,Normal,Normal,yes
983,no,Equal,Severe,Normal,Plethoric,no,no,5-12,12+,>=7.5,Plethoric,Fallot,no,0-3_days,no,Lt_to_Rt,Complete,Normal,High,no
984,no,Equal,Moderate,Normal,Plethoric,no,yes,5-12,12+,<7.5,Plethoric,TGA,no,11-30_days,no,None,Complete,Normal,High,yes
985,no,Equal,Severe,Normal,Normal,no,no,<5,<5,<7.5,Asy/Patchy,Fallot,no,0-3_days,no,Lt_to_Rt,Complete,Normal,Normal,yes
986,no,Unequal,Severe,Normal,Plethoric,no,yes,5-12,<5,>=7.5,Plethoric,TGA,no,0-3_days,yes,None,Transp.,Normal,High,no
987,no,Unequal,Moderate,Normal,Oligaemic,yes,no,5-12,12+,<7.5,Oligaemic,Fallot,yes,0-3_days,no,Lt_to_Rt,Complete,Normal,Low,yes
988,no,Equal,Severe,Normal,Asy/Patch,yes,no,12+,5-12,<7.5,Asy/Patchy,TGA,yes,0-3_days,no,None,Transp.,Abnormal,Normal,no
989,no,Equal,Severe,Normal,Normal,no,no,<5,<5,<7.5,Plethoric,TGA,no,0-3_days,no,None,Transp.,Normal,Normal,no
990,no,Equal,Severe,Normal,Oligaemic,no,yes,5-12,5-12,<7.5,Oligaemic,PAIVS,no,0-3_days,yes,Lt_to_Rt,Complete,Normal,Low,no
991,yes,Equal,Moderate,Normal,Normal,no,no,<5,5-12,<7.5,Normal,Fallot,no,11-30_days,no,Lt_to_Rt,Complete,Normal,Normal,no
992,yes,Equal,Severe,Normal,Asy/Patch,no,no,<5,5-12,<7.5,Asy/Patchy,PFC,yes,0-3_days,no,Rt_to_Lt,Mild,Congested,Normal,no
993,no,Equal,Moderate,Normal,Normal,no,no,<5,5-12,<7.5,Plethoric,Fallot,no,0-3_days,no,Lt_to_Rt,Complete,Normal,Normal,no
994,no,Equal,Moderate,Normal,Oligaemic,no,no,<5,5-12,<7.5,Plethoric,Fallot,no,4-10_days,no,Lt_to_Rt,Complete,Normal,Low,no
995,no,Equal,Severe,Normal,Plethoric,no,no,5-12,5-12,<7.5,Plethoric,TGA,no,0-3_days,no,None,Mild,Normal,High,no
996,no,Equal,Severe,Normal,Oligaemic,no,yes,<5,5-12,<7.5,Oligaemic,Fallot,no,11-30_days,yes,Lt_to_Rt,Mild,Normal,Low,yes
997,no,Equal,Moderate,Normal,Plethoric,no,no,12+,12+,<7.5,Plethoric,TGA,no,0-3_days,no,None,Transp.,Normal,High,no
998,no,Equal,Severe,Low,Normal,yes,yes,5-12,<5,<7.5,Normal,PAIVS,yes,0-3_days,yes,Lt_to_Rt,Transp.,Normal,Normal,yes
999,no,Equal,Severe,Normal,Grd_Glass,yes,no,5-12,<5,<7.5,Normal,TGA,yes,0-3_days,no,None,Transp.,Congested,High,yes
1000,no,Equal,Moderate,Normal,Normal,no,no,5-12,5-12,<7.5,Normal,PFC,no,0-3_days,no,Rt_to_Lt,Mild,Normal,Normal,no
1001,no,Equal,Mild,Normal,Asy/Patch,no,no,5-12,<5,<7.5,Asy/Patchy,Lung,no,0-3_days,no,None,Mild,Abnormal,Low,yes
1002,no,Equal,Mild,Low,Oligaemic,no,yes,12+,12+,<7.5,Oligaemic,PAIVS,no,0-3_days,yes,Lt_to_Rt,Complete,Normal,Low,yes
1003,no,Equal,Moderate,Normal,Oligaemic,no,yes,5-12,<5,<7.5,Oligaemic,PAIVS,no,0-3_days,yes,Lt_to_Rt,Complete,Normal,Low,no
1004,no,Equal,Moderate,Low,Plethoric,no,no,5-12,<5,<7.5,Plethoric,TGA,no,0-3_days,no,None,Transp.,Normal,High,no
1005,no,Equal,Moderate,High,Asy/Patch,yes,yes,<5,5-12,>=7.5,Asy/Patchy,PAIVS,yes,0-3_days,yes,Lt_to_Rt,Complete,Abnormal,Low,no
1006,no,Equal,Moderate,Normal,Normal,no,no,5-12,5-12,<7.5,Normal,PAIVS,no,0-3_days,no,Lt_to_Rt,Complete,Normal,Normal,yes
1007,no,Equal,Moderate,Normal,Plethoric,no,yes,5-12,<5,<7.5,Plethoric,Fallot,no,11-30_days,no,Lt_to_Rt,Complete,Normal,High,no
1008,no,Equal,Severe,Normal,Asy/Patch,yes,no,<5,<5,<7.5,Plethoric,Fallot,yes,11-30_days,no,Lt_to_Rt,Complete,Abnormal,Normal,no
1009,no,Equal,Severe,Low,Plethoric,no,no,<5,<5,<7.5,Normal,Fallot,no,4-10_days,no,Lt_to_Rt,Complete,Normal,High,no
1010,no,Equal,Severe,Normal,Oligaemic,no,yes,5-12,5-12,<7.5,Oligaemic,PAIVS,no,4-10_days,yes,Lt_to_Rt,Complete,Normal,Low,no
1011,no,Equal,Moderate,Normal,Asy/Patch,yes,yes,5-12,12+,<7.5,Asy/Patchy,PAIVS,yes,0-3_days,yes,Lt_to_Rt,Complete,Abnormal,Low,yes
1012,no,Unequal,Mild,Normal,Asy/Patch,yes,no,12+,5-12,>=7.5,Plethoric,Lung,no,0-3_days,no,Rt_to_Lt,None,Abnormal,Normal,yes
1013,no,Equal,Moderate,High,Oligaemic,no,no,5-12,5-12,>=7.5,Oligaemic,PAIVS,no,0-3_days,no,Lt_to_Rt,Complete,Normal,Low,no
1014,no,Equal,Severe,Normal,Normal,no,no,5-12,<5,<7.5,Normal,TGA,no,4-10_days,no,None,Transp.,Normal,Normal,no
1015,no,Equal,Severe,High,Asy/Patch,yes,no,5-12,<5,>=7.5,Oligaemic,Fallot,no,4-10_days,no,None,Complete,Abnormal,Low,no
1016,no,Equal,Moderate,Normal,Oligaemic,no,no,<5,5-12,<7.5,Oligaemic,Fallot,no,4-10_days,no,None,Mild,Normal,Low,yes
1017,yes,Equal,Moderate,Normal,Oligaemic,no,no,5-12,5-12,>=7.5,Oligaemic,PFC,no,0-3_days,no,Rt_to_Lt,Complete,Normal,Low,yes
1018,no,Equal,Severe,Normal,Plethoric,no,no,5-12,5-12,<7.5,Plethoric,TGA,no,4-10_days,no,None,Transp.,Normal,High,no
1019,no,Equal,Moderate,Normal,Oligaemic,no,no,5-12,<5,<7.5,Oligaemic,TGA,yes,11-30_days,no,None,Transp.,Normal,Low,no
1020,no,Equal,Moderate,Normal,Oligaemic,yes,yes,<5,5-12,<7.5,Normal,PAIVS,yes,0-3_days,yes,Lt_to_Rt,Complete,Abnormal,Low,yes
1021,no,Equal,Severe,Normal,Grd_Glass,yes,no,<5,<5,<7.5,Plethoric,Lung,yes,0-3_days,no,Rt_to_Lt,Mild,Normal,High,yes
1022,no,Equal,Moderate,Normal,Plethoric,no,no,5-12,5-12,<7.5,Plethoric,TGA,no,0-3_days,no,None,Complete,Normal,High,yes
1023,no,Equal,Moderate,Normal,Oligaemic,no,no,5-12,5-12,<7.5,Oligaemic,Fallot,no,0-3_days,no,Lt_to_Rt,Mild,Normal,Low,yes
1024,yes,Equal,Severe,Normal,Plethoric,no,no,<5,<5,<7.5,Plethoric,TGA,no,0-3_days,no,None,Complete,Normal,High,no
1025,no,Equal,Severe,Normal,Plethoric,no,no,<5,5-12,<7.5,Plethoric,TGA,no,0-3_days,no,Lt_to_Rt,Transp.,Normal,High,no
1026,no,Equal,Moderate,Normal,Oligaemic,no,yes,<5,5-12,<7.5,Oligaemic,PAIVS,no,0-3_days,yes,Lt_to_Rt,Complete,Normal,Low,no
1027,no,Equal,Moderate,Normal,Oligaemic,no,no,12+,<5,<7.5,Oligaemic,Fallot,no,11-30_days,no,Lt_to_Rt,Complete,Congested,Low,no
1028,no,Equal,Moderate,Low,Oligaemic,no,no,<5,12+,>=7.5,Oligaemic,Fallot,no,0-3_days,no,Lt_to_Rt,Mild,Normal,Low,yes
1029,no,Equal,Moderate,Normal,Normal,no,yes,5-12,5-12,<7.5,Normal,PAIVS,no,0-3_days,yes,Lt_to_Rt,Complete,Normal,High,no
1030,no,Unequal,Severe,Normal,Oligaemic,no,yes,<5,<5,<7.5,Oligaemic,PAIVS,no,4-10_days,yes,Lt_to_Rt,Complete,Normal,Low,yes
1031,no,Equal,Moderate,Normal,Oligaemic,no,yes,5-12,12+,<7.5,Oligaemic,PAIVS,no,0-3_days,yes,Lt_to_Rt,Complete,Abnormal,Low,no
1032,no,Equal,Severe,Normal,Plethoric,yes,no,<5,<5,<7.5,Plethoric,TGA,yes,0-3_days,no,None,Transp.,Normal,High,no
1033,yes,Unequal,Severe,Normal,Normal,no,yes,<5,5-12,<7.5,Normal,PFC,no,0-3_days,yes,Rt_to_Lt,Transp.,Normal,Normal,no
1034,no,Equal,Mild,High,Asy/Patch,yes,no,5-12,12+,>=7.5,Normal,PAIVS,yes,0-3_days,yes,Lt_to_Rt,None,Abnormal,Normal,no
1035,no,Equal,Moderate,High,Oligaemic,no,yes,5-12,<5,>=7.5,Oligaemic,PAIVS,no,0-3_days,yes,Lt_to_Rt,Complete,Normal,Low,yes
1036,no,Equal,Moderate,High,Plethoric,yes,no,<5,12+,>=7.5,Plethoric,TGA,no,0-3_days,no,None,Transp.,Normal,High,yes
1037,yes,Equal,Moderate,Normal,Oligaemic,yes,no,5-12,5-12,<7.5,Oligaemic,Fallot,yes,4-10_days,no,Lt_to_Rt,Complete,Normal,Low,yes
1038,no,Equal,Moderate,High,Normal,no,no,5-12,5-12,>=7.5,Normal,TGA,no,0-3_days,no,None,Transp.,Normal,Normal,no
1039,no,Equal,Mild,Normal,Asy/Patch,no,yes,5-12,12+,<7.5,Plethoric,PAIVS,no,0-3_days,yes,Lt_to_Rt,Complete,Normal,Low,yes
1040,no,Equal,Severe,Normal,Normal,no,no,<5,12+,<7.5,Normal,TGA,no,0-3_days,no,None,Transp.,Normal,Normal,no
1041,no,Equal,Moderate,Normal,Plethoric,no,no,5-12,5-12,<7.5,Plethoric,TAPVD,no,0-3_days,no,Lt_to_Rt,Complete,Congested,High,yes
1042,no,Equal,Severe,Normal,Normal,yes,no,<5,<5,<7.5,Normal,TGA,no,0-3_days,no,None,Transp.,Normal,High,yes
1043,no,Equal,Moderate,Normal,Oligaemic,no,no,5-12,12+,<7.5,Oligaemic,Fallot,no,0-3_days,no,Lt_to_Rt,Mild,Normal,Low,yes
1044,no,Equal,Severe,Normal,Oligaemic,yes,yes,5-12,12+,<7.5,Oligaemic,PAIVS,yes,0-3_days,yes,Lt_to_Rt,Complete,Normal,Low,no
1045,no,Equal,Mild,Normal,Oligaemic,no,no,12+,12+,<7.5,Normal,PFC,no,0-3_days,no,Lt_to_Rt,None,Normal,Low,yes
1046,no,Equal,Moderate,Normal,Normal,yes,no,5-12,5-12,<7.5,Asy/Patchy,Fallot,yes,11-30_days,no,Lt_to_Rt,Complete,Normal,Normal,yes
1047,no,Equal,Mild,High,Oligaemic,no,no,12+,5-12,>=7.5,Oligaemic,TAPVD,no,0-3_days,no,Rt_to_Lt,Complete,Abnormal,High,yes
1048,yes,Equal,Moderate,Normal,Plethoric,yes,yes,5-12,5-12,<7.5,Normal,TGA,yes,11-30_days,no,None,Transp.,Normal,High,no
1049,no,Equal,Severe,Normal,Normal,no,no,5-12,12+,<7.5,Normal,Fallot,no,11-30_days,no,None,Complete,Normal,High,no
1050,no,Equal,Moderate,Normal,Oligaemic,no,yes,<5,5-12,<7.5,Oligaemic,PAIVS,no,0-3_days,yes,Lt_to_Rt,Complete,Normal,Low,yes
1051,no,Equal,Mild,Normal,Asy/Patch,yes,no,12+,<5,>=7.5,Asy/Patchy,Fallot,no,0-3_days,no,None,Complete,Abnormal,Low,no
1052,no,Equal,Moderate,High,Oligaemic,no,no,5-12,5-12,>=7.5,Normal,Fallot,no,0-3_days,no,Lt_to_Rt,Complete,Normal,Low,yes
1053,no,Equal,Severe,Normal,Oligaemic,yes,no,<5,5-12,<7.5,Oligaemic,TGA,yes,0-3_days,no,None,Transp.,Abnormal,High,no
1054,no,Equal,Moderate,High,Asy/Patch,yes,yes,5-12,5-12,>=7.5,Asy/Patchy,Lung,yes,0-3_days,no,Rt_to_Lt,Mild,Abnormal,Normal,yes
1055,no,Equal,Severe,Normal,Normal,no,no,5-12,<5,<7.5,Normal,TGA,no,0-3_days,no,None,Transp.,Normal,High,no
1056,no,Equal,Moderate,Normal,Plethoric,no,no,5-12,5-12,>=7.5,Plethoric,TGA,yes,0-3_days,no,None,Transp.,Normal,High,yes
1057,no,Equal,Severe,Normal,Plethoric,no,no,<5,5-12,<7.5,Plethoric,TGA,no,0-3_days,no,None,Transp.,Normal,High,no
1058,yes,Unequal,Mild,Normal,Grd_Glass,no,no,<5,12+,<7.5,Normal,PFC,no,0-3_days,no,Lt_to_Rt,None,Abnormal,Low,no
1059,no,Equal,Severe,High,Plethoric,no,no,<5,5-12,>=7.5,Plethoric,TGA,no,0-3_days,no,None,Transp.,Normal,High,no
1060,no,Equal,Moderate,High,Plethoric,no,yes,5-12,5-12,>=7.5,Plethoric,TGA,yes,11-30_days,yes,None,Mild,Normal,High,no
1061,no,Equal,Moderate,Normal,Asy/Patch,no,no,5-12,5-12,<7.5,Asy/Patchy,Fallot,no,4-10_days,no,Lt_to_Rt,Mild,Abnormal,Low,no
1062,no,Equal,Moderate,Normal,Normal,no,no,12+,5-12,<7.5,Normal,TGA,no,0-3_days,no,None,Transp.,Normal,Normal,no
1063,no,Equal,Severe,Normal,Plethoric,no,no,5-12,<5,<7.5,Plethoric,TGA,no,0-3_days,no,None,Transp.,Normal,High,no
1064,no,Equal,Severe,High,Oligaemic,no,yes,<5,<5,>=7.5,Oligaemic,Fallot,no,11-30_days,yes,Lt_to_Rt,Complete,Normal,Low,no
1065,no,Equal,Moderate,Normal,Oligaemic,no,no,<5,5-12,>=7.5,Oligaemic,Fallot,no,0-3_days,no,Lt_to_Rt,Complete,Abnormal,Low,no
1066,no,Equal,Mild,High,Asy/Patch,yes,no,<5,12+,>=7.5,Asy/Patchy,PAIVS,yes,0-3_days,yes,Lt_to_Rt,Complete,Abnormal,Low,no
1067,no,Equal,Mild,Normal,Asy/Patch,no,yes,5-12,12+,<7.5,Normal,PAIVS,no,0-3_days,yes,Lt_to_Rt,Complete,Normal,Low,no
1068,no,Equal,Moderate,Normal,Oligaemic,yes,yes,5-12,<5,<7.5,Oligaemic,PAIVS,yes,0-3_days,yes,Lt_to_Rt,Complete,Abnormal,Low,no
1069,no,Equal,Moderate,Normal,Oligaemic,no,no,<5,12+,<7.5,Normal,PAIVS,no,0-3_days,yes,Lt_to_Rt,Complete,Normal,Low,no
1070,no,Equal,Moderate,High,Asy/Patch,no,no,5-12,5-12,>=7.5,Normal,Fallot,yes,11-30_days,no,Lt_to_Rt,Complete,Congested,Low,no
1071,no,Equal,Severe,Low,Plethoric,no,no,5-12,<5,<7.5,Plethoric,TGA,no,0-3_days,yes,None,Transp.,Normal,High,yes
1072,no,Equal,Moderate,Normal,Asy/Patch,no,no,5-12,<5,<7.5,Asy/Patchy,Fallot,no,0-3_days,no,Lt_to_Rt,Complete,Normal,Low,no
1073,no,Equal,Mild,Normal,Oligaemic,no,yes,12+,5-12,<7.5,Oligaemic,PAIVS,no,0-3_days,yes,Lt_to_Rt,Complete,Normal,Low,no
1074,yes,Equal,Moderate,Normal,Normal,no,no,<5,5-12,<7.5,Normal,PAIVS,no,0-3_days,yes,Lt_to_Rt,Complete,Normal,Low,yes
1075,no,Equal,Mild,Normal,Grd_Glass,yes,no,12+,12+,<7.5,Grd_Glass,PFC,yes,0-3_days,no,Lt_to_Rt,None,Abnormal,High,yes
1076,no,Equal,Mild,Normal,Oligaemic,no,yes,5-12,<5,>=7.5,Oligaemic,Fallot,no,0-3_days,yes,Lt_to_Rt,Complete,Normal,Low,no
1077,no,Equal,Severe,Normal,Oligaemic,no,no,<5,<5,<7.5,Oligaemic,TGA,no,0-3_days,no,None,Transp.,Normal,High,no
1078,no,Equal,Moderate,High,Asy/Patch,yes,no,<5,<5,>=7.5,Asy/Patchy,Fallot,yes,0-3_days,no,Lt_to_Rt,None,Abnormal,Low,yes
1079,no,Equal,Moderate,Normal,Normal,no,no,12+,<5,<7.5,Normal,Fallot,no,11-30_days,no,None,Complete,Normal,Low,no
1080,no,Equal,Severe,Normal,Normal,no,yes,<5,<5,<7.5,Normal,TGA,no,4-10_days,yes,Rt_to_Lt,Transp.,Normal,High,no
1081,no,Equal,Moderate,Normal,Normal,no,no,5-12,5-12,<7.5,Normal,Fallot,no,11-30_days,no,Lt_to_Rt,Complete,Normal,Normal,no
1082,no,Equal,Severe,Normal,Oligaemic,no,no,5-12,<5,<7.5,Plethoric,Fallot,no,11-30_days,no,Lt_to_Rt,Mild,Normal,Low,no
1083,no,Equal,Moderate,Normal,Normal,no,yes,<5,5-12,<7.5,Plethoric,PAIVS,yes,0-3_days,yes,Lt_to_Rt,Complete,Normal,Normal,no
1084,no,Equal,Moderate,Normal,Oligaemic,no,yes,5-12,5-12,<7.5,Oligaemic,PAIVS,no,0-3_days,yes,Lt_to_Rt,Complete,Normal,Low,no
1085,no,Equal,Severe,Normal,Plethoric,no,no,<5,<5,<7.5,Plethoric,TGA,no,11-30_days,no,None,Transp.,Normal,High,no
1086,no,Equal,Moderate,Normal,Normal,no,no,5-12,<5,<7.5,Normal,Fallot,no,11-30_days,no,None,Complete,Normal,Normal,no
1087,no,Equal,Moderate,Normal,Oligaemic,no,no,5-12,5-12,<7.5,Oligaemic,TGA,no,4-10_days,no,Rt_to_Lt,Transp.,Congested,High,no
1088,no,Equal,Moderate,Normal,Plethoric,no,no,<5,<5,>=7.5,Plethoric,Fallot,no,0-3_days,no,Lt_to_Rt,Mild,Normal,High,no
1089,no,Equal,Moderate,Normal,Oligaemic,no,no,<5,5-12,<7.5,Oligaemic,Fallot,no,0-3_days,no,None,Mild,Normal,Low,yes
1090,no,Equal,Severe,Normal,Normal,no,yes,12+,12+,<7.5,Normal,PAIVS,no,0-3_days,yes,Lt_to_Rt,Complete,Normal,Low,no
1091,no,Equal,Severe,Normal,Plethoric,yes,no,5-12,<5,<7.5,Plethoric,TGA,no,0-3_days,no,None,Transp.,Normal,High,no
1092,no,Equal,Moderate,Normal,Oligaemic,no,no,<5,5-12,<7.5,Oligaemic,Fallot,no,11-30_days,no,None,Complete,Normal,Low,no
1093,no,Equal,Moderate,Normal,Oligaemic,no,yes,12+,5-12,>=7.5,Oligaemic,PAIVS,no,4-10_days,yes,Lt_to_Rt,Complete,Normal,Low,no
1094,no,Equal,Moderate,High,Normal,no,yes,5-12,5-12,>=7.5,Normal,Fallot,yes,11-30_days,no,None,Complete,Normal,Low,no
1095,no,Equal,Mild,High,Plethoric,no,no,5-12,<5,>=7.5,Plethoric,TGA,no,4-10_days,no,None,None,Normal,High,no
1096,no,Equal,Severe,High,Asy/Patch,yes,yes,12+,<5,>=7.5,Plethoric,TAPVD,yes,0-3_days,yes,None,Complete,Abnormal,Normal,yes
1097,no,Equal,Severe,Normal,Normal,no,no,<5,5-12,<7.5,Normal,Fallot,no,11-30_days,no,Lt_to_Rt,Complete,Normal,Normal,no
1098,no,Equal,Moderate,Normal,Oligaemic,no,no,5-12,<5,<7.5,Oligaemic,Fallot,no,4-10_days,no,Lt_to_Rt,Mild,Normal,Low,no
1099,yes,Equal,Moderate,High,Normal,no,no,5-12,<5,>=7.5,Normal,PFC,no,0-3_days,no,Rt_to_Lt,Mild,Normal,Normal,yes
1100,no,Unequal,Mild,Normal,Normal,no,no,<5,5-12,<7.5,Normal,TGA,no,0-3_days,no,Rt_to_Lt,Mild,Normal,Normal,yes
1101,no,Equal,Moderate,Normal,Oligaemic,no,no,5-12,<5,<7.5,Oligaemic,Fallot,yes,0-3_days,no,Lt_to_Rt,Complete,Normal,Low,no
1102,no,Equal,Moderate,Normal,Oligaemic,no,no,5-12,5-12,<7.5,Oligaemic,Fallot,no,0-3_days,no,Lt_to_Rt,Complete,Normal,Low,yes
1103,yes,Unequal,Severe,High,Normal,no,no,<5,5-12,>=7.5,Normal,TGA,no,0-3_days,no,Rt_to_Lt,Transp.,Normal,Normal,no
1104,no,Equal,Moderate,High,Normal,no,no,5-12,5-12,>=7.5,Normal,Fallot,no,11-30_days,no,None,Mild,Normal,Normal,no
1105,no,Unequal,Moderate,Normal,Oligaemic,no,yes,12+,5-12,<7.5,Oligaemic,Fallot,no,0-3_days,yes,Lt_to_Rt,Mild,Normal,Low,yes
1106,no,Equal,Moderate,Normal,Plethoric,no,no,5-12,12+,>=7.5,Plethoric,TGA,no,0-3_days,no,Lt_to_Rt,Complete,Normal,High,yes
1107,no,Equal,Severe,Normal,Plethoric,no,no,<5,5-12,<7.5,Plethoric,TGA,no,0-3_days,no,None,Transp.,Normal,High,no
1108,no,Unequal,Severe,Normal,Plethoric,no,no,5-12,<5,<7.5,Plethoric,TGA,no,0-3_days,no,Rt_to_Lt,Transp.,Normal,High,no
1109,yes,Equal,Severe,Normal,Plethoric,no,no,5-12,5-12,<7.5,Plethoric,TGA,no,0-3_days,no,None,Transp.,Normal,High,no
1110,no,Equal,Moderate,Normal,Oligaemic,no,yes,<5,12+,<7.5,Oligaemic,Fallot,no,0-3_days,no,Lt_to_Rt,Complete,Normal,Low,no
1111,no,Equal,Moderate,Low,Oligaemic,no,no,5-12,<5,<7.5,Asy/Patchy,Fallot,no,11-30_days,no,Lt_to_Rt,Complete,Normal,Low,no
1112,no,Equal,Severe,Normal,Plethoric,no,yes,5-12,<5,<7.5,Plethoric,TGA,no,0-3_days,yes,None,Transp.,Normal,High,no
1113,no,Equal,Severe,Normal,Plethoric,no,no,5-12,12+,<7.5,Plethoric,TGA,yes,0-3_days,no,None,Transp.,Normal,High,no
1114,no,Equal,Severe,Normal,Oligaemic,no,no,<5,<5,<7.5,Oligaemic,Fallot,no,0-3_days,no,Lt_to_Rt,Complete,Normal,Low,no
1115,no,Equal,Mild,Normal,Asy/Patch,no,no,12+,5-12,<7.5,Asy/Patchy,Lung,no,0-3_days,no,None,None,Abnormal,Normal,yes
1116,no,Equal,Severe,Normal,Plethoric,no,no,5-12,<5,<7.5,Plethoric,TGA,no,4-10_days,no,None,Transp.,Normal,High,no
1117,no,Equal,Severe,Normal,Normal,no,no,5-12,5-12,>=7.5,Normal,TGA,no,0-3_days,no,None,Transp.,Normal,High,no
1118,no,Equal,Severe,High,Oligaemic,yes,no,5-12,<5,<7.5,Oligaemic,Fallot,no,11-30_days,no,None,Complete,Abnormal,Low,no
1119,no,Equal,Severe,Normal,Normal,yes,no,<5,12+,<7.5,Normal,TGA,yes,4-10_days,no,None,Transp.,Abnormal,High,no
1120,no,Equal,Severe,Normal,Oligaemic,no,yes,12+,5-12,<7.5,Oligaemic,PAIVS,no,4-10_days,yes,Lt_to_Rt,Complete,Abnormal,High,no
1121,no,Equal,Moderate,Normal,Normal,no,no,5-12,5-12,<7.5,Normal,Fallot,no,11-30_days,no,Lt_to_Rt,Complete,Normal,Normal,no
1122,no,Equal,Severe,Normal,Plethoric,no,no,<5,5-12,<7.5,Plethoric,TGA,no,0-3_days,no,None,Transp.,Normal,High,no
1123,no,Unequal,Severe,Normal,Grd_Glass,no,no,5-12,<5,>=7.5,Grd_Glass,Fallot,no,0-3_days,no,Lt_to_Rt,Complete,Normal,Low,yes
1124,no,Equal,Moderate,Normal,Normal,no,no,5-12,5-12,<7.5,Normal,TGA,no,0-3_days,no,None,Transp.,Normal,High,no
1125,no,Equal,Moderate,Normal,Oligaemic,no,no,5-12,5-12,<7.5,Oligaemic,Fallot,no,4-10_days,no,Lt_to_Rt,Complete,Normal,Low,no
1126,no,Equal,Moderate,Normal,Normal,no,no,5-12,5-12,<7.5,Normal,TGA,yes,0-3_days,no,None,Complete,Normal,Normal,no
1127,no,Equal,Severe,Normal,Grd_Glass,no,yes,5-12,<5,<7.5,Grd_Glass,TAPVD,yes,0-3_days,no,Lt_to_Rt,Complete,Congested,High,no
1128,no,Unequal,Moderate,Normal,Plethoric,no,no,12+,5-12,<7.5,Plethoric,TGA,no,11-30_days,no,Rt_to_Lt,Mild,Normal,High,yes
1129,no,Equal,Severe,Normal,Grd_Glass,no,no,5-12,5-12,<7.5,Grd_Glass,Fallot,no,0-3_days,no,Lt_to_Rt,Transp.,Normal,Low,yes
1130,no,Equal,Moderate,Normal,Asy/Patch,no,no,<5,5-12,<7.5,Asy/Patchy,Lung,no,0-3_days,no,None,Mild,Congested,Low,yes
1131,no,Equal,Moderate,Normal,Oligaemic,no,no,12+,12+,<7.5,Asy/Patchy,Fallot,no,0-3_days,no,Lt_to_Rt,Complete,Normal,Low,yes
1132,no,Equal,Severe,Normal,Normal,no,no,<5,5-12,<7.5,Normal,TGA,no,0-3_days,no,None,Transp.,Normal,Normal,yes
1133,no,Equal,Moderate,Normal,Asy/Patch,no,no,5-12,<5,<7.5,Grd_Glass,Fallot,no,11-30_days,no,Lt_to_Rt,Complete,Normal,Low,no
1134,no,Equal,Mild,Normal,Plethoric,no,no,12+,5-12,<7.5,Plethoric,TGA,no,4-10_days,no,None,None,Normal,High,yes
1135,no,Equal,Moderate,High,Asy/Patch,no,yes,<5,<5,<7.5,Asy/Patchy,Fallot,no,11-30_days,yes,Lt_to_Rt,Complete,Abnormal,Low,no
1136,no,Equal,Severe,Normal,Normal,no,no,5-12,<5,>=7.5,Normal,Fallot,no,0-3_days,no,Lt_to_Rt,Complete,Normal,Normal,yes
1137,no,Equal,Moderate,Low,Oligaemic,no,no,5-12,5-12,<7.5,Oligaemic,Fallot,no,0-3_days,no,None,Complete,Normal,Low,yes
1138,no,Equal,Severe,Normal,Plethoric,no,no,<5,12+,<7.5,Plethoric,TGA,yes,0-3_days,no,None,Transp.,Normal,High,no
1139,no,Equal,Severe,Normal,Oligaemic,yes,yes,<5,<5,<7.5,Oligaemic,TGA,yes,0-3_days,yes,None,Transp.,Abnormal,Normal,yes
1140,no,Equal,Severe,Normal,Grd_Glass,no,no,<5,12+,<7.5,Grd_Glass,TAPVD,no,0-3_days,no,None,Complete,Congested,High,no
1141,no,Equal,Mild,Normal,Oligaemic,no,no,5-12,12+,<7.5,Oligaemic,Fallot,no,11-30_days,no,Lt_to_Rt,Complete,Normal,Low,no
1142,yes,Unequal,Mild,Normal,Normal,yes,no,5-12,12+,<7.5,Plethoric,PFC,no,0-3_days,no,Rt_to_Lt,None,Normal,Low,yes
1143,no,Equal,Moderate,Normal,Normal,no,yes,5-12,<5,<7.5,Normal,Fallot,no,11-30_days,yes,Lt_to_Rt,Complete,Normal,Low,no
1144,no,Unequal,Moderate,High,Asy/Patch,no,yes,<5,5-12,>=7.5,Asy/Patchy,Fallot,no,11-30_days,no,Lt_to_Rt,Complete,Normal,Low,no
1145,yes,Unequal,Severe,Low,Oligaemic,no,no,5-12,<5,<7.5,Oligaemic,PFC,no,0-3_days,no,Rt_to_Lt,Mild,Normal,Low,yes
1146,no,Equal,Severe,Low,Normal,no,no,<5,<5,>=7.5,Normal,TGA,yes,4-10_days,no,None,Transp.,Normal,High,no
1147,no,Equal,Severe,Normal,Normal,no,no,5-12,<5,<7.5,Normal,TGA,no,4-10_days,no,None,Transp.,Normal,Normal,no
1148,no,Equal,Severe,Normal,Plethoric,no,no,<5,12+,<7.5,Plethoric,TGA,no,0-3_days,no,None,Transp.,Normal,High,no
1149,no,Equal,Moderate,Normal,Grd_Glass,no,yes,5-12,5-12,<7.5,Grd_Glass,PAIVS,yes,0-3_days,yes,Lt_to_Rt,Complete,Congested,Low,no
1150,no,Equal,Moderate,High,Oligaemic,no,no,12+,5-12,>=7.5,Oligaemic,Fallot,no,0-3_days,no,Lt_to_Rt,Mild,Normal,Low,yes
1151,no,Equal,Severe,Normal,Asy/Patch,no,no,12+,5-12,<7.5,Asy/Patchy,TAPVD,no,4-10_days,no,None,Complete,Congested,Normal,yes
1152,no,Equal,Severe,Normal,Plethoric,no,no,12+,<5,>=7.5,Normal,TGA,no,0-3_days,no,Rt_to_Lt,Transp.,Normal,High,no
1153,no,Unequal,Severe,Normal,Asy/Patch,yes,no,5-12,5-12,<7.5,Oligaemic,Fallot,yes,0-3_days,no,None,Complete,Abnormal,Low,yes
1154,no,Equal,Severe,Low,Grd_Glass,no,yes,<5,5-12,<7.5,Grd_Glass,PAIVS,no,0-3_days,yes,Lt_to_Rt,Complete,Congested,Low,yes
1155,no,Equal,Severe,Normal,Plethoric,no,no,<5,<5,<7.5,Asy/Patchy,TGA,yes,0-3_days,no,None,Transp.,Normal,High,no
1156,yes,Equal,Moderate,Normal,Plethoric,no,no,5-12,<5,>=7.5,Plethoric,TGA,no,0-3_days,no,None,Complete,Normal,High,no
1157,no,Equal,Moderate,Low,Oligaemic,no,no,<5,<5,<7.5,Oligaemic,TGA,no,0-3_days,no,None,Complete,Abnormal,High,no
1158,no,Equal,Moderate,Normal,Normal,no,no,<5,5-12,<7.5,Normal,TGA,no,11-30_days,no,Lt_to_Rt,Mild,Normal,High,no
1159,no,Equal,Moderate,High,Normal,yes,no,<5,<5,>=7.5,Normal,TGA,yes,0-3_days,no,None,Mild,Abnormal,High,no
1160,no,Equal,Mild,Normal,Oligaemic,no,no,5-12,12+,>=7.5,Oligaemic,Fallot,no,0-3_days,no,Lt_to_Rt,Complete,Normal,Low,no
1161,no,Equal,Moderate,Normal,Oligaemic,no,no,5-12,<5,<7.5,Oligaemic,PAIVS,no,0-3_days,yes,Lt_to_Rt,Complete,Normal,Low,no
1162,no,Equal,Moderate,Normal,Plethoric,no,yes,5-12,5-12,<7.5,Plethoric,TGA,no,4-10_days,yes,None,Transp.,Normal,High,no
1163,no,Equal,Moderate,Normal,Normal,no,yes,5-12,<5,>=7.5,Plethoric,Fallot,no,4-10_days,no,None,Complete,Normal,Normal,yes
1164,no,Equal,Severe,Normal,Plethoric,no,no,<5,<5,>=7.5,Plethoric,TGA,no,0-3_days,no,None,Transp.,Normal,High,no
1165,no,Equal,Moderate,Normal,Oligaemic,yes,no,5-12,5-12,<7.5,Oligaemic,Fallot,yes,11-30_days,no,None,Complete,Normal,Low,yes
1166,no,Equal,Moderate,Low,Asy/Patch,yes,yes,5-12,5-12,<7.5,Asy/Patchy,PAIVS,no,0-3_days,yes,Lt_to_Rt,Complete,Abnormal,Low,no
1167,no,Equal,Moderate,Normal,Oligaemic,no,no,5-12,5-12,<7.5,Oligaemic,Fallot,no,11-30_days,no,None,Complete,Normal,Low,no
1168,no,Equal,Severe,Normal,Plethoric,no,no,<5,5-12,>=7.5,Normal,TGA,no,4-10_days,no,Rt_to_Lt,Transp.,Normal,High,no
1169,no,Equal,Severe,Normal,Plethoric,no,no,12+,5-12,<7.5,Grd_Glass,TGA,no,11-30_days,no,None,Transp.,Normal,High,no
1170,yes,Equal,Mild,Normal,Oligaemic,no,yes,12+,5-12,<7.5,Oligaemic,PAIVS,no,4-10_days,yes,Lt_to_Rt,Complete,Normal,Low,no
1171,no,Equal,Moderate,Normal,Plethoric,no,yes,<5,5-12,<7.5,Plethoric,TGA,no,0-3_days,no,Lt_to_Rt,Transp.,Normal,High,yes
1172,no,Unequal,Severe,Normal,Plethoric,no,no,<5,5-12,<7.5,Plethoric,TGA,yes,0-3_days,no,Rt_to_Lt,Transp.,Normal,High,no
1173,no,Equal,Severe,Normal,Normal,no,no,<5,5-12,<7.5,Asy/Patchy,TGA,no,11-30_days,no,None,Transp.,Normal,Normal,yes
1174,no,Equal,Severe,Normal,Plethoric,no,yes,5-12,5-12,>=7.5,Normal,TGA,no,4-10_days,no,None,Transp.,Normal,High,no
1175,no,Equal,Moderate,Normal,Grd_Glass,no,no,5-12,5-12,>=7.5,Grd_Glass,Fallot,no,0-3_days,no,Lt_to_Rt,Complete,Normal,Low,no
1176,no,Equal,Severe,Normal,Oligaemic,no,no,12+,12+,<7.5,Oligaemic,PFC,yes,4-10_days,no,Rt_to_Lt,Mild,Normal,Low,no
1177,no,Equal,Moderate,Normal,Normal,no,no,5-12,5-12,<7.5,Asy/Patchy,Fallot,no,4-10_days,no,Lt_to_Rt,Complete,Normal,Normal,no
1178,no,Equal,Moderate,Normal,Oligaemic,no,no,<5,<5,<7.5,Normal,Fallot,no,0-3_days,no,Lt_to_Rt,Complete,Normal,Low,yes
1179,no,Equal,Moderate,Normal,Normal,no,no,5-12,5-12,<7.5,Normal,Fallot,no,11-30_days,no,Lt_to_Rt,Complete,Normal,Low,no
1180,no,Unequal,Mild,Normal,Grd_Glass,yes,no,<5,12+,<7.5,Grd_Glass,Fallot,yes,4-10_days,no,Lt_to_Rt,Complete,Abnormal,Normal,no
1181,no,Equal,Severe,High,Oligaemic,no,yes,5-12,<5,>=7.5,Oligaemic,Fallot,no,4-10_days,yes,Lt_to_Rt,Complete,Normal,Low,no
1182,no,Equal,Severe,Normal,Plethoric,no,no,5-12,<5,<7.5,Plethoric,TGA,yes,0-3_days,no,None,Transp.,Normal,High,no
1183,no,Equal,Severe,Low,Asy/Patch,yes,no,5-12,<5,>=7.5,Normal,TGA,yes,4-10_days,no,None,Transp.,Abnormal,Normal,no
1184,no,Equal,Moderate,Normal,Plethoric,no,no,<5,<5,<7.5,Plethoric,Fallot,no,0-3_days,no,Lt_to_Rt,Complete,Congested,Normal,no
1185,no,Unequal,Severe,Normal,Plethoric,no,no,<5,<5,<7.5,Plethoric,TGA,yes,4-10_days,no,Rt_to_Lt,Transp.,Normal,High,no
1186,no,Equal,Mild,Normal,Oligaemic,yes,no,12+,5-12,<7.5,Oligaemic,Lung,yes,0-3_days,no,None,None,Abnormal,High,no
1187,no,Equal,Moderate,Normal,Plethoric,no,yes,<5,<5,<7.5,Plethoric,TGA,no,0-3_days,yes,None,Transp.,Normal,High,yes
1188,yes,Equal,Moderate,Normal,Oligaemic,no,yes,<5,5-12,<7.5,Oligaemic,PAIVS,no,0-3_days,yes,Lt_to_Rt,Complete,Normal,Low,no
1189,no,Equal,Severe,Normal,Normal,no,no,<5,<5,<7.5,Normal,Fallot,no,11-30_days,no,None,Complete,Normal,Low,no
1190,no,Equal,Moderate,High,Asy/Patch,yes,no,<5,5-12,>=7.5,Asy/Patchy,TGA,yes,0-3_days,no,None,Transp.,Abnormal,Normal,yes
1191,no,Equal,Moderate,Normal,Oligaemic,no,no,12+,5-12,<7.5,Oligaemic,Fallot,no,0-3_days,no,Lt_to_Rt,Complete,Normal,Low,yes
1192,no,Equal,Moderate,Normal,Oligaemic,no,yes,5-12,12+,>=7.5,Oligaemic,PAIVS,no,0-3_days,yes,Lt_to_Rt,Complete,Normal,Low,no
1193,no,Equal,Moderate,Normal,Normal,no,no,5-12,5-12,<7.5,Asy/Patchy,TGA,no,0-3_days,no,None,Transp.,Normal,High,no
1194,no,Unequal,Mild,Normal,Oligaemic,no,no,<5,5-12,<7.5,Oligaemic,PFC,no,0-3_days,no,Rt_to_Lt,Mild,Normal,Low,no
1195,no,Equal,Severe,Normal,Normal,yes,no,<5,5-12,>=7.5,Normal,TGA,yes,0-3_days,no,None,Transp.,Normal,Normal,no
1196,no,Unequal,Severe,High,Plethoric,yes,yes,<5,<5,>=7.5,Plethoric,Lung,no,4-10_days,yes,Rt_to_Lt,None,Abnormal,Low,no
1197,no,Equal,Severe,Normal,Normal,no,yes,5-12,<5,<7.5,Normal,PAIVS,no,0-3_days,yes,Lt_to_Rt,Complete,Normal,Normal,no
1198,no,Equal,Moderate,Normal,Plethoric,yes,no,5-12,5-12,<7.5,Plethoric,Fallot,yes,11-30_days,no,Lt_to_Rt,Complete,Abnormal,Low,no
1199,no,Equal,Severe,Normal,Normal,no,no,<5,<5,<7.5,Normal,Fallot,no,0-3_days,no,None,Complete,Normal,Normal,no
1200,no,Equal,Severe,Normal,Asy/Patch,yes,yes,<5,5-12,<7.5,Normal,PAIVS,yes,0-3_days,yes,Lt_to_Rt,Complete,Abnormal,Normal,yes
1201,no,Equal,Moderate,Normal,Normal,no,no,5-12,5-12,>=7.5,Plethoric,Fallot,no,11-30_days,no,None,Complete,Normal,Low,no
1202,no,Equal,Severe,Normal,Normal,no,no,<5,12+,<7.5,Normal,TGA,no,0-3_days,no,None,Transp.,Abnormal,High,no
1203,no,Equal,Moderate,Normal,Plethoric,no,no,12+,5-12,<7.5,Plethoric,TGA,no,4-10_days,no,None,Mild,Normal,High,no
1204,no,Equal,Severe,Normal,Normal,no,no,<5,<5,>=7.5,Plethoric,TGA,no,0-3_days,no,None,Transp.,Normal,High,yes
1205,no,Equal,Severe,Normal,Normal,no,no,<5,<5,<7.5,Plethoric,TGA,no,0-3_days,no,None,Transp.,Normal,Low,no
1206,no,Equal,Mild,Low,Oligaemic,no,no,5-12,12+,<7.5,Oligaemic,Fallot,yes,4-10_days,no,Lt_to_Rt,Complete,Normal,Low,no
1207,no,Equal,Severe,Low,Plethoric,yes,no,12+,5-12,<7.5,Plethoric,TGA,no,0-3_days,no,None,Transp.,Normal,High,yes
1208,no,Equal,Moderate,Normal,Plethoric,no,no,<5,5-12,>=7.5,Normal,TAPVD,no,11-30_days,no,None,Complete,Congested,High,yes
1209,yes,Equal,Moderate,Normal,Oligaemic,no,yes,5-12,5-12,>=7.5,Normal,PAIVS,no,0-3_days,yes,Lt_to_Rt,Complete,Normal,Low,no
1210,no,Equal,Moderate,Normal,Normal,no,yes,5-12,5-12,<7.5,Normal,PAIVS,no,0-3_days,yes,Lt_to_Rt,Complete,Normal,Low,no
1211,no,Unequal,Severe,Normal,Oligaemic,yes,no,5-12,<5,<7.5,Normal,Fallot,no,4-10_days,no,Lt_to_Rt,Complete,Abnormal,Low,no
1212,no,Equal,Severe,Normal,Asy/Patch,yes,no,5-12,5-12,<7.5,Asy/Patchy,TAPVD,yes,0-3_days,no,Lt_to_Rt,Complete,Abnormal,Normal,yes
1213,no,Equal,Moderate,Normal,Normal,no,yes,5-12,5-12,<7.5,Oligaemic,PAIVS,no,0-3_days,yes,Lt_to_Rt,Complete,Normal,Low,yes
1214,no,Equal,Severe,Normal,Plethoric,yes,yes,<5,12+,<7.5,Plethoric,TGA,yes,0-3_days,yes,None,Transp.,Normal,High,yes
1215,no,Equal,Severe,High,Plethoric,no,no,5-12,<5,>=7.5,Plethoric,TGA,no,0-3_days,no,None,Transp.,Normal,High,no
1216,no,Equal,Moderate,Normal,Oligaemic,no,no,<5,5-12,<7.5,Oligaemic,PAIVS,no,0-3_days,no,Lt_to_Rt,Complete,Normal,Low,no
1217,yes,Equal,Moderate,Low,Asy/Patch,yes,yes,5-12,5-12,<7.5,Normal,Fallot,yes,4-10_days,yes,None,Complete,Abnormal,Low,no
1218,yes,Equal,Moderate,Normal,Normal,no,no,12+,5-12,<7.5,Asy/Patchy,Fallot,no,0-3_days,no,Lt_to_Rt,Complete,Normal,Low,no
1219,no,Equal,Severe,Low,Normal,no,yes,5-12,5-12,<7.5,Oligaemic,TGA,no,0-3_days,yes,None,Transp.,Normal,Normal,no
1220,no,Unequal,Moderate,Low,Asy/Patch,no,no,5-12,5-12,<7.5,Asy/Patchy,PFC,no,0-3_days,no,Rt_to_Lt,None,Abnormal,Normal,yes
1221,no,Equal,Severe,Normal,Plethoric,no,no,<5,<5,>=7.5,Normal,TGA,no,0-3_days,no,None,Transp.,Congested,High,no
1222,no,Equal,Moderate,High,Asy/Patch,yes,no,5-12,5-12,>=7.5,Plethoric,Fallot,yes,11-30_days,no,Lt_to_Rt,Mild,Abnormal,Low,no
1223,no,Equal,Severe,Low,Plethoric,no,yes,12+,5-12,<7.5,Plethoric,TGA,no,0-3_days,yes,None,Transp.,Normal,High,no
1224,no,Unequal,Mild,High,Asy/Patch,yes,no,5-12,12+,>=7.5,Asy/Patchy,Lung,no,0-3_days,no,Rt_to_Lt,None,Abnormal,Normal,yes
1225,no,Equal,Moderate,Normal,Oligaemic,no,no,5-12,12+,<7.5,Oligaemic,Fallot,no,4-10_days,no,Lt_to_Rt,Complete,Normal,Low,no
1226,no,Equal,Moderate,Normal,Asy/Patch,yes,no,5-12,<5,<7.5,Asy/Patchy,Lung,yes,0-3_days,no,Rt_to_Lt,Mild,Abnormal,Normal,yes
1227,no,Equal,Mild,Normal,Oligaemic,no,no,12+,12+,>=7.5,Normal,Fallot,no,4-10_days,no,None,Complete,Normal,Low,no
1228,no,Equal,Mild,Normal,Asy/Patch,yes,yes,12+,12+,<7.5,Asy/Patchy,PAIVS,no,0-3_days,yes,Lt_to_Rt,Complete,Abnormal,Low,no
1229,no,Equal,Mild,Normal,Oligaemic,no,no,12+,12+,<7.5,Oligaemic,Fallot,yes,4-10_days,no,Lt_to_Rt,Mild,Normal,Low,no
1230,no,Equal,Moderate,Normal,Normal,no,no,<5,5-12,<7.5,Normal,TGA,yes,0-3_days,no,Rt_to_Lt,Transp.,Normal,High,no
1231,no,Equal,Moderate,Normal,Normal,no,no,5-12,<5,<7.5,Normal,TGA,no,0-3_days,no,None,Complete,Normal,High,no
1232,no,Equal,Moderate,Normal,Plethoric,no,no,5-12,5-12,<7.5,Asy/Patchy,TGA,no,4-10_days,no,None,Mild,Normal,High,no
1233,yes,Unequal,Mild,Normal,Plethoric,yes,no,5-12,<5,<7.5,Normal,PFC,yes,0-3_days,yes,Rt_to_Lt,None,Abnormal,Low,yes
1234,no,Equal,Severe,Normal,Plethoric,no,yes,5-12,5-12,<7.5,Plethoric,PAIVS,no,0-3_days,yes,Lt_to_Rt,Complete,Normal,Low,no
1235,no,Equal,Severe,Normal,Normal,no,no,5-12,<5,<7.5,Oligaemic,Fallot,no,11-30_days,no,Lt_to_Rt,Mild,Normal,Normal,no
1236,no,Equal,Severe,Normal,Plethoric,yes,no,<5,12+,<7.5,Plethoric,Lung,yes,11-30_days,no,Rt_to_Lt,Complete,Abnormal,Normal,yes
1237,no,Equal,Moderate,Normal,Oligaemic,yes,no,5-12,5-12,<7.5,Oligaemic,Fallot,yes,4-10_days,no,None,Complete,Abnormal,Low,no
1238,no,Equal,Severe,Normal,Normal,no,no,12+,5-12,<7.5,Normal,Fallot,no,11-30_days,no,None,Complete,Normal,Low,no
1239,no,Equal,Severe,High,Plethoric,no,no,<5,<5,>=7.5,Asy/Patchy,TAPVD,no,0-3_days,no,Lt_to_Rt,Complete,Congested,High,yes
1240,no,Equal,Moderate,Normal,Asy/Patch,yes,no,<5,<5,<7.5,Asy/Patchy,Fallot,yes,11-30_days,no,None,Complete,Abnormal,Normal,no
1241,no,Equal,Moderate,Normal,Grd_Glass,no,yes,5-12,5-12,<7.5,Grd_Glass,PAIVS,no,0-3_days,yes,Lt_to_Rt,Complete,Normal,Low,no
1242,no,Equal,Moderate,Normal,Normal,no,no,5-12,<5,<7.5,Normal,Fallot,no,11-30_days,no,Lt_to_Rt,Complete,Normal,Normal,no
1243,no,Equal,Moderate,Normal,Plethoric,yes,no,5-12,5-12,<7.5,Plethoric,Lung,yes,0-3_days,no,None,None,Congested,High,yes
1244,no,Equal,Moderate,Normal,Oligaemic,no,no,5-12,5-12,<7.5,Oligaemic,Fallot,no,4-10_days,no,Lt_to_Rt,Complete,Normal,Low,yes
1245,no,Equal,Severe,Normal,Plethoric,no,no,5-12,<5,<7.5,Plethoric,TGA,no,0-3_days,no,None,Transp.,Normal,High,no
1246,yes,Equal,Moderate,Normal,Plethoric,no,yes,5-12,12+,<7.5,Plethoric,TGA,no,11-30_days,yes,None,Complete,Normal,High,no
1247,no,Equal,Severe,Normal,Normal,no,no,<5,<5,<7.5,Normal,TGA,no,0-3_days,no,None,Mild,Normal,Normal,no
1248,no,Equal,Moderate,Normal,Oligaemic,no,yes,5-12,5-12,<7.5,Oligaemic,PAIVS,no,0-3_days,yes,Lt_to_Rt,Complete,Normal,Low,no
1249,no,Equal,Moderate,High,Grd_Glass,yes,no,<5,<5,>=7.5,Grd_Glass,Lung,yes,0-3_days,no,None,Mild,Congested,Normal,yes
1250,no,Equal,Moderate,Normal,Oligaemic,yes,yes,5-12,5-12,<7.5,Oligaemic,PAIVS,no,4-10_days,yes,Lt_to_Rt,Complete,Congested,Low,no
1251,no,Equal,Severe,Normal,Oligaemic,no,yes,5-12,12+,<7.5,Oligaemic,PAIVS,no,0-3_days,yes,Lt_to_Rt,Complete,Normal,Low,no
1252,no,Equal,Moderate,Normal,Oligaemic,yes,yes,5-12,<5,<7.5,Oligaemic,PAIVS,yes,0-3_days,yes,Lt_to_Rt,Complete,Abnormal,Low,no
1253,no,Equal,Mild,Normal,Asy/Patch,no,no,12+,5-12,<7.5,Asy/Patchy,Fallot,no,4-10_days,no,Lt_to_Rt,Mild,Congested,Low,no
1254,no,Equal,Moderate,Normal,Grd_Glass,no,no,5-12,5-12,<7.5,Grd_Glass,Lung,no,0-3_days,no,None,None,Congested,Normal,yes
1255,no,Equal,Severe,Normal,Plethoric,no,no,<5,<5,<7.5,Plethoric,TGA,no,0-3_days,no,Lt_to_Rt,Transp.,Normal,High,no
1256,no,Equal,Moderate,Normal,Plethoric,no,no,5-12,5-12,<7.5,Plethoric,TGA,no,0-3_days,no,None,Complete,Normal,High,no
1257,no,Equal,Moderate,Normal,Oligaemic,no,no,<5,5-12,<7.5,Oligaemic,PFC,no,11-30_days,no,Rt_to_Lt,Complete,Normal,Low,no
1258,no,Equal,Severe,Low,Plethoric,no,no,5-12,5-12,<7.5,Plethoric,TGA,yes,4-10_days,no,None,Transp.,Normal,High,no
1259,no,Equal,Severe,High,Oligaemic,yes,no,<5,5-12,>=7.5,Normal,TGA,yes,0-3_days,no,None,Transp.,Abnormal,High,no
1260,no,Equal,Mild,Normal,Normal,no,no,<5,12+,<7.5,Plethoric,TGA,no,0-3_days,no,None,None,Normal,Normal,no
1261,yes,Equal,Moderate,Normal,Asy/Patch,no,yes,<5,5-12,<7.5,Normal,PAIVS,no,0-3_days,yes,Lt_to_Rt,Complete,Abnormal,Low,no
1262,yes,Unequal,Moderate,Normal,Oligaemic,no,yes,<5,5-12,<7.5,Oligaemic,PFC,no,0-3_days,no,Rt_to_Lt,Mild,Normal,Low,no
1263,no,Equal,Moderate,Normal,Oligaemic,yes,no,5-12,<5,<7.5,Oligaemic,Fallot,yes,4-10_days,no,Lt_to_Rt,Complete,Congested,Low,no
1264,no,Equal,Severe,Normal,Plethoric,no,no,12+,5-12,<7.5,Plethoric,Fallot,no,4-10_days,no,Lt_to_Rt,Complete,Normal,High,no
1265,no,Equal,Moderate,High,Normal,no,no,<5,5-12,>=7.5,Normal,TGA,yes,0-3_days,no,None,Mild,Normal,Normal,no
1266,no,Unequal,Severe,Normal,Grd_Glass,no,no,<5,<5,>=7.5,Normal,TGA,no,0-3_days,no,Rt_to_Lt,Transp.,Normal,High,no
1267,no,Equal,Mild,Normal,Plethoric,no,no,5-12,12+,<7.5,Asy/Patchy,TGA,no,0-3_days,no,None,Complete,Normal,High,no
1268,no,Equal,Moderate,Low,Oligaemic,no,no,5-12,5-12,<7.5,Asy/Patchy,Fallot,no,11-30_days,no,None,Complete,Abnormal,Normal,no
1269,no,Equal,Moderate,High,Oligaemic,no,no,5-12,5-12,>=7.5,Oligaemic,Fallot,no,4-10_days,no,None,Complete,Normal,Low,no
1270,no,Unequal,Severe,Normal,Plethoric,no,yes,5-12,12+,<7.5,Plethoric,TGA,no,0-3_days,no,Rt_to_Lt,Transp.,Normal,High,no
1271,no,Equal,Severe,High,Grd_Glass,no,no,12+,<5,>=7.5,Grd_Glass,TGA,no,4-10_days,no,None,Transp.,Abnormal,High,no
1272,no,Equal,Severe,High,Normal,no,no,<5,5-12,>=7.5,Normal,TGA,no,0-3_days,no,None,Transp.,Normal,High,no
1273,no,Equal,Severe,Normal,Plethoric,no,yes,12+,<5,<7.5,Plethoric,PAIVS,no,0-3_days,yes,Lt_to_Rt,Complete,Normal,High,no
1274,no,Equal,Moderate,Normal,Plethoric,no,no,5-12,5-12,<7.5,Plethoric,TGA,no,0-3_days,no,None,Transp.,Normal,High,no
1275,yes,Unequal,Mild,Normal,Asy/Patch,no,no,<5,<5,<7.5,Normal,Lung,no,0-3_days,no,Rt_to_Lt,Mild,Abnormal,Normal,no
1276,no,Equal,Severe,Normal,Normal,yes,no,<5,<5,<7.5,Plethoric,PAIVS,yes,0-3_days,no,Lt_to_Rt,Complete,Abnormal,High,no
1277,no,Equal,Moderate,Normal,Oligaemic,no,yes,<5,5-12,<7.5,Oligaemic,PAIVS,no,0-3_days,yes,Lt_to_Rt,Complete,Normal,Low,yes
1278,no,Equal,Moderate,Low,Plethoric,yes,no,<5,<5,<7.5,Normal,TAPVD,yes,0-3_days,no,Lt_to_Rt,Complete,Abnormal,High,yes
1279,no,Equal,Mild,Normal,Normal,no,yes,12+,12+,<7.5,Normal,PAIVS,no,4-10_days,yes,Lt_to_Rt,Complete,Normal,Low,no
1280,no,Equal,Moderate,High,Asy/Patch,no,no,<5,5-12,>=7.5,Asy/Patchy,Fallot,no,11-30_days,no,None,Complete,Normal,Low,no
1281,no,Equal,Moderate,Normal,Oligaemic,no,no,5-12,5-12,<7.5,Oligaemic,PAIVS,yes,4-10_days,no,Lt_to_Rt,Complete,Normal,Low,no
1282,no,Equal,Severe,Normal,Plethoric,no,no,5-12,5-12,<7.5,Normal,TGA,no,4-10_days,no,None,Transp.,Normal,High,no
1283,no,Equal,Moderate,Normal,Oligaemic,no,no,5-12,5-12,<7.5,Oligaemic,Fallot,no,0-3_days,no,None,Complete,Normal,Low,no
1284,no,Equal,Severe,Normal,Plethoric,no,yes,5-12,<5,<7.5,Plethoric,TGA,no,0-3_days,no,Rt_to_Lt,Transp.,Normal,High,no
1285,no,Equal,Severe,High,Oligaemic,no,no,<5,12+,>=7.5,Oligaemic,PAIVS,yes,0-3_days,yes,Lt_to_Rt,Mild,Normal,Low,no
1286,no,Unequal,Severe,Normal,Oligaemic,no,no,<5,<5,<7.5,Oligaemic,TAPVD,no,4-10_days,no,None,Complete,Abnormal,High,no
1287,no,Equal,Severe,Low,Oligaemic,no,no,<5,<5,<7.5,Oligaemic,TGA,no,0-3_days,no,Lt_to_Rt,Transp.,Normal,Low,no
1288,no,Equal,Mild,High,Asy/Patch,yes,yes,12+,12+,>=7.5,Grd_Glass,PAIVS,no,4-10_days,yes,Lt_to_Rt,Complete,Abnormal,Low,yes
1289,no,Equal,Moderate,Normal,Normal,no,no,5-12,12+,<7.5,Plethoric,TGA,no,0-3_days,no,None,Complete,Normal,Normal,no
1290,yes,Equal,Moderate,Normal,Normal,no,yes,<5,5-12,<7.5,Normal,Fallot,no,4-10_days,no,Lt_to_Rt,Complete,Normal,Normal,yes
1291,no,Equal,Mild,Normal,Oligaemic,no,no,12+,12+,<7.5,Plethoric,Fallot,no,4-10_days,no,None,Complete,Normal,Low,no
1292,yes,Equal,Severe,Normal,Plethoric,no,no,<5,12+,<7.5,Oligaemic,TGA,no,0-3_days,no,Lt_to_Rt,Transp.,Normal,High,no
1293,no,Equal,Severe,Normal,Oligaemic,no,no,5-12,<5,>=7.5,Normal,Fallot,no,11-30_days,no,None,Complete,Normal,Low,no
1294,no,Equal,Moderate,High,Oligaemic,no,no,<5,5-12,>=7.5,Oligaemic,Fallot,yes,0-3_days,no,Lt_to_Rt,Complete,Normal,Low,no
1295,no,Equal,Severe,Normal,Plethoric,no,no,<5,5-12,<7.5,Plethoric,TAPVD,no,0-3_days,no,Rt_to_Lt,Complete,Congested,High,yes
1296,no,Equal,Moderate,Normal,Plethoric,yes,no,<5,5-12,<7.5,Asy/Patchy,Lung,yes,0-3_days,no,None,None,Abnormal,Normal,yes
1297,no,Equal,Moderate,Low,Normal,no,no,5-12,5-12,<7.5,Normal,PAIVS,no,0-3_days,no,Lt_to_Rt,Complete,Normal,Low,no
1298,no,Equal,Mild,Normal,Normal,no,no,12+,5-12,<7.5,Normal,TGA,no,0-3_days,no,None,None,Normal,Normal,yes
1299,no,Equal,Moderate,Normal,Oligaemic,no,yes,5-12,<5,<7.5,Oligaemic,PAIVS,no,0-3_days,yes,Lt_to_Rt,Complete,Normal,Low,yes
1300,no,Unequal,Mild,Normal,Oligaemic,no,no,<5,12+,<7.5,Oligaemic,PFC,no,0-3_days,no,Rt_to_Lt,Mild,Normal,Low,no
1301,no,Equal,Severe,Normal,Plethoric,no,no,5-12,<5,<7.5,Oligaemic,TGA,no,4-10_days,yes,None,Transp.,Normal,High,no
1302,no,Equal,Moderate,Normal,Normal,no,no,5-12,12+,<7.5,Normal,Fallot,no,11-30_days,no,Lt_to_Rt,Complete,Normal,Low,no
1303,no,Equal,Severe,Low,Asy/Patch,no,no,<5,5-12,>=7.5,Asy/Patchy,TGA,no,0-3_days,no,None,Transp.,Abnormal,High,no
1304,no,Equal,Moderate,Normal,Oligaemic,no,yes,5-12,5-12,<7.5,Oligaemic,PAIVS,yes,0-3_days,yes,Lt_to_Rt,Mild,Normal,Low,no
1305,no,Equal,Severe,Normal,Oligaemic,no,no,<5,<5,<7.5,Oligaemic,Fallot,no,11-30_days,no,Lt_to_Rt,Complete,Normal,Low,no
1306,no,Equal,Severe,Normal,Oligaemic,no,yes,12+,<5,<7.5,Oligaemic,TGA,no,0-3_days,no,None,Transp.,Normal,Low,no
1307,no,Equal,Mild,Normal,Oligaemic,no,no,<5,<5,<7.5,Oligaemic,Fallot,yes,4-10_days,no,Lt_to_Rt,Complete,Normal,Low,no
1308,no,Equal,Mild,Normal,Oligaemic,no,yes,<5,12+,<7.5,Oligaemic,PAIVS,no,0-3_days,yes,Lt_to_Rt,Complete,Normal,Low,no
1309,no,Equal,Severe,High,Plethoric,no,no,5-12,5-12,>=7.5,Plethoric,TGA,no,4-10_days,no,None,Transp.,Normal,High,no
1310,no,Unequal,Severe,Normal,Oligaemic,no,yes,5-12,<5,<7.5,Oligaemic,Fallot,yes,11-30_days,no,Lt_to_Rt,Complete,Normal,Low,no
1311,no,Equal,Moderate,Normal,Plethoric,no,no,5-12,5-12,<7.5,Plethoric,TGA,no,0-3_days,no,None,Mild,Normal,High,no
1312,no,Equal,Moderate,Normal,Normal,no,no,5-12,12+,<7.5,Normal,Fallot,no,11-30_days,no,Lt_to_Rt,Complete,Normal,Normal,no
1313,no,Equal,Severe,Low,Normal,yes,no,5-12,<5,<7.5,Normal,TGA,yes,4-10_days,no,None,Transp.,Normal,Normal,no
1314,no,Equal,Mild,High,Normal,no,no,12+,12+,>=7.5,Normal,Lung,no,0-3_days,no,None,Mild,Congested,Low,yes
1315,no,Equal,Moderate,Normal,Oligaemic,no,no,12+,5-12,<7.5,Oligaemic,Fallot,no,0-3_days,no,Lt_to_Rt,Complete,Congested,Low,no
1316,no,Equal,Moderate,Normal,Oligaemic,no,no,<5,5-12,<7.5,Normal,Fallot,yes,11-30_days,no,None,Mild,Normal,Low,no
1317,no,Equal,Mild,Normal,Asy/Patch,yes,no,5-12,5-12,<7.5,Asy/Patchy,Lung,yes,4-10_days,no,None,None,Abnormal,Normal,no
1318,no,Equal,Moderate,Normal,Normal,no,no,<5,5-12,>=7.5,Plethoric,PAIVS,yes,0-3_days,no,Lt_to_Rt,Complete,Normal,Normal,no
1319,no,Equal,Moderate,High,Oligaemic,no,no,5-12,<5,>=7.5,Oligaemic,TGA,yes,0-3_days,no,None,Mild,Abnormal,High,no
1320,no,Equal,Moderate,Normal,Normal,no,no,12+,5-12,<7.5,Normal,TGA,no,0-3_days,no,None,Transp.,Normal,High,no
1321,no,Unequal,Moderate,Normal,Plethoric,yes,no,<5,5-12,<7.5,Plethoric,TGA,yes,0-3_days,no,Rt_to_Lt,Transp.,Normal,High,yes
1322,no,Equal,Moderate,Normal,Normal,yes,no,<5,<5,<7.5,Normal,TGA,yes,0-3_days,no,None,Mild,Normal,Normal,yes
1323,yes,Unequal,Moderate,Normal,Grd_Glass,no,no,5-12,<5,<7.5,Plethoric,TGA,yes,4-10_days,no,Rt_to_Lt,Transp.,Congested,High,no
1324,yes,Equal,Moderate,Normal,Oligaemic,no,yes,5-12,5-12,<7.5,Oligaemic,Fallot,yes,0-3_days,yes,Lt_to_Rt,Complete,Normal,Low,no
1325,no,Equal,Severe,Normal,Oligaemic,no,yes,5-12,5-12,<7.5,Oligaemic,Fallot,no,11-30_days,yes,Lt_to_Rt,Complete,Normal,Low,no
1326,no,Equal,Moderate,Normal,Oligaemic,no,no,5-12,5-12,<7.5,Asy/Patchy,Fallot,yes,4-10_days,no,Lt_to_Rt,Complete,Normal,Low,no
1327,no,Equal,Moderate,Normal,Oligaemic,no,yes,<5,12+,<7.5,Oligaemic,PAIVS,no,0-3_days,yes,Lt_to_Rt,Complete,Normal,Low,no
1328,no,Equal,Moderate,Normal,Oligaemic,no,no,<5,<5,<7.5,Oligaemic,Fallot,no,0-3_days,no,None,Complete,Normal,Low,yes
1329,no,Equal,Moderate,Normal,Asy/Patch,yes,no,5-12,5-12,<7.5,Asy/Patchy,Fallot,yes,0-3_days,no,Lt_to_Rt,Complete,Abnormal,Normal,yes
1330,no,Equal,Severe,Normal,Grd_Glass,no,no,5-12,<5,<7.5,Normal,TGA,no,0-3_days,no,None,Transp.,Normal,High,yes
1331,no,Equal,Severe,High,Oligaemic,no,no,5-12,5-12,>=7.5,Oligaemic,TGA,no,4-10_days,no,None,Transp.,Abnormal,High,no
1332,no,Equal,Severe,Normal,Plethoric,no,no,5-12,5-12,<7.5,Asy/Patchy,TGA,no,0-3_days,no,None,Transp.,Normal,High,no
1333,no,Unequal,Moderate,High,Asy/Patch,yes,no,<5,12+,>=7.5,Asy/Patchy,Lung,no,0-3_days,no,None,Mild,Abnormal,Normal,yes
1334,no,Equal,Mild,Normal,Normal,no,no,12+,12+,<7.5,Normal,Fallot,no,11-30_days,no,Lt_to_Rt,Complete,Normal,Low,no
1335,no,Equal,Moderate,Normal,Normal,no,no,5-12,5-12,<7.5,Normal,TGA,no,4-10_days,no,None,Transp.,Normal,Low,yes
1336,no,Equal,Severe,Normal,Plethoric,no,no,5-12,5-12,<7.5,Plethoric,TGA,no,0-3_days,no,None,Transp.,Normal,High,no
1337,yes,Equal,Moderate,Normal,Plethoric,no,no,<5,12+,<7.5,Grd_Glass,TGA,no,0-3_days,no,None,Transp.,Normal,High,yes
1338,no,Equal,Severe,Normal,Grd_Glass,no,no,5-12,5-12,<7.5,Grd_Glass,TGA,no,0-3_days,no,Lt_to_Rt,Transp.,Congested,Normal,no
1339,no,Equal,Moderate,Low,Oligaemic,yes,no,<5,5-12,<7.5,Normal,PFC,yes,0-3_days,no,Rt_to_Lt,Mild,Normal,Low,yes
1340,no,Equal,Moderate,High,Oligaemic,no,no,5-12,5-12,>=7.5,Normal,TAPVD,no,0-3_days,no,None,Complete,Abnormal,High,no
1341,no,Equal,Severe,Normal,Normal,no,no,<5,<5,<7.5,Oligaemic,TGA,no,4-10_days,no,None,Transp.,Normal,High,no
1342,yes,Equal,Severe,Normal,Plethoric,no,no,12+,<5,<7.5,Asy/Patchy,TGA,no,0-3_days,no,None,Transp.,Normal,High,no
1343,no,Equal,Moderate,Low,Oligaemic,no,no,5-12,5-12,<7.5,Oligaemic,Fallot,no,4-10_days,no,Lt_to_Rt,Complete,Normal,Low,no
1344,no,Equal,Severe,Normal,Normal,yes,no,<5,<5,<7.5,Normal,TGA,yes,0-3_days,no,None,Transp.,Normal,Normal,yes
1345,no,Equal,Severe,Normal,Plethoric,no,yes,<5,<5,<7.5,Plethoric,TGA,yes,0-3_days,no,None,Transp.,Normal,High,no
1346,no,Equal,Moderate,High,Oligaemic,no,no,5-12,<5,>=7.5,Oligaemic,TGA,yes,4-10_days,no,None,Transp.,Normal,Low,no
1347,no,Equal,Moderate,Normal,Plethoric,no,no,<5,5-12,<7.5,Plethoric,TGA,no,0-3_days,no,None,Mild,Normal,High,no
1348,no,Equal,Severe,Low,Plethoric,no,no,5-12,<5,<7.5,Asy/Patchy,TGA,no,0-3_days,no,None,Transp.,Normal,High,no
1349,no,Equal,Moderate,Normal,Asy/Patch,yes,no,<5,5-12,<7.5,Asy/Patchy,Fallot,yes,4-10_days,no,None,Complete,Abnormal,Low,yes
1350,no,Equal,Severe,Normal,Asy/Patch,no,yes,<5,<5,<7.5,Asy/Patchy,PFC,no,0-3_days,yes,Rt_to_Lt,Transp.,Abnormal,Normal,no
1351,yes,Equal,Severe,Normal,Normal,no,no,<5,5-12,<7.5,Normal,Fallot,no,11-30_days,no,Lt_to_Rt,Complete,Normal,Low,no
1352,no,Equal,Severe,High,Oligaemic,no,no,12+,<5,>=7.5,Normal,Fallot,no,4-10_days,no,Lt_to_Rt,Complete,Abnormal,Low,no
1353,no,Equal,Severe,Normal,Normal,no,no,5-12,<5,>=7.5,Oligaemic,TGA,no,0-3_days,no,None,Transp.,Normal,Normal,yes
1354,no,Equal,Severe,High,Asy/Patch,no,yes,5-12,5-12,<7.5,Asy/Patchy,PAIVS,no,0-3_days,yes,Lt_to_Rt,Complete,Abnormal,Low,no
1355,no,Equal,Severe,Normal,Oligaemic,yes,no,<5,5-12,<7.5,Oligaemic,Fallot,yes,11-30_days,no,None,Complete,Normal,Low,no
1356,no,Equal,Severe,Normal,Normal,no,no,<5,5-12,>=7.5,Normal,TGA,no,0-3_days,no,None,Transp.,Normal,High,yes
1357,no,Equal,Moderate,Normal,Grd_Glass,yes,no,5-12,5-12,<7.5,Plethoric,Fallot,no,0-3_days,no,Lt_to_Rt,Complete,Normal,Low,no
1358,no,Equal,Moderate,Low,Oligaemic,no,no,<5,5-12,<7.5,Oligaemic,Fallot,yes,4-10_days,yes,Lt_to_Rt,Complete,Normal,Low,no
1359,no,Equal,Moderate,Normal,Oligaemic,yes,yes,<5,5-12,>=7.5,Oligaemic,PAIVS,yes,4-10_days,yes,Lt_to_Rt,Complete,Normal,Low,yes
1360,no,Equal,Moderate,Normal,Plethoric,no,no,5-12,5-12,<7.5,Plethoric,Fallot,yes,4-10_days,no,None,Mild,Normal,High,no
1361,no,Unequal,Moderate,High,Asy/Patch,no,yes,5-12,<5,>=7.5,Grd_Glass,Fallot,no,11-30_days,yes,Lt_to_Rt,Mild,Abnormal,Low,no
1362,no,Equal,Moderate,Low,Oligaemic,yes,no,5-12,5-12,<7.5,Oligaemic,Fallot,no,0-3_days,no,Lt_to_Rt,Complete,Normal,Low,no
1363,no,Equal,Severe,Normal,Plethoric,yes,no,<5,<5,<7.5,Asy/Patchy,TGA,yes,0-3_days,no,None,Transp.,Normal,High,yes
1364,no,Equal,Severe,Normal,Normal,no,no,<5,5-12,<7.5,Asy/Patchy,PAIVS,yes,0-3_days,yes,Lt_to_Rt,Transp.,Normal,Normal,no
1365,no,Equal,Moderate,Normal,Asy/Patch,no,no,5-12,<5,<7.5,Asy/Patchy,Fallot,no,11-30_days,no,Lt_to_Rt,Complete,Abnormal,Low,no
1366,no,Equal,Moderate,High,Oligaemic,no,no,<5,5-12,>=7.5,Oligaemic,Fallot,no,0-3_days,no,None,Mild,Normal,Low,yes
1367,no,Equal,Moderate,Normal,Normal,no,yes,12+,5-12,<7.5,Normal,PAIVS,no,0-3_days,yes,Lt_to_Rt,Complete,Normal,Normal,no
1368,no,Equal,Severe,Low,Normal,no,no,<5,<5,<7.5,Normal,TGA,yes,0-3_days,no,None,Transp.,Normal,Normal,no
1369,no,Equal,Severe,Normal,Asy/Patch,no,yes,5-12,5-12,<7.5,Asy/Patchy,PAIVS,no,0-3_days,yes,Lt_to_Rt,Complete,Normal,Low,yes
1370,no,Equal,Moderate,Normal,Oligaemic,no,no,<5,5-12,<7.5,Oligaemic,Fallot,no,0-3_days,no,None,Complete,Normal,Low,yes
1371,no,Equal,Moderate,High,Oligaemic,no,no,5-12,5-12,>=7.5,Asy/Patchy,Fallot,no,11-30_days,no,Lt_to_Rt,Complete,Normal,Low,no
1372,yes,Equal,Severe,Normal,Oligaemic,no,yes,5-12,<5,<7.5,Normal,TGA,no,4-10_days,yes,None,Transp.,Normal,Normal,no
1373,no,Equal,Mild,Low,Normal,no,no,5-12,5-12,<7.5,Normal,TGA,yes,0-3_days,no,None,Complete,Normal,Normal,no
1374,yes,Equal,Severe,Normal,Oligaemic,yes,no,<5,<5,<7.5,Oligaemic,TGA,yes,0-3_days,no,None,Transp.,Abnormal,High,yes
1375,no,Equal,Mild,Normal,Oligaemic,no,no,12+,5-12,>=7.5,Normal,Fallot,no,4-10_days,no,Lt_to_Rt,Complete,Normal,Low,no
1376,no,Equal,Moderate,Normal,Oligaemic,no,no,5-12,5-12,<7.5,Oligaemic,TAPVD,no,0-3_days,no,Lt_to_Rt,Complete,Congested,Normal,yes
1377,yes,Equal,Severe,Normal,Plethoric,no,yes,12+,<5,<7.5,Plethoric,TGA,no,0-3_days,yes,None,Transp.,Normal,High,no
1378,no,Equal,Moderate,Normal,Normal,no,no,5-12,5-12,<7.5,Normal,TGA,yes,11-30_days,no,None,Complete,Normal,High,no
1379,no,Equal,Moderate,High,Grd_Glass,no,no,5-12,<5,>=7.5,Plethoric,TAPVD,no,0-3_days,no,None,Complete,Congested,Normal,no
1380,no,Equal,Mild,Normal,Oligaemic,no,no,<5,12+,<7.5,Oligaemic,Fallot,no,0-3_days,no,None,Complete,Normal,Low,no
1381,no,Equal,Severe,Normal,Oligaemic,no,no,5-12,5-12,<7.5,Grd_Glass,TGA,no,4-10_days,no,None,Transp.,Normal,Low,no
1382,yes,Equal,Severe,Normal,Plethoric,no,yes,<5,5-12,<7.5,Plethoric,TGA,yes,4-10_days,yes,None,Transp.,Normal,High,no
1383,no,Equal,Moderate,High,Normal,no,no,<5,12+,>=7.5,Normal,Fallot,no,11-30_days,no,Lt_to_Rt,Complete,Normal,Low,no
1384,no,Equal,Moderate,Normal,Plethoric,no,no,5-12,<5,<7.5,Plethoric,Fallot,no,0-3_days,no,None,Complete,Normal,High,no
1385,no,Equal,Moderate,Normal,Oligaemic,no,yes,5-12,<5,<7.5,Oligaemic,PAIVS,no,0-3_days,yes,Lt_to_Rt,Complete,Normal,Low,no
1386,no,Unequal,Moderate,High,Grd_Glass,no,no,<5,5-12,>=7.5,Grd_Glass,Lung,no,0-3_days,no,Rt_to_Lt,Mild,Congested,Low,yes
1387,no,Equal,Severe,Normal,Normal,no,no,12+,12+,>=7.5,Normal,TGA,no,4-10_days,no,None,Transp.,Normal,Normal,yes
1388,no,Equal,Moderate,Normal,Normal,no,yes,<5,5-12,<7.5,Normal,PAIVS,no,11-30_days,yes,Lt_to_Rt,Complete,Normal,Low,no
1389,yes,Unequal,Mild,Normal,Oligaemic,yes,no,<5,12+,<7.5,Oligaemic,PFC,yes,0-3_days,no,Rt_to_Lt,None,Normal,Low,yes
1390,no,Unequal,Severe,Low,Asy/Patch,yes,no,5-12,<5,>=7.5,Asy/Patchy,TGA,yes,11-30_days,no,Rt_to_Lt,Transp.,Abnormal,Normal,no
1391,no,Unequal,Severe,Normal,Grd_Glass,no,no,<5,5-12,<7.5,Asy/Patchy,Lung,no,0-3_days,no,None,Complete,Congested,Normal,yes
1392,no,Unequal,Moderate,Normal,Oligaemic,no,no,<5,12+,>=7.5,Oligaemic,Fallot,no,0-3_days,no,Lt_to_Rt,Complete,Normal,Low,no
1393,no,Unequal,Moderate,High,Normal,no,no,<5,<5,>=7.5,Oligaemic,TGA,no,0-3_days,no,None,Mild,Normal,Normal,no
1394,no,Equal,Moderate,Normal,Normal,no,no,<5,5-12,<7.5,Normal,Fallot,no,4-10_days,no,Lt_to_Rt,Mild,Normal,Normal,no
1395,no,Equal,Moderate,Normal,Normal,no,no,5-12,5-12,<7.5,Normal,TGA,no,0-3_days,no,None,Transp.,Normal,Normal,yes
1396,no,Equal,Moderate,High,Asy/Patch,no,yes,5-12,<5,<7.5,Asy/Patchy,PAIVS,no,0-3_days,yes,Lt_to_Rt,Complete,Abnormal,Low,no
1397,no,Unequal,Moderate,High,Asy/Patch,no,no,5-12,5-12,>=7.5,Asy/Patchy,Lung,no,0-3_days,no,Rt_to_Lt,None,Abnormal,Normal,yes
1398,no,Equal,Moderate,High,Oligaemic,no,yes,<5,5-12,>=7.5,Oligaemic,PAIVS,no,0-3_days,yes,Lt_to_Rt,Complete,Normal,Low,no
1399,no,Unequal,Severe,Normal,Plethoric,no,no,5-12,<5,<7.5,Plethoric,TGA,no,11-30_days,no,None,Transp.,Normal,High,no
1400,no,Equal,Severe,Normal,Oligaemic,no,yes,5-12,12+,<7.5,Oligaemic,PAIVS,no,0-3_days,yes,Lt_to_Rt,Transp.,Normal,Low,no
1401,no,Equal,Moderate,High,Oligaemic,no,no,5-12,5-12,>=7.5,Oligaemic,Fallot,no,11-30_days,no,Lt_to_Rt,Complete,Normal,Low,yes
1402,no,Equal,Severe,Normal,Oligaemic,no,no,5-12,5-12,<7.5,Oligaemic,Fallot,yes,11-30_days,no,Lt_to_Rt,Complete,Normal,Low,no
1403,no,Unequal,Severe,Normal,Oligaemic,no,yes,<5,5-12,<7.5,Oligaemic,PAIVS,no,0-3_days,yes,Lt_to_Rt,Complete,Normal,Low,no
1404,no,Equal,Moderate,Normal,Normal,no,yes,5-12,<5,<7.5,Oligaemic,PAIVS,no,0-3_days,yes,Lt_to_Rt,Complete,Normal,Low,no
1405,no,Equal,Mild,High,Asy/Patch,yes,yes,<5,12+,>=7.5,Asy/Patchy,Lung,yes,0-3_days,yes,Lt_to_Rt,Mild,Abnormal,Normal,yes
1406,no,Unequal,Moderate,High,Normal,no,no,5-12,5-12,>=7.5,Normal,TGA,no,0-3_days,no,None,Complete,Normal,High,no
1407,no,Equal,Moderate,Normal,Normal,no,no,5-12,5-12,<7.5,Normal,PFC,yes,0-3_days,no,Rt_to_Lt,Mild,Normal,Low,no
1408,no,Equal,Moderate,Normal,Plethoric,no,no,5-12,5-12,<7.5,Normal,TGA,no,0-3_days,no,None,Transp.,Normal,High,no
1409,no,Equal,Moderate,Normal,Normal,no,yes,5-12,5-12,<7.5,Normal,Fallot,no,0-3_days,yes,None,Complete,Normal,Normal,no
1410,yes,Equal,Moderate,Normal,Grd_Glass,no,no,5-12,5-12,<7.5,Grd_Glass,TAPVD,no,0-3_days,no,Lt_to_Rt,Complete,Congested,Normal,yes
1411,no,Unequal,Severe,Normal,Plethoric,no,no,<5,<5,<7.5,Plethoric,TGA,no,0-3_days,no,Rt_to_Lt,Transp.,Normal,High,yes
1412,no,Equal,Moderate,Normal,Normal,no,no,5-12,5-12,<7.5,Plethoric,TGA,no,0-3_days,no,None,Mild,Normal,High,no
1413,no,Equal,Mild,Normal,Plethoric,no,no,12+,12+,<7.5,Asy/Patchy,TGA,no,11-30_days,no,Lt_to_Rt,None,Normal,High,no
1414,no,Unequal,Moderate,Low,Oligaemic,no,no,5-12,5-12,<7.5,Oligaemic,Fallot,yes,4-10_days,no,Lt_to_Rt,Complete,Normal,Low,no
1415,no,Equal,Severe,Normal,Normal,no,no,12+,<5,<7.5,Normal,TGA,no,0-3_days,no,None,Transp.,Normal,Normal,no
1416,no,Equal,Moderate,High,Grd_Glass,no,no,5-12,<5,<7.5,Grd_Glass,Fallot,no,0-3_days,no,None,Complete,Normal,Low,no
1417,no,Equal,Severe,Normal,Normal,no,yes,<5,<5,<7.5,Normal,PAIVS,no,11-30_days,yes,Lt_to_Rt,Complete,Normal,Normal,yes
1418,no,Equal,Severe,Normal,Plethoric,no,no,<5,5-12,<7.5,Plethoric,TGA,no,11-30_days,no,None,Transp.,Normal,High,no
1419,no,Equal,Severe,Normal,Plethoric,no,yes,5-12,<5,>=7.5,Normal,TGA,no,0-3_days,yes,None,Transp.,Normal,High,yes
1420,no,Equal,Severe,Normal,Oligaemic,yes,yes,<5,<5,<7.5,Oligaemic,PFC,yes,0-3_days,yes,Rt_to_Lt,Complete,Abnormal,Low,yes
1421,no,Unequal,Severe,Normal,Oligaemic,no,no,<5,<5,<7.5,Oligaemic,Fallot,no,0-3_days,no,Lt_to_Rt,Complete,Normal,Low,no
1422,no,Equal,Severe,High,Oligaemic,no,no,12+,<5,<7.5,Plethoric,TGA,no,4-10_days,no,None,Transp.,Abnormal,High,yes
1423,yes,Equal,Moderate,Normal,Normal,no,no,5-12,5-12,<7.5,Plethoric,Fallot,no,0-3_days,yes,Lt_to_Rt,Complete,Normal,Normal,no
1424,no,Equal,Moderate,High,Oligaemic,yes,no,5-12,5-12,>=7.5,Asy/Patchy,TGA,yes,0-3_days,no,None,Mild,Abnormal,High,no
1425,no,Equal,Moderate,Normal,Oligaemic,no,yes,<5,12+,<7.5,Oligaemic,PAIVS,no,0-3_days,yes,Lt_to_Rt,Complete,Normal,Low,no
1426,no,Equal,Moderate,High,Asy/Patch,no,yes,5-12,<5,>=7.5,Oligaemic,Lung,no,0-3_days,no,Rt_to_Lt,Mild,Abnormal,Normal,no
1427,yes,Unequal,Severe,Normal,Grd_Glass,no,no,12+,<5,<7.5,Grd_Glass,Lung,no,0-3_days,no,Rt_to_Lt,Mild,Congested,Normal,yes
1428,no,Equal,Mild,Normal,Oligaemic,no,yes,<5,12+,<7.5,Oligaemic,PAIVS,no,0-3_days,yes,Lt_to_Rt,Complete,Normal,Low,yes
1429,no,Equal,Severe,High,Grd_Glass,no,yes,<5,5-12,<7.5,Grd_Glass,PAIVS,no,0-3_days,yes,Lt_to_Rt,Transp.,Normal,Normal,yes
1430,no,Equal,Severe,Normal,Plethoric,no,no,<5,5-12,<7.5,Normal,TGA,no,0-3_days,no,None,Transp.,Normal,High,no
1431,no,Equal,Severe,High,Grd_Glass,yes,no,5-12,<5,>=7.5,Grd_Glass,TAPVD,yes,0-3_days,no,Lt_to_Rt,Complete,Congested,High,yes
1432,no,Equal,Severe,Normal,Normal,no,no,<5,<5,<7.5,Normal,Fallot,no,11-30_days,no,Lt_to_Rt,Complete,Normal,Normal,no
1433,no,Equal,Severe,High,Asy/Patch,yes,no,<5,<5,>=7.5,Asy/Patchy,Fallot,yes,4-10_days,no,Lt_to_Rt,Complete,Abnormal,Low,no
1434,no,Equal,Severe,Normal,Asy/Patch,yes,no,5-12,<5,<7.5,Asy/Patchy,Lung,yes,0-3_days,no,None,Transp.,Abnormal,Normal,yes
1435,yes,Equal,Moderate,Normal,Oligaemic,no,yes,<5,5-12,>=7.5,Oligaemic,PAIVS,no,0-3_days,yes,Lt_to_Rt,Complete,Normal,Low,no
1436,no,Equal,Severe,Normal,Plethoric,no,yes,12+,<5,>=7.5,Plethoric,PAIVS,yes,0-3_days,yes,Lt_to_Rt,Complete,Normal,High,yes
1437,no,Unequal,Severe,High,Asy/Patch,yes,no,<5,<5,>=7.5,Asy/Patchy,Lung,yes,0-3_days,no,Rt_to_Lt,Mild,Abnormal,Low,yes
1438,no,Unequal,Moderate,Normal,Plethoric,no,yes,<5,<5,<7.5,Plethoric,TGA,no,4-10_days,no,Rt_to_Lt,Transp.,Normal,High,no
1439,no,Equal,Severe,Normal,Oligaemic,no,no,<5,5-12,<7.5,Oligaemic,Lung,no,0-3_days,no,Lt_to_Rt,Mild,Abnormal,Normal,yes
1440,no,Equal,Mild,Normal,Asy/Patch,yes,no,12+,12+,<7.5,Grd_Glass,TGA,yes,4-10_days,no,None,Transp.,Abnormal,Normal,no
1441,no,Equal,Moderate,Normal,Grd_Glass,no,no,<5,<5,<7.5,Asy/Patchy,Fallot,no,11-30_days,no,None,Complete,Congested,Low,no
1442,no,Equal,Severe,Low,Oligaemic,no,no,<5,5-12,<7.5,Grd_Glass,Fallot,no,11-30_days,no,Lt_to_Rt,Complete,Normal,Low,no
1443,no,Equal,Severe,Normal,Oligaemic,no,no,5-12,<5,<7.5,Oligaemic,Fallot,no,0-3_days,no,Lt_to_Rt,Complete,Normal,Low,no
1444,no,Equal,Severe,High,Oligaemic,no,no,<5,5-12,>=7.5,Oligaemic,TGA,no,0-3_days,no,None,None,Abnormal,High,yes
1445,no,Equal,Severe,High,Grd_Glass,yes,no,<5,12+,>=7.5,Asy/Patchy,TGA,yes,0-3_days,no,None,Transp.,Abnormal,High,yes
1446,no,Equal,Severe,Normal,Asy/Patch,yes,no,<5,<5,<7.5,Asy/Patchy,TGA,yes,0-3_days,no,None,Transp.,Abnormal,Normal,no
1447,no,Equal,Severe,High,Oligaemic,yes,no,<5,5-12,<7.5,Oligaemic,TGA,no,4-10_days,no,Lt_to_Rt,Transp.,Abnormal,High,no
1448,no,Unequal,Moderate,Normal,Oligaemic,yes,no,5-12,<5,<7.5,Oligaemic,Fallot,yes,0-3_days,no,Lt_to_Rt,Complete,Abnormal,Low,no
1449,no,Unequal,Moderate,Normal,Oligaemic,no,yes,<5,5-12,<7.5,Oligaemic,PAIVS,no,0-3_days,yes,Lt_to_Rt,Complete,Normal,Low,no
1450,no,Equal,Moderate,Normal,Oligaemic,no,no,<5,12+,>=7.5,Plethoric,Fallot,no,11-30_days,no,Lt_to_Rt,Complete,Normal,Low,no
1451,no,Equal,Moderate,High,Asy/Patch,yes,yes,5-12,5-12,>=7.5,Asy/Patchy,PAIVS,no,0-3_days,yes,Lt_to_Rt,Transp.,Abnormal,Low,no
1452,no,Equal,Severe,Normal,Oligaemic,no,no,12+,5-12,<7.5,Oligaemic,TGA,no,0-3_days,no,None,Transp.,Normal,High,yes
1453,yes,Equal,Moderate,Normal,Normal,no,no,<5,5-12,<7.5,Normal,PFC,yes,0-3_days,no,Lt_to_Rt,Complete,Normal,Low,no
1454,no,Equal,Moderate,Normal,Asy/Patch,yes,yes,5-12,<5,<7.5,Asy/Patchy,Fallot,no,11-30_days,no,Lt_to_Rt,Complete,Abnormal,Low,no
1455,no,Equal,Moderate,High,Normal,yes,yes,<5,<5,>=7.5,Normal,TAPVD,yes,0-3_days,yes,Lt_to_Rt,Complete,Abnormal,High,yes
1456,no,Equal,Moderate,High,Oligaemic,yes,no,<5,12+,>=7.5,Oligaemic,Fallot,yes,0-3_days,yes,Lt_to_Rt,Complete,Normal,Low,no
1457,no,Equal,Severe,Normal,Oligaemic,yes,no,<5,5-12,<7.5,Oligaemic,TGA,yes,0-3_days,no,None,Transp.,Abnormal,High,yes
1458,no,Equal,Severe,Normal,Oligaemic,no,no,5-12,5-12,<7.5,Oligaemic,Fallot,no,11-30_days,no,Lt_to_Rt,Mild,Normal,Low,no
1459,no,Equal,Severe,Low,Normal,no,no,5-12,5-12,<7.5,Oligaemic,TGA,yes,0-3_days,no,None,Transp.,Normal,Normal,no
1460,no,Equal,Moderate,Low,Oligaemic,yes,yes,5-12,5-12,<7.5,Normal,PAIVS,yes,0-3_days,yes,Lt_to_Rt,Complete,Normal,Low,yes
1461,no,Equal,Moderate,Normal,Asy/Patch,yes,no,<5,5-12,<7.5,Asy/Patchy,Lung,yes,0-3_days,no,Lt_to_Rt,Mild,Abnormal,Normal,no
1462,yes,Equal,Severe,High,Normal,no,no,5-12,<5,>=7.5,Normal,TGA,no,0-3_days,no,Lt_to_Rt,Transp.,Congested,Low,yes
1463,no,Equal,Severe,Normal,Normal,yes,no,12+,5-12,<7.5,Grd_Glass,TGA,yes,0-3_days,no,None,Transp.,Normal,Normal,yes
1464,no,Unequal,Severe,High,Plethoric,no,no,<5,5-12,>=7.5,Plethoric,TGA,yes,4-10_days,no,Rt_to_Lt,Transp.,Normal,High,no
1465,no,Equal,Severe,Normal,Grd_Glass,no,no,<5,<5,<7.5,Grd_Glass,TGA,no,0-3_days,no,None,Transp.,Normal,High,no
1466,no,Equal,Moderate,Normal,Normal,no,no,5-12,<5,<7.5,Normal,PAIVS,no,11-30_days,yes,Lt_to_Rt,Complete,Normal,Low,no
1467,no,Equal,Severe,Normal,Plethoric,no,no,<5,5-12,<7.5,Grd_Glass,TGA,no,0-3_days,no,None,Transp.,Normal,High,yes
1468,no,Equal,Moderate,Normal,Oligaemic,yes,no,5-12,5-12,<7.5,Oligaemic,TGA,yes,0-3_days,no,None,Complete,Abnormal,High,no
1469,no,Equal,Severe,Normal,Plethoric,no,yes,12+,12+,>=7.5,Plethoric,TGA,no,0-3_days,no,None,Transp.,Normal,High,yes
1470,no,Equal,Moderate,High,Asy/Patch,yes,no,5-12,5-12,>=7.5,Asy/Patchy,Fallot,yes,11-30_days,no,Lt_to_Rt,Complete,Abnormal,Low,no
1471,no,Equal,Severe,Normal,Normal,no,yes,<5,<5,<7.5,Normal,PAIVS,no,0-3_days,yes,Lt_to_Rt,Complete,Normal,Low,no
1472,no,Equal,Severe,High,Oligaemic,no,yes,12+,5-12,>=7.5,Oligaemic,PAIVS,no,0-3_days,yes,Lt_to_Rt,Complete,Normal,Low,no
1473,yes,Equal,Moderate,Normal,Oligaemic,no,yes,5-12,5-12,<7.5,Oligaemic,PAIVS,no,0-3_days,yes,Lt_to_Rt,Complete,Normal,Low,no
1474,no,Unequal,Moderate,High,Normal,no,no,5-12,<5,>=7.5,Normal,Lung,no,0-3_days,yes,Rt_to_Lt,Mild,Abnormal,High,no
1475,no,Equal,Moderate,High,Oligaemic,no,no,<5,<5,>=7.5,Oligaemic,PFC,no,0-3_days,no,Rt_to_Lt,Complete,Normal,Low,no
1476,no,Equal,Moderate,Normal,Oligaemic,no,no,<5,5-12,<7.5,Oligaemic,Fallot,no,11-30_days,no,Lt_to_Rt,Complete,Normal,Low,no
1477,no,Unequal,Mild,Normal,Oligaemic,no,no,5-12,12+,<7.5,Oligaemic,PFC,yes,0-3_days,no,Rt_to_Lt,None,Normal,Low,no
1478,no,Equal,Severe,Normal,Normal,yes,no,<5,12+,<7.5,Normal,TGA,yes,0-3_days,no,Lt_to_Rt,Transp.,Normal,Normal,yes
1479,no,Equal,Moderate,Normal,Asy/Patch,yes,yes,5-12,5-12,<7.5,Asy/Patchy,PAIVS,yes,0-3_days,yes,Lt_to_Rt,Mild,Abnormal,Low,no
1480,yes,Equal,Mild,Normal,Oligaemic,no,no,5-12,12+,<7.5,Asy/Patchy,Fallot,no,0-3_days,no,Lt_to_Rt,Complete,Normal,Low,yes
1481,no,Equal,Severe,Normal,Oligaemic,no,yes,<5,5-12,<7.5,Normal,PAIVS,no,0-3_days,yes,Lt_to_Rt,Complete,Normal,Low,no
1482,no,Equal,Moderate,Normal,Oligaemic,no,no,12+,5-12,<7.5,Oligaemic,Fallot,no,11-30_days,no,Lt_to_Rt,Complete,Normal,Low,no
1483,no,Equal,Moderate,Normal,Plethoric,no,no,<5,<5,>=7.5,Plethoric,Fallot,no,0-3_days,no,Lt_to_Rt,Complete,Normal,High,no
1484,no,Equal,Severe,Normal,Normal,no,no,<5,5-12,<7.5,Normal,TGA,no,0-3_days,no,Lt_to_Rt,Transp.,Normal,Normal,no
1485,no,Equal,Moderate,Normal,Normal,no,no,<5,5-12,<7.5,Normal,Fallot,no,0-3_days,no,Lt_to_Rt,Complete,Normal,Low,yes
1486,no,Equal,Moderate,Normal,Oligaemic,no,no,5-12,<5,>=7.5,Oligaemic,Fallot,no,4-10_days,no,Lt_to_Rt,Complete,Normal,Low,no
1487,no,Equal,Severe,High,Oligaemic,yes,no,5-12,<5,>=7.5,Normal,Lung,no,0-3_days,no,None,Mild,Abnormal,Normal,yes
1488,no,Equal,Mild,Normal,Normal,no,no,12+,5-12,>=7.5,Normal,Fallot,no,0-3_days,no,Lt_to_Rt,Complete,Normal,Normal,no
1489,no,Equal,Moderate,Low,Plethoric,no,no,<5,12+,<7.5,Asy/Patchy,TGA,no,0-3_days,no,None,Mild,Normal,High,no
1490,no,Unequal,Severe,Normal,Oligaemic,no,no,<5,<5,<7.5,Oligaemic,TGA,no,4-10_days,no,Rt_to_Lt,Transp.,Abnormal,High,no
1491,no,Unequal,Moderate,Normal,Oligaemic,no,yes,5-12,5-12,<7.5,Oligaemic,PAIVS,no,0-3_days,yes,Lt_to_Rt,Complete,Normal,Low,no
1492,no,Unequal,Mild,Normal,Plethoric,no,no,<5,12+,<7.5,Plethoric,PFC,no,0-3_days,no,Rt_to_Lt,None,Normal,Low,no
1493,no,Equal,Moderate,High,Oligaemic,no,no,5-12,5-12,>=7.5,Oligaemic,Fallot,no,0-3_days,no,Lt_to_Rt,Complete,Normal,Low,no
1494,no,Equal,Moderate,Normal,Oligaemic,no,yes,5-12,5-12,>=7.5,Oligaemic,Fallot,no,11-30_days,yes,None,Complete,Normal,Low,no
1495,no,Equal,Severe,Normal,Normal,no,no,<5,<5,<7.5,Normal,Fallot,no,4-10_days,no,Lt_to_Rt,Transp.,Normal,Low,no
1496,no,Equal,Moderate,Normal,Oligaemic,no,no,5-12,5-12,>=7.5,Oligaemic,TAPVD,no,4-10_days,no,Rt_to_Lt,Complete,Normal,Low,no
1497,no,Unequal,Moderate,High,Oligaemic,yes,yes,<5,<5,>=7.5,Oligaemic,Lung,yes,0-3_days,no,None,Mild,Abnormal,Normal,no
1498,no,Equal,Moderate,Normal,Oligaemic,no,no,5-12,5-12,<7.5,Oligaemic,Fallot,no,11-30_days,no,Lt_to_Rt,Complete,Normal,Low,no
1499,yes,Equal,Moderate,Normal,Oligaemic,yes,no,5-12,<5,<7.5,Oligaemic,TAPVD,yes,0-3_days,no,Rt_to_Lt,Complete,Normal,Low,yes
1500,no,Equal,Moderate,Normal,Plethoric,no,no,5-12,<5,<7.5,Plethoric,TGA,no,0-3_days,no,None,Transp.,Normal,High,no
1501,no,Equal,Moderate,Normal,Normal,yes,no,5-12,5-12,<7.5,Normal,TGA,yes,0-3_days,no,None,Mild,Normal,Normal,yes
1502,no,Equal,Severe,Normal,Normal,no,yes,5-12,5-12,<7.5,Normal,TGA,no,0-3_days,no,None,Transp.,Normal,High,yes
1503,no,Equal,Moderate,Normal,Plethoric,no,no,5-12,5-12,<7.5,Plethoric,TGA,no,4-10_days,no,None,Transp.,Normal,High,yes
1504,no,Unequal,Moderate,High,Oligaemic,no,no,5-12,<5,>=7.5,Normal,PFC,no,0-3_days,no,Rt_to_Lt,None,Congested,Low,no
1505,no,Equal,Severe,Normal,Oligaemic,no,yes,5-12,<5,<7.5,Oligaemic,PAIVS,no,0-3_days,yes,Lt_to_Rt,Complete,Normal,Low,no
1506,no,Equal,Severe,Normal,Oligaemic,no,no,5-12,<5,<7.5,Normal,PAIVS,no,4-10_days,no,Lt_to_Rt,Complete,Normal,Low,yes
1507,no,Equal,Severe,Low,Plethoric,yes,no,<5,<5,<7.5,Asy/Patchy,Fallot,yes,11-30_days,no,Lt_to_Rt,Mild,Normal,Low,yes
1508,no,Equal,Severe,Normal,Oligaemic,no,no,12+,<5,<7.5,Normal,Fallot,no,11-30_days,no,Lt_to_Rt,Complete,Normal,Low,no
1509,no,Equal,Severe,Normal,Plethoric,no,no,<5,12+,<7.5,Normal,TAPVD,no,0-3_days,no,Rt_to_Lt,Complete,Congested,High,yes
1510,no,Equal,Moderate,High,Normal,no,no,5-12,<5,>=7.5,Normal,TGA,no,4-10_days,no,None,Complete,Congested,Normal,yes
1511,no,Equal,Severe,High,Asy/Patch,yes,no,5-12,<5,>=7.5,Grd_Glass,Fallot,yes,11-30_days,no,Lt_to_Rt,Complete,Abnormal,Low,no
1512,no,Equal,Severe,Normal,Asy/Patch,yes,no,<5,<5,<7.5,Asy/Patchy,Lung,yes,4-10_days,no,Rt_to_Lt,None,Abnormal,Normal,no
1513,no,Unequal,Severe,Normal,Plethoric,no,no,<5,5-12,<7.5,Plethoric,TGA,no,4-10_days,no,Lt_to_Rt,Transp.,Normal,High,no
1514,no,Equal,Severe,Normal,Plethoric,no,yes,5-12,<5,<7.5,Plethoric,TGA,no,0-3_days,yes,None,Transp.,Normal,High,no
1515,no,Equal,Severe,Normal,Plethoric,no,no,5-12,<5,<7.5,Plethoric,TGA,no,0-3_days,no,None,Transp.,Normal,High,no
1516,no,Equal,Moderate,Normal,Oligaemic,no,no,5-12,<5,<7.5,Oligaemic,Fallot,no,0-3_days,no,None,Complete,Normal,Low,no
1517,no,Equal,Moderate,Normal,Oligaemic,no,no,<5,<5,<7.5,Oligaemic,Fallot,no,11-30_days,no,None,Mild,Normal,Low,no
1518,no,Unequal,Severe,Normal,Grd_Glass,no,no,<5,<5,<7.5,Grd_Glass,PAIVS,no,0-3_days,yes,Lt_to_Rt,Complete,Congested,Low,no
1519,no,Equal,Severe,High,Oligaemic,yes,no,<5,<5,>=7.5,Oligaemic,TGA,yes,0-3_days,no,None,Transp.,Abnormal,High,yes
1520,no,Equal,Moderate,Normal,Oligaemic,no,no,12+,5-12,<7.5,Oligaemic,Fallot,yes,11-30_days,no,Lt_to_Rt,Complete,Normal,Low,no
1521,no,Equal,Severe,Normal,Plethoric,no,no,<5,5-12,<7.5,Oligaemic,TGA,yes,0-3_days,no,None,Transp.,Normal,High,yes
1522,no,Equal,Severe,Normal,Normal,no,no,5-12,5-12,<7.5,Plethoric,Fallot,no,4-10_days,no,Lt_to_Rt,Complete,Normal,Low,no
1523,no,Equal,Severe,Normal,Normal,no,yes,5-12,<5,<7.5,Normal,Fallot,yes,11-30_days,no,Lt_to_Rt,Mild,Normal,High,no
1524,no,Equal,Severe,Normal,Plethoric,yes,no,<5,<5,<7.5,Plethoric,TGA,no,0-3_days,no,None,Transp.,Abnormal,High,no
1525,no,Equal,Moderate,Normal,Asy/Patch,yes,no,5-12,12+,<7.5,Asy/Patchy,TAPVD,yes,0-3_days,no,Lt_to_Rt,Complete,Abnormal,Low,yes
1526,no,Equal,Moderate,Normal,Oligaemic,no,yes,5-12,<5,<7.5,Normal,PAIVS,no,0-3_days,yes,Lt_to_Rt,Complete,Normal,Low,yes
1527,no,Equal,Severe,Normal,Plethoric,no,no,<5,<5,<7.5,Plethoric,TGA,no,0-3_days,no,None,Transp.,Normal,High,no
1528,no,Equal,Severe,Normal,Normal,no,no,5-12,12+,<7.5,Plethoric,TGA,no,0-3_days,no,None,Transp.,Normal,High,no
1529,no,Equal,Moderate,Normal,Normal,no,no,5-12,5-12,<7.5,Oligaemic,PAIVS,no,0-3_days,no,Lt_to_Rt,Complete,Normal,Low,no
1530,no,Equal,Moderate,Normal,Oligaemic,no,no,<5,5-12,>=7.5,Oligaemic,Fallot,no,4-10_days,no,None,Mild,Normal,Normal,no
1531,no,Equal,Moderate,Normal,Oligaemic,no,yes,12+,<5,<7.5,Oligaemic,PAIVS,no,4-10_days,yes,Lt_to_Rt,Complete,Normal,Low,yes
1532,no,Equal,Moderate,Normal,Oligaemic,yes,no,5-12,5-12,<7.5,Asy/Patchy,Fallot,yes,0-3_days,no,Lt_to_Rt,Complete,Congested,Low,no
1533,no,Equal,Severe,Normal,Asy/Patch,no,yes,<5,5-12,<7.5,Grd_Glass,PAIVS,no,4-10_days,yes,Lt_to_Rt,Complete,Congested,Low,no
1534,no,Equal,Moderate,Normal,Normal,no,no,<5,<5,<7.5,Normal,TGA,yes,0-3_days,no,Rt_to_Lt,Transp.,Normal,High,no
1535,no,Equal,Mild,Normal,Oligaemic,no,no,5-12,5-12,<7.5,Normal,Fallot,no,11-30_days,no,Lt_to_Rt,Mild,Normal,Low,no
1536,no,Equal,Moderate,Normal,Asy/Patch,no,no,5-12,12+,<7.5,Asy/Patchy,Fallot,yes,4-10_days,no,Lt_to_Rt,Complete,Abnormal,Low,no
1537,no,Equal,Moderate,High,Normal,yes,no,5-12,5-12,>=7.5,Normal,Lung,yes,0-3_days,no,None,None,Abnormal,Normal,yes
1538,no,Equal,Severe,Normal,Plethoric,no,no,<5,5-12,>=7.5,Plethoric,TGA,no,4-10_days,no,None,Transp.,Normal,High,no
1539,no,Equal,Moderate,Normal,Plethoric,no,no,5-12,5-12,<7.5,Grd_Glass,Fallot,no,0-3_days,no,Lt_to_Rt,Complete,Normal,High,yes
1540,no,Equal,Severe,Normal,Grd_Glass,no,no,5-12,5-12,<7.5,Grd_Glass,TGA,no,0-3_days,no,None,Transp.,Abnormal,High,no
1541,yes,Equal,Severe,Normal,Oligaemic,no,yes,<5,12+,<7.5,Oligaemic,PAIVS,no,4-10_days,yes,Lt_to_Rt,Complete,Normal,Low,no
1542,no,Equal,Moderate,Normal,Grd_Glass,no,yes,5-12,5-12,<7.5,Grd_Glass,PAIVS,no,0-3_days,yes,Lt_to_Rt,Complete,Abnormal,Low,no
1543,no,Equal,Mild,Normal,Asy/Patch,yes,yes,12+,12+,<7.5,Asy/Patchy,PFC,yes,0-3_days,no,Lt_to_Rt,Mild,Normal,Low,yes
1544,no,Equal,Moderate,Normal,Oligaemic,no,yes,5-12,5-12,<7.5,Oligaemic,PAIVS,yes,0-3_days,yes,Lt_to_Rt,Complete,Normal,Low,no
1545,no,Equal,Mild,Normal,Plethoric,no,no,5-12,12+,<7.5,Plethoric,Fallot,no,0-3_days,no,Lt_to_Rt,Complete,Normal,High,yes
1546,no,Equal,Moderate,Normal,Oligaemic,yes,no,5-12,5-12,<7.5,Asy/Patchy,Fallot,no,0-3_days,no,Lt_to_Rt,Transp.,Normal,Low,yes
1547,no,Equal,Moderate,Low,Oligaemic,no,yes,12+,5-12,<7.5,Oligaemic,PAIVS,no,0-3_days,yes,Lt_to_Rt,Mild,Normal,Low,no
1548,no,Equal,Severe,Normal,Normal,no,no,<5,12+,<7.5,Normal,TGA,no,11-30_days,no,None,Transp.,Normal,High,yes
1549,yes,Equal,Moderate,Normal,Oligaemic,no,yes,<5,5-12,<7.5,Normal,PAIVS,no,0-3_days,yes,Lt_to_Rt,Complete,Normal,Low,yes
1550,yes,Equal,Moderate,Normal,Normal,no,no,5-12,5-12,<7.5,Oligaemic,Lung,no,0-3_days,no,Lt_to_Rt,None,Abnormal,High,yes
1551,no,Equal,Severe,Normal,Oligaemic,no,yes,5-12,<5,>=7.5,Normal,PAIVS,no,0-3_days,yes,Lt_to_Rt,Complete,Normal,Low,yes
1552,no,Equal,Moderate,Normal,Normal,yes,no,5-12,12+,<7.5,Normal,TAPVD,yes,0-3_days,no,Rt_to_Lt,Complete,Abnormal,High,yes
1553,no,Equal,Moderate,Normal,Plethoric,no,no,5-12,5-12,<7.5,Normal,TGA,no,0-3_days,no,Rt_to_Lt,Mild,Normal,High,no
1554,no,Equal,Severe,Normal,Normal,no,no,5-12,<5,<7.5,Asy/Patchy,TGA,no,0-3_days,no,None,Transp.,Normal,Normal,yes
1555,no,Equal,Moderate,Normal,Plethoric,no,no,12+,5-12,<7.5,Plethoric,TGA,no,0-3_days,no,None,Transp.,Normal,High,yes
1556,no,Equal,Severe,Normal,Oligaemic,no,no,5-12,5-12,<7.5,Oligaemic,Fallot,no,4-10_days,no,Lt_to_Rt,Complete,Normal,Low,yes
1557,no,Equal,Moderate,Normal,Grd_Glass,no,yes,5-12,12+,<7.5,Grd_Glass,PAIVS,no,0-3_days,yes,Lt_to_Rt,Complete,Normal,Normal,no
1558,yes,Unequal,Moderate,Normal,Plethoric,no,yes,5-12,5-12,<7.5,Plethoric,TGA,no,0-3_days,yes,Rt_to_Lt,Mild,Normal,High,yes
1559,no,Equal,Moderate,Normal,Grd_Glass,no,no,5-12,5-12,<7.5,Plethoric,PAIVS,no,0-3_days,no,Lt_to_Rt,Complete,Congested,Normal,no
1560,no,Equal,Moderate,Normal,Oligaemic,no,no,5-12,12+,<7.5,Asy/Patchy,Fallot,no,0-3_days,no,Lt_to_Rt,Mild,Normal,Low,no
1561,no,Equal,Moderate,Normal,Oligaemic,no,no,5-12,5-12,<7.5,Oligaemic,Fallot,no,4-10_days,no,Lt_to_Rt,Complete,Normal,Low,no
1562,no,Equal,Moderate,Normal,Grd_Glass,yes,no,5-12,<5,<7.5,Grd_Glass,TAPVD,yes,4-10_days,no,None,Complete,Congested,Normal,no
1563,no,Unequal,Severe,High,Oligaemic,no,yes,5-12,<5,>=7.5,Normal,PAIVS,no,0-3_days,yes,Lt_to_Rt,Complete,Normal,Low,no
1564,no,Equal,Severe,Normal,Normal,no,no,<5,12+,<7.5,Normal,TGA,no,4-10_days,no,None,Transp.,Normal,Normal,no
1565,no,Equal,Severe,Normal,Asy/Patch,yes,no,5-12,5-12,<7.5,Asy/Patchy,Fallot,yes,11-30_days,no,Lt_to_Rt,Complete,Abnormal,Normal,no
1566,no,Equal,Severe,Normal,Grd_Glass,no,no,5-12,<5,<7.5,Grd_Glass,TAPVD,no,11-30_days,no,None,Complete,Congested,High,yes
1567,no,Equal,Moderate,Normal,Oligaemic,no,no,5-12,<5,<7.5,Oligaemic,Fallot,yes,0-3_days,no,None,Complete,Normal,Low,no
1568,yes,Equal,Moderate,Normal,Normal,yes,no,<5,<5,<7.5,Normal,Fallot,yes,4-10_days,no,Lt_to_Rt,Mild,Normal,Normal,no
1569,yes,Equal,Severe,High,Plethoric,no,no,5-12,<5,>=7.5,Plethoric,TGA,no,0-3_days,no,None,Transp.,Normal,High,no
1570,no,Equal,Mild,Normal,Oligaemic,no,yes,12+,5-12,<7.5,Oligaemic,PAIVS,no,0-3_days,yes,Lt_to_Rt,Complete,Normal,Low,no
1571,no,Equal,Severe,Normal,Asy/Patch,no,no,5-12,<5,<7.5,Asy/Patchy,PAIVS,no,0-3_days,yes,Lt_to_Rt,Complete,Normal,Low,yes
1572,no,Equal,Severe,Normal,Oligaemic,no,no,<5,<5,<7.5,Oligaemic,TGA,no,0-3_days,no,None,Transp.,Normal,Low,no
1573,no,Equal,Severe,Normal,Oligaemic,no,no,<5,<5,<7.5,Oligaemic,TGA,no,4-10_days,no,None,Transp.,Normal,Low,no
1574,no,Equal,Severe,Normal,Plethoric,no,no,5-12,12+,<7.5,Normal,TGA,no,11-30_days,no,None,Transp.,Normal,High,no
1575,no,Equal,Severe,Low,Normal,no,no,<5,<5,<7.5,Oligaemic,TGA,no,0-3_days,no,None,Transp.,Normal,Normal,no
1576,no,Equal,Moderate,Normal,Asy/Patch,no,yes,12+,5-12,>=7.5,Asy/Patchy,Fallot,no,11-30_days,no,Lt_to_Rt,Mild,Congested,Low,no
1577,no,Equal,Moderate,High,Plethoric,no,no,5-12,5-12,>=7.5,Plethoric,Lung,no,0-3_days,no,Lt_to_Rt,Mild,Congested,High,yes
1578,no,Equal,Severe,Normal,Oligaemic,no,yes,5-12,5-12,<7.5,Oligaemic,PAIVS,no,0-3_days,yes,Lt_to_Rt,Complete,Abnormal,Low,no
1579,no,Equal,Severe,Low,Normal,no,no,<5,5-12,<7.5,Normal,TGA,no,4-10_days,no,None,Transp.,Normal,Normal,no
1580,no,Equal,Moderate,Normal,Asy/Patch,no,no,5-12,<5,<7.5,Plethoric,Fallot,no,11-30_days,no,Lt_to_Rt,Complete,Congested,Low,no
1581,no,Equal,Severe,Normal,Normal,no,no,<5,12+,<7.5,Normal,TGA,no,0-3_days,no,None,Transp.,Normal,High,no
1582,no,Equal,Mild,Normal,Oligaemic,no,no,12+,12+,<7.5,Oligaemic,TGA,no,0-3_days,no,None,None,Normal,Low,yes
1583,no,Equal,Severe,Normal,Plethoric,no,no,5-12,<5,<7.5,Plethoric,TGA,no,0-3_days,no,None,Transp.,Normal,High,no
1584,no,Equal,Moderate,Normal,Grd_Glass,yes,no,<5,5-12,<7.5,Grd_Glass,Fallot,yes,11-30_days,no,Lt_to_Rt,Complete,Congested,Normal,no
1585,no,Equal,Moderate,Normal,Oligaemic,no,no,5-12,5-12,<7.5,Oligaemic,Fallot,no,4-10_days,no,Lt_to_Rt,Complete,Normal,Low,no
1586,yes,Unequal,Severe,Normal,Normal,no,yes,5-12,<5,<7.5,Normal,TGA,no,0-3_days,no,None,Transp.,Normal,Normal,no
1587,no,Equal,Moderate,Normal,Oligaemic,no,no,5-12,<5,<7.5,Oligaemic,Fallot,no,11-30_days,no,Lt_to_Rt,Mild,Normal,Low,no
1588,no,Equal,Severe,Normal,Oligaemic,no,no,12+,5-12,<7.5,Oligaemic,Fallot,yes,4-10_days,no,None,Complete,Normal,Low,no
1589,no,Equal,Moderate,Normal,Oligaemic,no,no,<5,<5,<7.5,Oligaemic,Fallot,no,4-10_days,no,Lt_to_Rt,Mild,Normal,Low,no
1590,yes,Unequal,Mild,Normal,Normal,no,no,<5,5-12,<7.5,Plethoric,PFC,no,0-3_days,no,Rt_to_Lt,None,Congested,Low,yes
1591,no,Equal,Moderate,Normal,Asy/Patch,yes,no,5-12,12+,<7.5,Asy/Patchy,Fallot,yes,0-3_days,no,Lt_to_Rt,Complete,Abnormal,Low,no
1592,no,Equal,Moderate,High,Asy/Patch,yes,yes,12+,12+,>=7.5,Asy/Patchy,TAPVD,yes,0-3_days,no,Rt_to_Lt,Complete,Abnormal,Low,yes
1593,no,Equal,Moderate,Normal,Oligaemic,no,yes,5-12,5-12,<7.5,Oligaemic,PAIVS,no,0-3_days,yes,Lt_to_Rt,Complete,Normal,Low,no
1594,no,Equal,Severe,High,Plethoric,no,no,<5,5-12,<7.5,Plethoric,Lung,no,0-3_days,no,Lt_to_Rt,Mild,Abnormal,Low,yes
1595,yes,Equal,Mild,Normal,Asy/Patch,yes,yes,5-12,12+,<7.5,Asy/Patchy,PAIVS,yes,0-3_days,yes,Lt_to_Rt,Mild,Abnormal,Low,no
1596,no,Equal,Severe,Normal,Plethoric,no,yes,5-12,<5,<7.5,Plethoric,TGA,no,0-3_days,yes,None,Transp.,Normal,High,yes
1597,no,Equal,Moderate,High,Oligaemic,no,no,12+,5-12,>=7.5,Normal,Fallot,no,4-10_days,no,None,Complete,Normal,Low,no
1598,no,Equal,Severe,High,Plethoric,no,no,5-12,<5,>=7.5,Plethoric,TGA,no,0-3_days,no,None,Transp.,Normal,High,no
1599,yes,Equal,Moderate,Normal,Oligaemic,no,no,5-12,5-12,<7.5,Oligaemic,Fallot,no,4-10_days,no,Lt_to_Rt,Mild,Normal,Low,no
1600,no,Equal,Moderate,Normal,Grd_Glass,no,no,5-12,12+,<7.5,Normal,Fallot,yes,0-3_days,no,None,Mild,Normal,High,no
1601,no,Equal,Moderate,Normal,Oligaemic,no,no,<5,5-12,<7.5,Grd_Glass,PAIVS,no,4-10_days,yes,Lt_to_Rt,Complete,Normal,Low,no
1602,no,Equal,Severe,Normal,Grd_Glass,no,no,<5,12+,<7.5,Grd_Glass,Fallot,no,4-10_days,no,Lt_to_Rt,Complete,Normal,Low,no
1603,yes,Equal,Moderate,Normal,Oligaemic,no,no,12+,5-12,<7.5,Oligaemic,Fallot,no,11-30_days,no,Lt_to_Rt,Complete,Normal,Low,no
1604,no,Equal,Moderate,Normal,Oligaemic,no,yes,5-12,<5,<7.5,Asy/Patchy,PAIVS,no,0-3_days,yes,Lt_to_Rt,Complete,Normal,Low,no
1605,no,Equal,Severe,Low,Plethoric,no,yes,<5,<5,>=7.5,Plethoric,TGA,no,0-3_days,yes,None,Transp.,Normal,High,no
1606,no,Equal,Moderate,Normal,Normal,yes,yes,5-12,5-12,<7.5,Normal,PAIVS,yes,0-3_days,yes,Lt_to_Rt,Complete,Normal,Low,yes
1607,no,Unequal,Moderate,Normal,Normal,no,no,5-12,5-12,<7.5,Normal,TGA,yes,4-10_days,no,Rt_to_Lt,Transp.,Normal,Normal,yes
1608,no,Equal,Moderate,Low,Oligaemic,no,no,5-12,<5,<7.5,Oligaemic,Fallot,no,11-30_days,no,Lt_to_Rt,Complete,Normal,Low,no
1609,no,Equal,Moderate,Normal,Oligaemic,no,no,5-12,<5,<7.5,Oligaemic,TAPVD,no,0-3_days,no,Rt_to_Lt,Complete,Congested,High,no
1610,no,Equal,Moderate,High,Oligaemic,no,yes,5-12,5-12,>=7.5,Asy/Patchy,PAIVS,no,0-3_days,yes,Lt_to_Rt,Complete,Normal,Low,no
1611,no,Equal,Moderate,Normal,Grd_Glass,no,no,5-12,<5,<7.5,Grd_Glass,TAPVD,no,0-3_days,no,Rt_to_Lt,Complete,Congested,Normal,yes
1612,no,Equal,Mild,Normal,Asy/Patch,no,no,<5,<5,<7.5,Asy/Patchy,Fallot,no,0-3_days,no,Lt_to_Rt,Complete,Abnormal,Low,yes
1613,yes,Equal,Moderate,Normal,Plethoric,no,no,5-12,<5,<7.5,Asy/Patchy,TGA,no,0-3_days,no,None,Transp.,Normal,High,no
1614,no,Equal,Severe,Normal,Normal,no,no,5-12,<5,<7.5,Asy/Patchy,TGA,no,0-3_days,no,None,Transp.,Normal,High,no
1615,no,Equal,Moderate,Normal,Plethoric,no,yes,<5,5-12,<7.5,Plethoric,TGA,no,11-30_days,no,None,Transp.,Normal,High,no
1616,no,Equal,Severe,Normal,Normal,no,no,5-12,<5,<7.5,Normal,TGA,no,0-3_days,no,Rt_to_Lt,Transp.,Normal,High,no
1617,no,Equal,Severe,Normal,Asy/Patch,yes,no,5-12,<5,<7.5,Asy/Patchy,Lung,yes,4-10_days,no,Rt_to_Lt,Mild,Abnormal,Normal,yes
1618,no,Equal,Moderate,Normal,Grd_Glass,no,yes,<5,5-12,<7.5,Plethoric,TAPVD,yes,11-30_days,yes,Rt_to_Lt,Complete,Congested,Normal,yes
1619,no,Unequal,Mild,Low,Plethoric,no,yes,5-12,5-12,<7.5,Plethoric,TGA,no,0-3_days,no,None,Mild,Normal,High,yes
1620,no,Equal,Severe,Normal,Normal,no,no,<5,<5,<7.5,Normal,TGA,no,0-3_days,no,None,Transp.,Normal,Normal,no
1621,no,Equal,Moderate,Normal,Oligaemic,no,yes,<5,12+,<7.5,Oligaemic,PAIVS,no,11-30_days,yes,Lt_to_Rt,Complete,Normal,Low,yes
1622,yes,Equal,Mild,Normal,Oligaemic,no,no,5-12,12+,>=7.5,Oligaemic,Fallot,no,11-30_days,no,Lt_to_Rt,Complete,Normal,Low,no
1623,yes,Equal,Moderate,Normal,Plethoric,no,yes,5-12,5-12,<7.5,Plethoric,PAIVS,no,0-3_days,yes,Lt_to_Rt,Mild,Normal,Low,no
1624,no,Equal,Moderate,Normal,Normal,no,no,5-12,5-12,<7.5,Normal,Fallot,no,0-3_days,no,Lt_to_Rt,Complete,Normal,Low,yes
1625,no,Equal,Severe,Low,Plethoric,yes,yes,12+,<5,<7.5,Plethoric,PAIVS,no,0-3_days,yes,Lt_to_Rt,Complete,Abnormal,Low,no
1626,no,Equal,Moderate,Normal,Oligaemic,no,no,12+,5-12,<7.5,Plethoric,Fallot,no,11-30_days,no,None,Complete,Normal,Low,no
1627,no,Equal,Severe,Normal,Plethoric,no,yes,<5,12+,<7.5,Plethoric,TGA,no,0-3_days,yes,None,Transp.,Normal,High,no
1628,no,Equal,Severe,Normal,Asy/Patch,no,yes,5-12,5-12,<7.5,Asy/Patchy,PAIVS,no,4-10_days,yes,Lt_to_Rt,Complete,Congested,Low,yes
1629,no,Equal,Moderate,Normal,Plethoric,no,no,5-12,5-12,<7.5,Plethoric,TGA,no,11-30_days,no,None,Transp.,Normal,High,no
1630,no,Unequal,Moderate,High,Grd_Glass,yes,no,5-12,5-12,>=7.5,Asy/Patchy,Lung,no,0-3_days,no,Rt_to_Lt,Mild,Congested,Normal,no
1631,yes,Equal,Moderate,Normal,Grd_Glass,no,no,<5,<5,<7.5,Grd_Glass,Lung,no,0-3_days,no,None,Mild,Congested,Normal,yes
1632,no,Equal,Severe,Normal,Plethoric,no,no,<5,12+,<7.5,Plethoric,Fallot,no,11-30_days,no,Lt_to_Rt,Complete,Normal,High,no
1633,no,Equal,Moderate,Normal,Grd_Glass,no,no,<5,5-12,<7.5,Grd_Glass,TAPVD,no,0-3_days,no,Lt_to_Rt,Complete,Congested,High,yes
1634,no,Equal,Moderate,Normal,Grd_Glass,no,no,5-12,5-12,<7.5,Asy/Patchy,TAPVD,no,0-3_days,no,Rt_to_Lt,Complete,Congested,Low,yes
1635,no,Equal,Severe,High,Normal,no,no,5-12,<5,>=7.5,Normal,TGA,no,0-3_days,no,None,Transp.,Abnormal,High,yes
1636,no,Equal,Moderate,Normal,Oligaemic,no,yes,5-12,5-12,<7.5,Oligaemic,PAIVS,no,0-3_days,yes,Lt_to_Rt,Complete,Normal,Low,yes
1637,no,Equal,Severe,High,Oligaemic,no,no,5-12,5-12,>=7.5,Oligaemic,TGA,yes,11-30_days,no,None,Transp.,Abnormal,High,no
1638,no,Equal,Moderate,Normal,Oligaemic,no,yes,5-12,5-12,<7.5,Oligaemic,PAIVS,no,0-3_days,yes,Lt_to_Rt,Complete,Normal,Low,no
1639,no,Unequal,Moderate,High,Normal,no,no,5-12,5-12,>=7.5,Asy/Patchy,TGA,no,11-30_days,no,Rt_to_Lt,Transp.,Normal,High,no
1640,yes,Equal,Severe,Normal,Asy/Patch,no,no,12+,<5,<7.5,Asy/Patchy,Fallot,no,11-30_days,no,None,Complete,Normal,Normal,no
1641,yes,Equal,Moderate,Normal,Plethoric,no,no,<5,5-12,<7.5,Plethoric,TAPVD,no,0-3_days,no,Lt_to_Rt,Complete,Congested,Normal,no
1642,yes,Unequal,Moderate,Normal,Oligaemic,yes,no,5-12,<5,<7.5,Oligaemic,Fallot,yes,11-30_days,no,None,Complete,Normal,Low,no
1643,yes,Equal,Severe,Low,Plethoric,yes,no,<5,<5,<7.5,Plethoric,TGA,yes,0-3_days,no,None,Transp.,Normal,High,yes
1644,no,Equal,Moderate,Normal,Oligaemic,no,no,5-12,5-12,<7.5,Normal,Fallot,no,11-30_days,no,Lt_to_Rt,Complete,Normal,High,no
1645,no,Equal,Moderate,Normal,Oligaemic,no,no,12+,5-12,<7.5,Asy/Patchy,PAIVS,no,0-3_days,no,Lt_to_Rt,Complete,Normal,Low,no
1646,no,Equal,Moderate,Normal,Oligaemic,no,no,5-12,5-12,<7.5,Oligaemic,Fallot,no,4-10_days,no,None,Complete,Normal,Low,no
1647,no,Equal,Moderate,Low,Normal,no,yes,5-12,5-12,<7.5,Oligaemic,TGA,no,4-10_days,no,None,Complete,Normal,Normal,no
1648,no,Equal,Severe,High,Normal,no,no,<5,5-12,>=7.5,Normal,Lung,no,0-3_days,no,Lt_to_Rt,Mild,Abnormal,High,yes
1649,no,Equal,Severe,Normal,Asy/Patch,no,no,5-12,5-12,<7.5,Asy/Patchy,TGA,no,4-10_days,no,None,Transp.,Normal,High,yes
1650,no,Equal,Severe,Low,Plethoric,no,no,<5,12+,<7.5,Plethoric,TGA,no,11-30_days,no,None,Transp.,Normal,High,no
1651,no,Equal,Severe,Normal,Plethoric,no,no,<5,5-12,<7.5,Normal,TGA,no,0-3_days,no,Rt_to_Lt,Transp.,Normal,High,no
1652,no,Unequal,Severe,Normal,Plethoric,yes,no,<5,5-12,<7.5,Plethoric,TGA,yes,0-3_days,no,Rt_to_Lt,Transp.,Normal,High,no
1653,no,Equal,Severe,Low,Plethoric,no,no,5-12,5-12,<7.5,Normal,TGA,no,0-3_days,no,None,Transp.,Normal,High,yes
1654,no,Unequal,Mild,Normal,Asy/Patch,yes,yes,5-12,5-12,<7.5,Asy/Patchy,PFC,yes,0-3_days,no,Rt_to_Lt,None,Abnormal,Low,yes
1655,no,Equal,Severe,Normal,Plethoric,yes,no,12+,5-12,<7.5,Plethoric,TGA,yes,0-3_days,no,None,Mild,Normal,Normal,yes
1656,no,Unequal,Mild,High,Asy/Patch,no,no,<5,5-12,>=7.5,Asy/Patchy,Lung,no,0-3_days,no,Rt_to_Lt,None,Abnormal,Normal,no
1657,no,Equal,Mild,High,Asy/Patch,yes,yes,12+,12+,>=7.5,Asy/Patchy,PAIVS,no,0-3_days,yes,Lt_to_Rt,Complete,Abnormal,Low,no
1658,no,Equal,Moderate,Normal,Normal,no,no,5-12,5-12,<7.5,Normal,TGA,no,0-3_days,no,None,Mild,Normal,High,no
1659,no,Equal,Moderate,Normal,Oligaemic,no,no,5-12,<5,<7.5,Oligaemic,Fallot,no,4-10_days,no,Lt_to_Rt,Complete,Normal,Low,no
1660,no,Equal,Moderate,Normal,Normal,no,yes,5-12,<5,<7.5,Normal,PAIVS,no,0-3_days,yes,Lt_to_Rt,Complete,Normal,Low,yes
1661,no,Equal,Mild,Normal,Oligaemic,no,no,12+,5-12,<7.5,Grd_Glass,Fallot,no,11-30_days,no,Lt_to_Rt,Complete,Normal,Low,no
1662,no,Equal,Moderate,High,Grd_Glass,no,no,5-12,12+,>=7.5,Grd_Glass,TAPVD,no,4-10_days,no,Lt_to_Rt,Complete,Congested,High,no
1663,yes,Unequal,Severe,Normal,Asy/Patch,no,no,<5,5-12,<7.5,Asy/Patchy,TAPVD,no,0-3_days,no,Lt_to_Rt,Complete,Congested,High,yes
1664,no,Equal,Mild,High,Asy/Patch,no,no,12+,12+,>=7.5,Normal,PFC,no,4-10_days,no,Lt_to_Rt,None,Abnormal,Normal,no
1665,no,Equal,Moderate,Normal,Oligaemic,no,no,<5,5-12,<7.5,Oligaemic,Fallot,no,0-3_days,no,None,Mild,Normal,Low,no
1666,yes,Equal,Moderate,Low,Oligaemic,no,no,<5,5-12,<7.5,Oligaemic,Fallot,no,11-30_days,no,Lt_to_Rt,Complete,Normal,Low,no
1667,no,Equal,Moderate,Normal,Oligaemic,yes,no,5-12,<5,<7.5,Oligaemic,TGA,yes,0-3_days,no,None,Transp.,Abnormal,High,no
1668,yes,Equal,Moderate,Normal,Asy/Patch,yes,no,12+,5-12,<7.5,Asy/Patchy,PFC,no,0-3_days,no,Rt_to_Lt,Mild,Congested,Low,yes
1669,no,Equal,Moderate,Normal,Oligaemic,no,no,5-12,<5,<7.5,Oligaemic,Fallot,yes,11-30_days,no,Lt_to_Rt,Mild,Normal,Low,no
1670,no,Equal,Severe,Normal,Normal,no,yes,5-12,<5,<7.5,Normal,PAIVS,no,0-3_days,yes,Lt_to_Rt,Complete,Normal,Normal,yes
1671,no,Equal,Severe,Normal,Asy/Patch,yes,no,5-12,5-12,<7.5,Plethoric,Fallot,yes,4-10_days,no,Lt_to_Rt,Complete,Abnormal,Low,no
1672,no,Equal,Moderate,Normal,Asy/Patch,no,yes,<5,12+,<7.5,Asy/Patchy,PAIVS,no,0-3_days,yes,Lt_to_Rt,Complete,Normal,Low,no
1673,no,Equal,Severe,Low,Plethoric,no,no,5-12,<5,<7.5,Normal,TGA,no,0-3_days,no,None,Transp.,Normal,High,no
1674,no,Equal,Moderate,Normal,Normal,no,yes,<5,12+,<7.5,Normal,PAIVS,no,11-30_days,yes,Lt_to_Rt,Complete,Normal,Normal,no
1675,no,Equal,Severe,Normal,Normal,no,no,<5,5-12,<7.5,Normal,Fallot,no,11-30_days,no,Lt_to_Rt,Complete,Normal,Normal,no
1676,no,Equal,Moderate,Normal,Oligaemic,no,no,5-12,5-12,<7.5,Oligaemic,Fallot,no,11-30_days,no,None,Complete,Normal,Low,no
1677,no,Equal,Moderate,Normal,Oligaemic,no,yes,<5,<5,<7.5,Oligaemic,PAIVS,no,0-3_days,yes,Lt_to_Rt,Complete,Normal,Low,no
1678,no,Equal,Moderate,Normal,Oligaemic,no,no,5-12,<5,<7.5,Oligaemic,Fallot,no,4-10_days,no,Lt_to_Rt,Complete,Normal,Low,no
1679,no,Equal,Mild,Normal,Oligaemic,no,yes,12+,12+,<7.5,Oligaemic,Fallot,no,11-30_days,no,Lt_to_Rt,Complete,Normal,Low,no
1680,yes,Equal,Moderate,High,Asy/Patch,no,yes,5-12,5-12,>=7.5,Normal,Lung,no,0-3_days,yes,Rt_to_Lt,Mild,Congested,Normal,no
1681,no,Equal,Severe,Normal,Plethoric,no,no,<5,<5,<7.5,Plethoric,TGA,no,0-3_days,no,None,Transp.,Normal,High,no
1682,no,Equal,Severe,Normal,Plethoric,no,yes,<5,<5,<7.5,Plethoric,PAIVS,no,0-3_days,yes,Lt_to_Rt,Complete,Abnormal,Low,no
1683,no,Equal,Moderate,High,Asy/Patch,yes,yes,<5,<5,>=7.5,Asy/Patchy,PAIVS,yes,0-3_days,no,Lt_to_Rt,Complete,Abnormal,Low,no
1684,no,Equal,Moderate,Normal,Normal,no,yes,<5,5-12,<7.5,Normal,PAIVS,no,0-3_days,yes,Lt_to_Rt,Complete,Normal,Low,no
1685,no,Equal,Moderate,Normal,Normal,no,yes,<5,5-12,<7.5,Normal,TGA,yes,0-3_days,no,None,Mild,Normal,Normal,no
1686,no,Equal,Severe,High,Normal,no,no,<5,5-12,>=7.5,Normal,PFC,no,0-3_days,no,Rt_to_Lt,Transp.,Congested,Low,yes
1687,no,Equal,Severe,Normal,Plethoric,no,no,5-12,<5,<7.5,Plethoric,TGA,no,0-3_days,no,None,Transp.,Normal,High,yes
1688,no,Equal,Severe,Normal,Asy/Patch,no,no,12+,<5,<7.5,Grd_Glass,TGA,no,0-3_days,no,None,Complete,Congested,Low,yes
1689,no,Equal,Severe,High,Asy/Patch,no,yes,<5,<5,>=7.5,Normal,PAIVS,no,0-3_days,yes,Lt_to_Rt,Complete,Abnormal,Normal,yes
1690,no,Unequal,Mild,Normal,Plethoric,yes,yes,5-12,12+,<7.5,Plethoric,PFC,yes,0-3_days,no,Rt_to_Lt,None,Abnormal,Normal,no
1691,yes,Equal,Moderate,Normal,Oligaemic,no,no,12+,5-12,<7.5,Oligaemic,PFC,no,0-3_days,no,Rt_to_Lt,Mild,Normal,Low,yes
1692,no,Equal,Moderate,Normal,Plethoric,no,no,5-12,<5,<7.5,Plethoric,TGA,no,11-30_days,no,None,Complete,Normal,High,no
1693,no,Equal,Severe,Normal,Grd_Glass,no,no,<5,5-12,<7.5,Plethoric,TGA,no,4-10_days,no,Lt_to_Rt,Transp.,Abnormal,High,no
1694,no,Equal,Severe,Normal,Grd_Glass,yes,no,12+,5-12,<7.5,Grd_Glass,TAPVD,yes,0-3_days,no,None,Complete,Congested,Normal,yes
1695,no,Equal,Moderate,High,Normal,yes,no,5-12,5-12,>=7.5,Normal,Lung,yes,0-3_days,no,Lt_to_Rt,None,Abnormal,High,yes
1696,no,Equal,Moderate,High,Plethoric,no,no,12+,12+,>=7.5,Oligaemic,TGA,no,0-3_days,no,None,Mild,Congested,High,no
1697,no,Equal,Severe,High,Grd_Glass,yes,no,<5,<5,>=7.5,Asy/Patchy,TAPVD,no,0-3_days,no,Lt_to_Rt,Complete,Abnormal,High,yes
1698,no,Equal,Moderate,Normal,Oligaemic,no,yes,5-12,<5,<7.5,Oligaemic,PAIVS,no,4-10_days,yes,Lt_to_Rt,Complete,Normal,Low,no
1699,no,Equal,Moderate,Normal,Oligaemic,no,no,5-12,<5,<7.5,Normal,TGA,no,0-3_days,no,None,Transp.,Normal,High,no
1700,no,Equal,Moderate,Normal,Asy/Patch,no,no,5-12,12+,<7.5,Asy/Patchy,TGA,no,11-30_days,no,Rt_to_Lt,Transp.,Abnormal,Normal,no
1701,no,Equal,Severe,Low,Plethoric,no,no,<5,5-12,<7.5,Plethoric,TGA,no,0-3_days,no,None,Transp.,Normal,High,no
1702,no,Equal,Severe,High,Grd_Glass,yes,yes,<5,<5,>=7.5,Grd_Glass,PAIVS,yes,0-3_days,yes,Lt_to_Rt,Complete,Abnormal,Low,yes
1703,no,Equal,Moderate,Normal,Oligaemic,yes,yes,<5,5-12,<7.5,Oligaemic,Fallot,no,11-30_days,yes,Lt_to_Rt,Complete,Normal,Low,yes
1704,no,Unequal,Mild,Normal,Normal,no,no,<5,12+,<7.5,Normal,Fallot,no,11-30_days,no,Lt_to_Rt,Complete,Normal,Normal,no
1705,no,Equal,Mild,Normal,Normal,yes,no,5-12,5-12,<7.5,Plethoric,TGA,yes,0-3_days,no,None,Transp.,Normal,Normal,yes
1706,yes,Equal,Severe,Normal,Oligaemic,yes,no,<5,<5,<7.5,Oligaemic,TAPVD,no,0-3_days,no,None,Complete,Abnormal,High,yes
1707,no,Equal,Severe,Normal,Plethoric,no,no,5-12,<5,>=7.5,Plethoric,TGA,no,0-3_days,no,None,Transp.,Normal,High,no
1708,yes,Equal,Moderate,Normal,Oligaemic,no,yes,12+,<5,<7.5,Oligaemic,PAIVS,no,0-3_days,yes,Lt_to_Rt,Complete,Normal,Low,yes
1709,yes,Equal,Moderate,Low,Plethoric,no,yes,<5,<5,<7.5,Plethoric,TGA,yes,4-10_days,no,None,Mild,Normal,High,no
1710,no,Equal,Moderate,Normal,Asy/Patch,yes,no,12+,5-12,<7.5,Normal,TAPVD,no,4-10_days,no,Lt_to_Rt,Complete,Abnormal,Normal,yes
1711,no,Equal,Moderate,Low,Oligaemic,no,no,5-12,5-12,>=7.5,Oligaemic,Fallot,no,11-30_days,no,Lt_to_Rt,Mild,Normal,Low,yes
1712,no,Equal,Severe,Normal,Oligaemic,yes,no,5-12,5-12,<7.5,Oligaemic,TGA,no,4-10_days,no,None,Transp.,Abnormal,High,no
1713,no,Unequal,Moderate,Normal,Normal,no,no,<5,5-12,<7.5,Normal,PFC,no,0-3_days,no,Rt_to_Lt,Mild,Normal,Normal,no
1714,no,Equal,Severe,High,Normal,no,yes,5-12,<5,>=7.5,Normal,TGA,no,0-3_days,no,None,Transp.,Normal,Normal,yes
1715,no,Equal,Moderate,Normal,Normal,no,yes,5-12,5-12,<7.5,Normal,TGA,no,0-3_days,yes,None,Mild,Normal,Normal,no
1716,no,Unequal,Moderate,High,Asy/Patch,yes,yes,<5,5-12,>=7.5,Asy/Patchy,PAIVS,yes,0-3_days,yes,Lt_to_Rt,Complete,Abnormal,Low,yes
1717,no,Equal,Severe,High,Normal,no,no,5-12,5-12,>=7.5,Normal,TGA,no,0-3_days,no,None,Transp.,Normal,Normal,no
1718,no,Equal,Mild,Normal,Oligaemic,no,yes,5-12,12+,<7.5,Asy/Patchy,PAIVS,no,0-3_days,yes,Lt_to_Rt,Complete,Normal,Low,no
1719,yes,Equal,Severe,High,Oligaemic,no,no,<5,<5,>=7.5,Oligaemic,TGA,no,0-3_days,no,None,Transp.,Abnormal,High,no
1720,no,Equal,Moderate,High,Grd_Glass,yes,no,12+,5-12,>=7.5,Grd_Glass,Lung,yes,0-3_days,no,None,None,Congested,Normal,yes
1721,no,Equal,Moderate,Normal,Oligaemic,no,no,12+,5-12,<7.5,Normal,Fallot,yes,0-3_days,no,Lt_to_Rt,Complete,Normal,Low,no
1722,no,Equal,Moderate,Low,Plethoric,no,no,5-12,5-12,<7.5,Asy/Patchy,TGA,no,4-10_days,no,None,Transp.,Normal,High,no
1723,no,Equal,Moderate,Normal,Grd_Glass,no,no,5-12,<5,<7.5,Grd_Glass,PFC,no,0-3_days,no,Lt_to_Rt,None,Congested,Low,no
1724,no,Unequal,Severe,Low,Plethoric,no,no,<5,5-12,<7.5,Plethoric,TGA,yes,11-30_days,no,Rt_to_Lt,Transp.,Normal,High,no
1725,no,Equal,Moderate,Normal,Oligaemic,no,yes,5-12,<5,<7.5,Oligaemic,PAIVS,yes,0-3_days,yes,Lt_to_Rt,Mild,Normal,Low,yes
1726,no,Equal,Moderate,Normal,Plethoric,no,no,5-12,<5,<7.5,Normal,TGA,no,11-30_days,no,None,Transp.,Normal,High,no
1727,no,Equal,Severe,Normal,Oligaemic,no,no,12+,5-12,<7.5,Normal,PAIVS,no,0-3_days,no,Lt_to_Rt,Complete,Normal,Low,yes
1728,no,Equal,Severe,High,Asy/Patch,yes,no,5-12,<5,>=7.5,Grd_Glass,Fallot,yes,0-3_days,no,None,Complete,Abnormal,Low,yes
1729,no,Equal,Severe,Normal,Plethoric,no,no,<5,<5,<7.5,Plethoric,TGA,no,0-3_days,no,Lt_to_Rt,Transp.,Normal,High,no
1730,no,Equal,Severe,Normal,Plethoric,no,yes,<5,<5,<7.5,Plethoric,TGA,no,0-3_days,yes,None,Complete,Normal,High,no
1731,no,Equal,Moderate,Normal,Oligaemic,no,no,5-12,5-12,<7.5,Oligaemic,Fallot,no,11-30_days,no,Lt_to_Rt,Complete,Normal,Low,yes
1732,no,Unequal,Moderate,High,Grd_Glass,no,no,<5,5-12,>=7.5,Asy/Patchy,TGA,no,4-10_days,yes,Rt_to_Lt,Transp.,Congested,High,yes
1733,no,Equal,Moderate,Normal,Oligaemic,yes,no,5-12,5-12,<7.5,Oligaemic,PAIVS,yes,0-3_days,no,Lt_to_Rt,Complete,Normal,Low,yes
1734,no,Equal,Moderate,High,Asy/Patch,yes,no,5-12,<5,>=7.5,Plethoric,Fallot,yes,11-30_days,no,None,Complete,Abnormal,Normal,no
1735,no,Equal,Severe,Normal,Plethoric,no,no,<5,<5,<7.5,Plethoric,TGA,no,0-3_days,no,None,Transp.,Normal,High,no
1736,no,Equal,Severe,Normal,Normal,no,no,5-12,5-12,<7.5,Normal,TGA,no,4-10_days,no,None,Transp.,Normal,Normal,no
1737,no,Equal,Severe,Normal,Normal,no,no,<5,5-12,<7.5,Oligaemic,TGA,yes,0-3_days,no,Lt_to_Rt,Transp.,Normal,High,no
1738,no,Unequal,Moderate,Normal,Plethoric,yes,no,<5,<5,<7.5,Plethoric,TGA,yes,4-10_days,no,Rt_to_Lt,Transp.,Normal,High,yes
1739,no,Equal,Severe,Normal,Plethoric,no,no,<5,<5,<7.5,Plethoric,TGA,no,0-3_days,no,None,Transp.,Normal,High,yes
1740,no,Equal,Severe,Normal,Oligaemic,no,no,5-12,<5,<7.5,Oligaemic,TGA,no,0-3_days,no,None,Transp.,Normal,Low,yes
1741,no,Equal,Severe,Normal,Plethoric,no,no,12+,5-12,<7.5,Normal,TGA,no,0-3_days,no,None,Transp.,Normal,High,no
1742,no,Equal,Mild,Normal,Normal,no,no,<5,12+,<7.5,Oligaemic,Fallot,no,4-10_days,no,Lt_to_Rt,Complete,Normal,Normal,no
1743,no,Equal,Moderate,Normal,Grd_Glass,yes,yes,5-12,12+,<7.5,Grd_Glass,PAIVS,yes,0-3_days,yes,Lt_to_Rt,Complete,Normal,Low,yes
1744,yes,Equal,Severe,Normal,Normal,no,no,<5,5-12,<7.5,Normal,TGA,no,0-3_days,no,None,Transp.,Normal,Normal,yes
1745,no,Equal,Moderate,High,Asy/Patch,no,no,5-12,<5,>=7.5,Asy/Patchy,Fallot,no,11-30_days,no,Lt_to_Rt,Complete,Abnormal,Low,no
1746,no,Equal,Severe,Normal,Grd_Glass,yes,yes,5-12,5-12,<7.5,Grd_Glass,Lung,yes,0-3_days,yes,None,Mild,Abnormal,High,yes
1747,no,Unequal,Moderate,Normal,Grd_Glass,no,no,<5,<5,<7.5,Grd_Glass,TAPVD,no,0-3_days,no,Rt_to_Lt,Mild,Congested,High,no
1748,yes,Equal,Moderate,Normal,Oligaemic,no,no,5-12,<5,<7.5,Oligaemic,Fallot,no,11-30_days,no,Lt_to_Rt,Mild,Normal,Low,no
1749,no,Equal,Moderate,High,Asy/Patch,yes,no,5-12,12+,>=7.5,Asy/Patchy,Fallot,no,0-3_days,no,Lt_to_Rt,Complete,Abnormal,Low,no
1750,no,Equal,Moderate,Normal,Oligaemic,no,no,5-12,5-12,<7.5,Oligaemic,Fallot,no,11-30_days,no,Lt_to_Rt,Mild,Normal,Low,no
1751,no,Equal,Moderate,High,Plethoric,no,no,5-12,5-12,>=7.5,Plethoric,TGA,no,0-3_days,no,None,Transp.,Normal,Normal,yes
1752,no,Equal,Severe,Normal,Plethoric,no,no,5-12,5-12,<7.5,Plethoric,TGA,no,4-10_days,no,None,Transp.,Normal,High,yes
1753,no,Equal,Severe,Normal,Asy/Patch,yes,no,<5,<5,<7.5,Asy/Patchy,TGA,yes,0-3_days,no,None,Transp.,Abnormal,Low,yes
1754,no,Unequal,Mild,Normal,Oligaemic,no,no,<5,12+,<7.5,Oligaemic,PFC,no,0-3_days,no,Rt_to_Lt,None,Normal,Low,no
1755,no,Equal,Severe,Normal,Asy/Patch,yes,yes,<5,5-12,<7.5,Asy/Patchy,PAIVS,yes,11-30_days,yes,Lt_to_Rt,Complete,Abnormal,Low,no
1756,no,Equal,Moderate,High,Oligaemic,no,no,5-12,5-12,>=7.5,Oligaemic,PFC,no,4-10_days,no,Rt_to_Lt,Complete,Abnormal,High,no
1757,no,Equal,Severe,Normal,Normal,no,no,<5,5-12,>=7.5,Normal,TGA,no,4-10_days,no,None,Transp.,Normal,Normal,no
1758,no,Equal,Moderate,Normal,Plethoric,no,no,<5,5-12,<7.5,Plethoric,TGA,no,0-3_days,no,None,Mild,Normal,High,no
1759,yes,Equal,Moderate,Normal,Oligaemic,no,yes,5-12,5-12,<7.5,Oligaemic,PAIVS,no,0-3_days,yes,Lt_to_Rt,Complete,Normal,Low,yes
1760,no,Equal,Severe,Normal,Normal,yes,no,<5,5-12,<7.5,Normal,TGA,no,0-3_days,no,None,Transp.,Abnormal,High,yes
1761,no,Equal,Severe,Normal,Plethoric,no,no,5-12,<5,<7.5,Plethoric,TAPVD,no,0-3_days,no,Lt_to_Rt,Complete,Congested,Normal,yes
1762,no,Equal,Moderate,Normal,Oligaemic,no,yes,5-12,5-12,<7.5,Oligaemic,PAIVS,no,0-3_days,yes,Lt_to_Rt,Complete,Normal,Low,no
1763,no,Equal,Severe,Normal,Oligaemic,no,no,5-12,12+,<7.5,Oligaemic,Fallot,no,4-10_days,no,Lt_to_Rt,Complete,Normal,Low,no
1764,no,Equal,Severe,High,Asy/Patch,yes,no,<5,<5,>=7.5,Asy/Patchy,PAIVS,yes,4-10_days,no,Lt_to_Rt,Complete,Abnormal,Normal,no
1765,yes,Equal,Severe,Low,Normal,no,no,12+,5-12,<7.5,Normal,TGA,no,4-10_days,no,None,Transp.,Normal,High,no
1766,no,Equal,Moderate,Normal,Normal,yes,no,5-12,<5,<7.5,Normal,Fallot,yes,4-10_days,no,Lt_to_Rt,Complete,Normal,Low,no
1767,no,Equal,Severe,High,Plethoric,no,no,<5,<5,>=7.5,Plethoric,TGA,no,11-30_days,no,None,Transp.,Normal,High,no
1768,no,Equal,Severe,Normal,Plethoric,no,no,12+,5-12,<7.5,Normal,TGA,no,0-3_days,no,None,Transp.,Normal,High,no
1769,no,Equal,Severe,Normal,Asy/Patch,yes,no,5-12,<5,<7.5,Asy/Patchy,Lung,yes,0-3_days,no,Lt_to_Rt,Mild,Abnormal,Normal,yes
1770,no,Equal,Severe,Normal,Grd_Glass,no,no,5-12,<5,<7.5,Grd_Glass,TGA,no,11-30_days,no,None,Transp.,Normal,High,no
1771,no,Equal,Moderate,High,Oligaemic,no,yes,5-12,12+,<7.5,Oligaemic,PAIVS,no,0-3_days,yes,Lt_to_Rt,Complete,Normal,Low,no
1772,yes,Unequal,Mild,Normal,Oligaemic,no,no,5-12,12+,<7.5,Oligaemic,PFC,no,0-3_days,no,Rt_to_Lt,Mild,Normal,Low,yes
1773,no,Equal,Moderate,High,Asy/Patch,yes,yes,5-12,5-12,>=7.5,Plethoric,PAIVS,yes,0-3_days,yes,Lt_to_Rt,Complete,Abnormal,Low,no
1774,no,Equal,Moderate,Normal,Normal,no,yes,5-12,<5,<7.5,Normal,TGA,no,0-3_days,yes,None,Mild,Normal,High,no
1775,no,Equal,Severe,Normal,Normal,no,no,<5,5-12,<7.5,Normal,TGA,no,0-3_days,no,Rt_to_Lt,Transp.,Normal,High,no
1776,no,Equal,Mild,High,Oligaemic,yes,no,12+,5-12,>=7.5,Normal,PAIVS,no,0-3_days,no,Lt_to_Rt,Complete,Abnormal,Low,yes
1777,no,Equal,Mild,Normal,Normal,no,no,12+,12+,<7.5,Normal,Fallot,no,11-30_days,no,Lt_to_Rt,Complete,Normal,Normal,no
1778,no,Equal,Mild,Normal,Oligaemic,no,no,12+,5-12,>=7.5,Oligaemic,Fallot,no,4-10_days,no,Lt_to_Rt,Complete,Normal,Low,no
1779,no,Unequal,Severe,Normal,Grd_Glass,no,no,<5,<5,<7.5,Normal,TGA,no,0-3_days,no,Rt_to_Lt,Transp.,Normal,High,no
1780,no,Equal,Severe,Normal,Plethoric,no,no,<5,<5,>=7.5,Oligaemic,TGA,no,0-3_days,no,None,Transp.,Normal,High,yes
1781,no,Equal,Severe,Normal,Plethoric,no,no,<5,<5,<7.5,Normal,TGA,no,0-3_days,no,None,Transp.,Normal,High,no
1782,no,Equal,Moderate,Normal,Asy/Patch,no,no,<5,5-12,<7.5,Asy/Patchy,Fallot,no,4-10_days,no,Lt_to_Rt,Complete,Abnormal,Low,no
1783,no,Equal,Moderate,Normal,Oligaemic,no,no,5-12,<5,<7.5,Oligaemic,Fallot,no,11-30_days,no,Lt_to_Rt,Complete,Normal,Low,no
1784,no,Equal,Severe,High,Plethoric,yes,no,5-12,<5,>=7.5,Plethoric,TGA,yes,4-10_days,no,None,Transp.,Abnormal,High,no
1785,no,Equal,Severe,Normal,Asy/Patch,no,no,5-12,5-12,<7.5,Asy/Patchy,Fallot,no,0-3_days,no,Lt_to_Rt,Complete,Normal,Low,no
1786,no,Equal,Severe,Normal,Plethoric,no,no,5-12,5-12,<7.5,Plethoric,TGA,yes,0-3_days,no,None,Transp.,Normal,High,no
1787,no,Unequal,Severe,Low,Oligaemic,no,yes,<5,12+,<7.5,Oligaemic,PAIVS,no,0-3_days,yes,Lt_to_Rt,Complete,Normal,Low,yes
1788,no,Equal,Severe,Normal,Oligaemic,no,no,<5,<5,<7.5,Oligaemic,Fallot,no,0-3_days,no,Lt_to_Rt,Transp.,Normal,Low,yes
1789,no,Equal,Severe,Normal,Normal,no,no,5-12,<5,<7.5,Normal,TGA,no,0-3_days,no,Lt_to_Rt,Transp.,Normal,Normal,no
1790,no,Equal,Moderate,Normal,Oligaemic,yes,yes,5-12,5-12,>=7.5,Oligaemic,PAIVS,yes,0-3_days,yes,Lt_to_Rt,Complete,Normal,Low,yes
1791,no,Equal,Mild,Normal,Oligaemic,no,no,5-12,5-12,<7.5,Normal,Fallot,no,11-30_days,no,Lt_to_Rt,None,Normal,Low,no
1792,no,Unequal,Severe,High,Asy/Patch,no,no,12+,5-12,>=7.5,Asy/Patchy,Lung,no,0-3_days,no,Rt_to_Lt,Mild,Abnormal,Normal,yes
1793,no,Equal,Moderate,Normal,Asy/Patch,no,no,5-12,5-12,>=7.5,Plethoric,Lung,no,0-3_days,no,Lt_to_Rt,Mild,Abnormal,Normal,yes
1794,no,Equal,Moderate,Normal,Normal,no,yes,<5,5-12,<7.5,Asy/Patchy,PAIVS,no,0-3_days,yes,Lt_to_Rt,Complete,Normal,Normal,no
1795,no,Equal,Moderate,Normal,Oligaemic,no,no,5-12,<5,<7.5,Oligaemic,Fallot,no,4-10_days,no,Lt_to_Rt,Complete,Normal,Low,no
1796,no,Equal,Severe,Normal,Plethoric,no,no,<5,5-12,<7.5,Plethoric,TGA,no,0-3_days,no,Rt_to_Lt,Transp.,Normal,High,yes
1797,no,Equal,Moderate,Normal,Plethoric,no,no,5-12,<5,<7.5,Plethoric,TGA,no,0-3_days,no,None,Mild,Normal,High,no
1798,no,Equal,Moderate,Normal,Oligaemic,no,no,5-12,5-12,<7.5,Oligaemic,Fallot,yes,11-30_days,no,None,Complete,Normal,Low,no
1799,no,Equal,Severe,Normal,Normal,no,no,5-12,<5,<7.5,Normal,TGA,no,0-3_days,no,Rt_to_Lt,Mild,Normal,Normal,no
1800,no,Equal,Moderate,Normal,Grd_Glass,no,no,5-12,5-12,<7.5,Asy/Patchy,TGA,yes,0-3_days,no,Lt_to_Rt,Transp.,Normal,High,no
1801,yes,Equal,Severe,Normal,Plethoric,no,yes,5-12,5-12,<7.5,Plethoric,TGA,no,0-3_days,no,Rt_to_Lt,Transp.,Normal,High,no
1802,no,Equal,Severe,Normal,Normal,no,no,<5,<5,<7.5,Normal,TGA,no,11-30_days,no,Lt_to_Rt,Transp.,Normal,Normal,no
1803,no,Equal,Severe,High,Asy/Patch,no,no,<5,5-12,>=7.5,Asy/Patchy,TGA,no,0-3_days,no,Lt_to_Rt,Transp.,Abnormal,Normal,yes
1804,yes,Equal,Moderate,Normal,Plethoric,no,no,<5,5-12,<7.5,Plethoric,TGA,yes,0-3_days,no,None,Transp.,Normal,High,no
1805,no,Equal,Severe,Normal,Oligaemic,yes,yes,<5,<5,<7.5,Oligaemic,PAIVS,no,4-10_days,yes,Lt_to_Rt,Complete,Abnormal,Low,yes
1806,no,Equal,Severe,Normal,Normal,no,yes,<5,<5,<7.5,Plethoric,TGA,no,0-3_days,yes,None,Transp.,Normal,Normal,no
1807,no,Equal,Severe,Normal,Normal,no,no,<5,<5,>=7.5,Normal,TGA,no,0-3_days,no,None,Transp.,Normal,High,no
1808,no,Unequal,Mild,Normal,Oligaemic,no,yes,5-12,12+,<7.5,Oligaemic,PAIVS,yes,0-3_days,yes,Lt_to_Rt,Complete,Normal,Low,no
1809,no,Equal,Severe,Normal,Oligaemic,yes,no,<5,<5,<7.5,Oligaemic,TGA,yes,0-3_days,no,None,Transp.,Abnormal,High,yes
1810,no,Equal,Moderate,Normal,Plethoric,no,no,<5,<5,<7.5,Plethoric,TGA,no,0-3_days,no,None,Transp.,Normal,High,no
1811,no,Equal,Moderate,Normal,Oligaemic,no,no,<5,12+,<7.5,Oligaemic,Fallot,yes,11-30_days,no,Lt_to_Rt,Complete,Normal,Low,no
1812,no,Equal,Moderate,High,Grd_Glass,no,no,<5,<5,>=7.5,Grd_Glass,TGA,yes,4-10_days,no,None,Transp.,Congested,High,no
1813,no,Equal,Severe,Normal,Plethoric,no,no,5-12,5-12,<7.5,Plethoric,TGA,no,0-3_days,no,None,Transp.,Normal,High,yes
1814,yes,Equal,Severe,Normal,Normal,no,no,<5,<5,<7.5,Normal,Fallot,no,0-3_days,no,Lt_to_Rt,Mild,Normal,Low,no
1815,no,Equal,Moderate,Normal,Plethoric,no,no,<5,<5,<7.5,Plethoric,TAPVD,no,0-3_days,no,Rt_to_Lt,Complete,Congested,High,yes
1816,no,Equal,Moderate,Normal,Normal,no,no,5-12,<5,<7.5,Normal,Fallot,no,4-10_days,no,Lt_to_Rt,Complete,Normal,Low,no
1817,no,Equal,Severe,Normal,Oligaemic,no,no,<5,<5,>=7.5,Oligaemic,Fallot,no,4-10_days,no,Lt_to_Rt,Complete,Normal,Normal,no
1818,no,Equal,Severe,Normal,Normal,no,no,5-12,5-12,<7.5,Asy/Patchy,TGA,no,0-3_days,no,None,Transp.,Normal,High,no
1819,yes,Equal,Severe,Normal,Oligaemic,no,no,5-12,5-12,<7.5,Oligaemic,Fallot,no,0-3_days,no,Lt_to_Rt,Complete,Normal,Low,yes
1820,no,Equal,Severe,Normal,Normal,no,no,<5,<5,<7.5,Normal,TGA,no,0-3_days,no,None,Transp.,Normal,High,no
1821,no,Equal,Severe,Normal,Plethoric,yes,yes,5-12,12+,<7.5,Plethoric,TGA,yes,0-3_days,no,None,Transp.,Normal,High,no
1822,no,Equal,Severe,Normal,Plethoric,no,no,<5,<5,<7.5,Plethoric,TAPVD,no,0-3_days,no,Lt_to_Rt,Complete,Congested,High,yes
1823,yes,Equal,Severe,Normal,Plethoric,no,no,5-12,5-12,<7.5,Plethoric,TGA,no,0-3_days,no,None,Transp.,Normal,High,yes
1824,no,Equal,Severe,Normal,Oligaemic,no,yes,5-12,<5,<7.5,Grd_Glass,PAIVS,no,0-3_days,yes,Lt_to_Rt,Complete,Normal,Low,yes
1825,no,Equal,Severe,Low,Oligaemic,no,no,12+,5-12,<7.5,Oligaemic,Fallot,yes,11-30_days,yes,None,Transp.,Normal,Low,no
1826,no,Equal,Severe,Normal,Plethoric,no,no,<5,<5,<7.5,Asy/Patchy,TGA,no,0-3_days,no,None,Transp.,Normal,High,yes
1827,no,Equal,Mild,Normal,Asy/Patch,yes,no,5-12,<5,>=7.5,Asy/Patchy,Lung,yes,0-3_days,no,None,None,Abnormal,Normal,yes
1828,no,Equal,Moderate,High,Oligaemic,no,no,<5,12+,>=7.5,Oligaemic,Fallot,no,0-3_days,no,Lt_to_Rt,Complete,Normal,Low,no
1829,no,Equal,Moderate,High,Asy/Patch,yes,yes,<5,5-12,>=7.5,Asy/Patchy,PAIVS,yes,0-3_days,yes,Lt_to_Rt,Complete,Abnormal,Low,no
1830,no,Equal,Moderate,Normal,Normal,no,yes,<5,<5,<7.5,Normal,PAIVS,no,0-3_days,yes,Lt_to_Rt,Complete,Normal,Low,yes
1831,no,Equal,Severe,Normal,Normal,no,no,12+,<5,<7.5,Normal,TGA,no,4-10_days,no,None,Transp.,Normal,High,no
1832,no,Equal,Severe,Normal,Oligaemic,no,no,5-12,5-12,<7.5,Oligaemic,Fallot,no,0-3_days,no,Lt_to_Rt,Complete,Normal,Low,yes
1833,no,Equal,Severe,Normal,Oligaemic,no,no,<5,5-12,<7.5,Oligaemic,TGA,yes,0-3_days,no,None,Transp.,Normal,Low,yes
1834,no,Equal,Severe,Normal,Plethoric,no,no,<5,12+,<7.5,Asy/Patchy,TGA,no,0-3_days,no,None,Transp.,Normal,High,no
1835,no,Equal,Moderate,Normal,Normal,no,yes,5-12,5-12,<7.5,Normal,PAIVS,no,0-3_days,yes,Lt_to_Rt,Complete,Normal,Low,yes
1836,no,Equal,Severe,High,Asy/Patch,no,no,<5,<5,>=7.5,Asy/Patchy,TGA,no,0-3_days,no,None,Transp.,Abnormal,Normal,yes
1837,no,Equal,Moderate,Normal,Plethoric,no,no,<5,5-12,<7.5,Plethoric,TGA,no,0-3_days,no,None,Transp.,Normal,High,no
1838,no,Equal,Moderate,Normal,Oligaemic,yes,yes,5-12,5-12,<7.5,Oligaemic,PAIVS,yes,0-3_days,yes,Lt_to_Rt,Complete,Normal,Low,yes
1839,no,Equal,Moderate,High,Asy/Patch,yes,no,12+,5-12,>=7.5,Asy/Patchy,PFC,yes,0-3_days,no,Rt_to_Lt,Mild,Abnormal,Low,no
1840,no,Equal,Moderate,Normal,Oligaemic,no,yes,5-12,5-12,<7.5,Oligaemic,PAIVS,no,0-3_days,yes,Lt_to_Rt,Complete,Normal,Low,no
1841,no,Equal,Severe,High,Plethoric,no,no,<5,5-12,>=7.5,Plethoric,TGA,yes,0-3_days,no,None,Transp.,Normal,High,no
1842,no,Equal,Severe,Normal,Plethoric,no,no,<5,5-12,>=7.5,Asy/Patchy,TGA,no,0-3_days,no,None,Transp.,Normal,High,no
1843,no,Equal,Moderate,High,Oligaemic,no,no,<5,5-12,>=7.5,Oligaemic,PAIVS,no,0-3_days,no,Lt_to_Rt,Complete,Abnormal,Low,no
1844,no,Equal,Severe,High,Oligaemic,no,no,<5,<5,>=7.5,Oligaemic,TAPVD,no,11-30_days,no,Rt_to_Lt,Complete,Abnormal,High,no
1845,no,Equal,Severe,High,Grd_Glass,yes,yes,<5,<5,>=7.5,Grd_Glass,TAPVD,yes,0-3_days,yes,Lt_to_Rt,Complete,Congested,Normal,no
1846,no,Equal,Severe,High,Oligaemic,yes,no,<5,<5,>=7.5,Oligaemic,Lung,yes,11-30_days,no,None,None,Abnormal,High,no
1847,no,Equal,Severe,Normal,Asy/Patch,no,yes,5-12,5-12,<7.5,Asy/Patchy,Fallot,no,11-30_days,yes,Lt_to_Rt,Complete,Abnormal,Low,no
1848,yes,Equal,Moderate,Low,Normal,no,no,5-12,12+,<7.5,Oligaemic,PFC,no,0-3_days,no,None,Mild,Normal,Normal,yes
1849,no,Equal,Moderate,Normal,Grd_Glass,no,no,12+,5-12,<7.5,Asy/Patchy,TAPVD,no,0-3_days,no,Lt_to_Rt,Complete,Congested,Normal,yes
1850,yes,Equal,Moderate,Normal,Oligaemic,no,yes,5-12,5-12,>=7.5,Normal,PAIVS,no,0-3_days,yes,Lt_to_Rt,Complete,Normal,Normal,no
1851,yes,Equal,Mild,Normal,Normal,yes,no,<5,12+,<7.5,Normal,TGA,yes,0-3_days,no,None,None,Abnormal,High,no
1852,no,Equal,Moderate,High,Plethoric,no,yes,<5,5-12,>=7.5,Plethoric,PAIVS,no,0-3_days,yes,Lt_to_Rt,Complete,Normal,High,no
1853,no,Equal,Severe,Normal,Oligaemic,no,yes,5-12,<5,<7.5,Oligaemic,PAIVS,no,0-3_days,yes,Lt_to_Rt,Mild,Normal,Low,no
1854,no,Equal,Severe,High,Normal,yes,no,12+,12+,>=7.5,Normal,TGA,no,0-3_days,no,None,Transp.,Abnormal,High,yes
1855,no,Equal,Severe,Normal,Plethoric,no,no,<5,<5,<7.5,Normal,TGA,no,0-3_days,no,None,Transp.,Normal,High,no
1856,no,Equal,Mild,Normal,Grd_Glass,no,no,12+,5-12,<7.5,Asy/Patchy,Fallot,no,11-30_days,no,Lt_to_Rt,Complete,Normal,Low,no
1857,no,Equal,Moderate,Normal,Oligaemic,no,no,<5,5-12,>=7.5,Oligaemic,Fallot,no,4-10_days,no,Lt_to_Rt,Complete,Normal,Low,no
1858,no,Equal,Severe,Normal,Plethoric,no,no,<5,<5,<7.5,Plethoric,TGA,no,0-3_days,no,None,Transp.,Normal,High,no
1859,yes,Equal,Moderate,Normal,Normal,no,yes,5-12,5-12,<7.5,Normal,Fallot,no,11-30_days,yes,None,Mild,Normal,High,no
1860,no,Equal,Moderate,High,Plethoric,no,yes,5-12,<5,>=7.5,Plethoric,TAPVD,no,0-3_days,no,Lt_to_Rt,Complete,Congested,Low,no
1861,no,Equal,Moderate,High,Oligaemic,no,yes,5-12,5-12,>=7.5,Normal,PAIVS,no,0-3_days,yes,Lt_to_Rt,Complete,Normal,Low,no
1862,yes,Equal,Severe,Normal,Normal,no,yes,<5,5-12,<7.5,Normal,Fallot,no,0-3_days,yes,Lt_to_Rt,Complete,Normal,Normal,no
1863,no,Equal,Moderate,High,Asy/Patch,no,yes,5-12,5-12,>=7.5,Asy/Patchy,PAIVS,no,0-3_days,yes,Lt_to_Rt,Complete,Abnormal,Low,no
1864,no,Equal,Severe,Normal,Oligaemic,yes,yes,<5,<5,<7.5,Grd_Glass,PAIVS,yes,0-3_days,yes,Lt_to_Rt,Complete,Normal,Low,yes
1865,no,Equal,Moderate,Normal,Normal,no,no,<5,<5,<7.5,Normal,TGA,no,0-3_days,no,None,Transp.,Normal,High,yes
1866,no,Equal,Moderate,High,Oligaemic,no,no,5-12,5-12,>=7.5,Oligaemic,Fallot,no,11-30_days,no,Lt_to_Rt,Complete,Normal,Low,no
1867,yes,Equal,Moderate,Normal,Oligaemic,no,no,<5,5-12,<7.5,Oligaemic,Fallot,no,11-30_days,no,Lt_to_Rt,Complete,Normal,Low,no
1868,no,Equal,Severe,Normal,Plethoric,no,no,<5,<5,<7.5,Plethoric,TGA,no,0-3_days,no,None,Transp.,Normal,High,no
1869,yes,Equal,Severe,Normal,Plethoric,no,no,5-12,<5,<7.5,Plethoric,TGA,no,0-3_days,no,None,Complete,Normal,High,no
1870,no,Equal,Moderate,Normal,Oligaemic,no,yes,<5,<5,<7.5,Oligaemic,Fallot,no,11-30_days,yes,None,Mild,Normal,Low,no
1871,no,Equal,Severe,High,Asy/Patch,no,no,5-12,<5,>=7.5,Asy/Patchy,Fallot,no,11-30_days,no,None,Mild,Abnormal,Low,no
1872,no,Equal,Moderate,Normal,Oligaemic,no,no,5-12,5-12,<7.5,Oligaemic,Fallot,no,11-30_days,no,Lt_to_Rt,Complete,Normal,Low,no
1873,no,Unequal,Moderate,Normal,Plethoric,no,no,<5,5-12,>=7.5,Normal,Fallot,no,0-3_days,no,Lt_to_Rt,Complete,Normal,Low,yes
1874,no,Equal,Moderate,Normal,Oligaemic,yes,yes,<5,5-12,<7.5,Asy/Patchy,PAIVS,yes,0-3_days,yes,Lt_to_Rt,Complete,Normal,Low,yes
1875,no,Equal,Mild,Low,Oligaemic,no,no,12+,12+,>=7.5,Oligaemic,Fallot,no,11-30_days,no,Lt_to_Rt,Complete,Normal,Low,no
1876,no,Unequal,Mild,Normal,Asy/Patch,yes,no,5-12,12+,<7.5,Asy/Patchy,PFC,yes,0-3_days,no,Rt_to_Lt,None,Abnormal,Low,yes
1877,no,Equal,Moderate,Normal,Plethoric,yes,yes,5-12,5-12,<7.5,Plethoric,TGA,yes,0-3_days,yes,None,Mild,Normal,High,yes
1878,no,Equal,Severe,High,Plethoric,yes,no,5-12,<5,>=7.5,Plethoric,TGA,yes,0-3_days,no,None,Transp.,Normal,High,yes
1879,yes,Equal,Severe,Normal,Grd_Glass,no,yes,<5,5-12,<7.5,Grd_Glass,TGA,yes,0-3_days,yes,None,Transp.,Normal,High,no
1880,no,Equal,Moderate,Normal,Normal,no,yes,<5,5-12,<7.5,Normal,PAIVS,no,0-3_days,yes,Lt_to_Rt,Complete,Normal,Low,no
1881,no,Equal,Moderate,Normal,Oligaemic,no,yes,5-12,<5,<7.5,Oligaemic,PAIVS,no,4-10_days,yes,Lt_to_Rt,Complete,Normal,Low,no
1882,no,Equal,Severe,Normal,Oligaemic,no,no,5-12,<5,<7.5,Oligaemic,Fallot,yes,11-30_days,no,Lt_to_Rt,Complete,Normal,Low,no
1883,no,Equal,Moderate,Normal,Normal,no,no,<5,12+,<7.5,Plethoric,Fallot,no,0-3_days,no,Lt_to_Rt,Complete,Normal,Normal,yes
1884,no,Equal,Severe,High,Oligaemic,no,no,5-12,12+,>=7.5,Oligaemic,Fallot,no,0-3_days,no,Lt_to_Rt,Complete,Normal,Low,yes
1885,no,Equal,Severe,Normal,Plethoric,no,no,<5,5-12,<7.5,Plethoric,TGA,no,0-3_days,no,None,Transp.,Normal,High,yes
1886,no,Unequal,Severe,Normal,Plethoric,no,no,5-12,12+,<7.5,Normal,TGA,no,0-3_days,no,None,Transp.,Normal,High,no
1887,no,Equal,Moderate,Normal,Grd_Glass,yes,no,<5,5-12,<7.5,Grd_Glass,TGA,yes,4-10_days,no,None,Transp.,Congested,Normal,no
1888,no,Equal,Moderate,Normal,Plethoric,yes,no,5-12,5-12,<7.5,Plethoric,TGA,no,0-3_days,no,Rt_to_Lt,Complete,Normal,High,yes
1889,no,Equal,Severe,High,Grd_Glass,yes,no,5-12,<5,>=7.5,Grd_Glass,TGA,no,11-30_days,no,Rt_to_Lt,Transp.,Normal,High,yes
1890,yes,Unequal,Mild,Normal,Oligaemic,no,no,<5,12+,<7.5,Oligaemic,PFC,no,0-3_days,no,Rt_to_Lt,None,Normal,Low,yes
1891,no,Equal,Moderate,Normal,Plethoric,no,no,5-12,5-12,>=7.5,Plethoric,TGA,no,0-3_days,no,None,Transp.,Normal,High,no
1892,no,Equal,Moderate,High,Normal,no,no,12+,5-12,<7.5,Normal,TGA,no,0-3_days,no,Lt_to_Rt,Transp.,Normal,Normal,yes
1893,no,Equal,Mild,Normal,Normal,no,no,<5,5-12,<7.5,Asy/Patchy,Lung,no,0-3_days,no,None,None,Normal,High,no
1894,no,Equal,Moderate,Normal,Oligaemic,no,yes,<5,5-12,<7.5,Normal,PAIVS,no,0-3_days,yes,Lt_to_Rt,Complete,Normal,Low,yes
1895,no,Equal,Severe,Normal,Grd_Glass,yes,yes,<5,5-12,<7.5,Grd_Glass,PAIVS,no,11-30_days,yes,Lt_to_Rt,Complete,Abnormal,Low,no
1896,no,Equal,Severe,Low,Plethoric,no,no,5-12,<5,<7.5,Normal,TGA,no,0-3_days,no,None,Transp.,Normal,High,yes
1897,no,Equal,Severe,Normal,Oligaemic,no,no,5-12,<5,<7.5,Oligaemic,PAIVS,no,0-3_days,yes,Lt_to_Rt,Complete,Normal,Low,no
1898,no,Equal,Severe,Normal,Plethoric,no,no,<5,<5,<7.5,Plethoric,TGA,no,4-10_days,no,None,Transp.,Normal,High,no
1899,no,Equal,Moderate,Normal,Oligaemic,no,no,5-12,5-12,<7.5,Oligaemic,Fallot,no,0-3_days,no,None,Complete,Normal,Low,no
1900,no,Equal,Severe,Normal,Asy/Patch,no,no,<5,5-12,<7.5,Asy/Patchy,TGA,yes,4-10_days,no,None,Transp.,Normal,Normal,yes
1901,yes,Equal,Moderate,High,Oligaemic,no,no,5-12,5-12,>=7.5,Asy/Patchy,Fallot,no,11-30_days,no,None,Complete,Normal,Low,no
1902,no,Equal,Severe,High,Oligaemic,yes,no,5-12,<5,>=7.5,Oligaemic,Lung,yes,0-3_days,no,Rt_to_Lt,Mild,Abnormal,Normal,yes
1903,no,Equal,Moderate,Normal,Oligaemic,no,no,12+,5-12,<7.5,Oligaemic,Fallot,no,11-30_days,no,Lt_to_Rt,Complete,Normal,Normal,no
1904,yes,Equal,Severe,High,Normal,no,no,12+,5-12,>=7.5,Normal,TGA,yes,0-3_days,no,Rt_to_Lt,Transp.,Normal,Normal,no
1905,no,Equal,Severe,Normal,Normal,no,no,<5,<5,<7.5,Normal,TGA,no,4-10_days,no,None,Transp.,Normal,Normal,no
1906,no,Equal,Severe,High,Plethoric,no,no,5-12,<5,>=7.5,Plethoric,TGA,no,0-3_days,no,Rt_to_Lt,Transp.,Normal,High,yes
1907,no,Equal,Severe,Normal,Plethoric,no,no,<5,5-12,<7.5,Plethoric,TGA,yes,11-30_days,no,None,Transp.,Normal,High,no
1908,no,Equal,Severe,Normal,Oligaemic,no,yes,5-12,5-12,<7.5,Oligaemic,PAIVS,yes,0-3_days,yes,Lt_to_Rt,Complete,Normal,Low,no
1909,yes,Equal,Severe,Normal,Oligaemic,no,yes,<5,5-12,<7.5,Oligaemic,PAIVS,no,0-3_days,yes,Lt_to_Rt,Complete,Abnormal,Low,no
1910,no,Equal,Mild,Normal,Plethoric,no,no,5-12,5-12,<7.5,Plethoric,TGA,no,0-3_days,no,None,Transp.,Normal,Normal,yes
1911,no,Unequal,Moderate,Normal,Asy/Patch,no,no,5-12,<5,<7.5,Grd_Glass,Fallot,no,0-3_days,no,Lt_to_Rt,Complete,Normal,Low,yes
1912,yes,Equal,Severe,Normal,Plethoric,no,no,<5,5-12,<7.5,Asy/Patchy,TGA,no,0-3_days,no,None,Transp.,Normal,High,yes
1913,no,Equal,Severe,Normal,Grd_Glass,no,yes,12+,<5,<7.5,Grd_Glass,TGA,no,0-3_days,yes,None,Transp.,Normal,High,no
1914,no,Equal,Moderate,Normal,Normal,no,yes,<5,5-12,<7.5,Plethoric,PAIVS,no,0-3_days,yes,Lt_to_Rt,Complete,Normal,Low,no
1915,no,Equal,Severe,High,Plethoric,yes,no,<5,5-12,>=7.5,Plethoric,TAPVD,yes,0-3_days,no,Lt_to_Rt,Complete,Congested,Normal,yes
1916,no,Equal,Moderate,Normal,Oligaemic,no,yes,<5,5-12,<7.5,Oligaemic,Fallot,no,11-30_days,yes,Lt_to_Rt,Complete,Normal,Low,no
1917,yes,Equal,Severe,Low,Normal,no,yes,<5,<5,>=7.5,Normal,TGA,no,0-3_days,yes,None,Transp.,Normal,Normal,yes
1918,no,Equal,Moderate,Normal,Plethoric,no,no,5-12,12+,<7.5,Plethoric,PFC,no,0-3_days,no,Rt_to_Lt,Complete,Normal,Low,yes
1919,no,Equal,Mild,High,Oligaemic,no,no,12+,12+,<7.5,Oligaemic,PAIVS,no,0-3_days,yes,Lt_to_Rt,Complete,Normal,Low,yes
1920,no,Equal,Moderate,High,Oligaemic,yes,no,5-12,<5,<7.5,Oligaemic,Lung,yes,4-10_days,no,None,Mild,Abnormal,Normal,yes
1921,no,Equal,Moderate,Normal,Plethoric,no,no,<5,12+,<7.5,Plethoric,TGA,no,0-3_days,no,None,Complete,Normal,High,no
1922,no,Equal,Severe,High,Asy/Patch,yes,no,5-12,12+,>=7.5,Normal,Fallot,yes,11-30_days,no,None,Complete,Abnormal,Low,no
1923,no,Equal,Severe,Normal,Oligaemic,no,no,<5,<5,<7.5,Oligaemic,TGA,no,4-10_days,no,None,Transp.,Normal,Low,yes
1924,no,Equal,Moderate,Normal,Asy/Patch,no,no,5-12,5-12,<7.5,Asy/Patchy,Fallot,no,11-30_days,no,Lt_to_Rt,Complete,Abnormal,Low,no
1925,no,Equal,Severe,Normal,Plethoric,no,no,5-12,<5,<7.5,Plethoric,TGA,no,4-10_days,no,None,Transp.,Normal,High,no
1926,no,Unequal,Severe,Normal,Asy/Patch,no,no,<5,5-12,<7.5,Asy/Patchy,PFC,no,0-3_days,no,Rt_to_Lt,None,Abnormal,Normal,no
1927,no,Equal,Moderate,Normal,Oligaemic,no,no,5-12,5-12,>=7.5,Oligaemic,PAIVS,no,4-10_days,no,Lt_to_Rt,Complete,Congested,Low,no
1928,no,Equal,Moderate,Normal,Oligaemic,yes,no,5-12,<5,<7.5,Asy/Patchy,Fallot,yes,4-10_days,no,Lt_to_Rt,Complete,Normal,Low,no
1929,no,Equal,Severe,High,Grd_Glass,no,no,5-12,<5,<7.5,Grd_Glass,TAPVD,no,0-3_days,no,None,Complete,Congested,Normal,no
1930,no,Equal,Moderate,High,Asy/Patch,yes,no,<5,5-12,>=7.5,Asy/Patchy,Fallot,no,4-10_days,no,Lt_to_Rt,Complete,Abnormal,Low,no
1931,yes,Equal,Severe,Normal,Oligaemic,no,no,<5,<5,>=7.5,Oligaemic,PFC,no,4-10_days,no,None,Mild,Normal,Low,no
1932,no,Equal,Moderate,Low,Normal,no,no,5-12,5-12,<7.5,Normal,Fallot,no,0-3_days,no,Lt_to_Rt,Mild,Congested,Low,yes
1933,no,Equal,Severe,High,Asy/Patch,no,yes,5-12,<5,>=7.5,Asy/Patchy,PAIVS,no,0-3_days,yes,Lt_to_Rt,Complete,Abnormal,Low,no
1934,no,Equal,Moderate,Normal,Normal,no,no,5-12,<5,<7.5,Normal,Fallot,no,4-10_days,no,Lt_to_Rt,Complete,Normal,Normal,no
1935,no,Equal,Moderate,Normal,Grd_Glass,no,no,<5,5-12,<7.5,Grd_Glass,TAPVD,no,0-3_days,no,Lt_to_Rt,Complete,Congested,Normal,no
1936,no,Equal,Moderate,Normal,Oligaemic,yes,no,5-12,5-12,<7.5,Plethoric,Lung,yes,0-3_days,no,None,Complete,Congested,Normal,yes
1937,no,Equal,Moderate,Normal,Plethoric,no,no,<5,<5,<7.5,Asy/Patchy,TGA,no,0-3_days,no,Rt_to_Lt,Complete,Normal,High,no
1938,no,Equal,Moderate,Normal,Normal,no,no,<5,<5,<7.5,Normal,Fallot,no,11-30_days,no,Lt_to_Rt,Complete,Normal,Low,no
1939,no,Equal,Severe,Normal,Grd_Glass,yes,yes,5-12,<5,<7.5,Grd_Glass,PAIVS,yes,0-3_days,yes,Lt_to_Rt,Complete,Congested,Low,yes
1940,no,Equal,Severe,Low,Oligaemic,no,yes,<5,<5,<7.5,Oligaemic,PAIVS,no,4-10_days,yes,Lt_to_Rt,Complete,Normal,Low,no
1941,no,Equal,Severe,Normal,Normal,no,no,<5,5-12,<7.5,Asy/Patchy,TGA,no,0-3_days,no,None,Transp.,Normal,Normal,no
1942,no,Equal,Moderate,Normal,Oligaemic,no,no,5-12,<5,>=7.5,Oligaemic,Fallot,no,11-30_days,no,Lt_to_Rt,Complete,Normal,Low,no
1943,no,Equal,Moderate,High,Normal,yes,no,5-12,<5,>=7.5,Normal,TAPVD,yes,0-3_days,no,Lt_to_Rt,Complete,Abnormal,High,yes
1944,no,Equal,Severe,Normal,Normal,no,no,<5,<5,<7.5,Normal,TGA,no,0-3_days,no,None,Transp.,Normal,High,no
1945,no,Equal,Moderate,Normal,Oligaemic,no,yes,12+,5-12,>=7.5,Oligaemic,TGA,no,0-3_days,no,None,Transp.,Normal,Low,no
1946,yes,Equal,Moderate,Normal,Oligaemic,no,no,<5,<5,<7.5,Oligaemic,Fallot,no,4-10_days,no,Lt_to_Rt,Complete,Normal,Low,no
1947,no,Equal,Severe,High,Asy/Patch,yes,no,5-12,5-12,>=7.5,Asy/Patchy,Lung,no,0-3_days,no,Rt_to_Lt,Mild,Abnormal,Normal,yes
1948,no,Equal,Moderate,Normal,Normal,no,no,5-12,12+,<7.5,Oligaemic,Fallot,no,11-30_days,no,Lt_to_Rt,Complete,Normal,Low,no
1949,no,Equal,Severe,Normal,Oligaemic,no,yes,<5,5-12,<7.5,Oligaemic,Fallot,no,0-3_days,no,Lt_to_Rt,Complete,Normal,Low,yes
1950,no,Equal,Moderate,Normal,Plethoric,no,no,5-12,<5,<7.5,Plethoric,TGA,no,0-3_days,no,None,Transp.,Normal,High,no
1951,no,Equal,Moderate,Normal,Normal,no,yes,5-12,<5,<7.5,Normal,Fallot,no,4-10_days,yes,Lt_to_Rt,Complete,Normal,Normal,no
1952,no,Equal,Severe,Normal,Normal,no,yes,5-12,<5,<7.5,Normal,TGA,no,0-3_days,yes,None,Transp.,Normal,Normal,no
1953,no,Equal,Moderate,High,Normal,no,yes,5-12,<5,>=7.5,Plethoric,PAIVS,no,0-3_days,yes,Lt_to_Rt,Complete,Normal,Normal,yes
1954,no,Equal,Severe,Low,Plethoric,no,no,<5,<5,<7.5,Plethoric,TGA,no,0-3_days,no,None,Transp.,Normal,High,yes
1955,no,Equal,Moderate,Normal,Normal,no,no,<5,<5,<7.5,Normal,TAPVD,no,4-10_days,no,None,Complete,Normal,High,yes
1956,no,Equal,Moderate,Normal,Normal,no,yes,<5,<5,<7.5,Normal,PFC,no,0-3_days,yes,Rt_to_Lt,Complete,Normal,Normal,no
1957,no,Unequal,Severe,High,Normal,yes,no,5-12,5-12,>=7.5,Normal,TGA,yes,0-3_days,no,Rt_to_Lt,Transp.,Abnormal,High,no
1958,no,Equal,Moderate,Normal,Oligaemic,yes,no,<5,5-12,<7.5,Oligaemic,TAPVD,yes,0-3_days,no,Rt_to_Lt,Complete,Abnormal,Low,yes
1959,no,Equal,Moderate,Normal,Asy/Patch,no,yes,5-12,<5,<7.5,Grd_Glass,TAPVD,no,4-10_days,no,None,Complete,Congested,Normal,yes
1960,no,Equal,Moderate,Normal,Plethoric,yes,no,<5,<5,<7.5,Plethoric,Lung,yes,0-3_days,no,Rt_to_Lt,Mild,Normal,High,yes
1961,no,Equal,Mild,Normal,Oligaemic,no,no,12+,12+,<7.5,Oligaemic,Fallot,no,4-10_days,no,Lt_to_Rt,Complete,Normal,Low,no
1962,no,Equal,Moderate,Normal,Plethoric,no,no,5-12,5-12,<7.5,Plethoric,TAPVD,yes,0-3_days,no,None,Complete,Congested,High,yes
1963,no,Equal,Moderate,High,Normal,no,yes,5-12,5-12,>=7.5,Normal,PAIVS,no,0-3_days,yes,Lt_to_Rt,Complete,Normal,Low,no
1964,no,Equal,Moderate,Normal,Normal,no,no,<5,12+,<7.5,Normal,Fallot,no,4-10_days,no,Lt_to_Rt,Complete,Normal,Normal,no
1965,no,Equal,Severe,High,Grd_Glass,yes,no,<5,<5,>=7.5,Plethoric,TGA,yes,4-10_days,no,None,Transp.,Abnormal,High,no
1966,no,Equal,Severe,Normal,Normal,no,no,<5,<5,>=7.5,Normal,TGA,no,0-3_days,no,None,Transp.,Normal,High,no
1967,no,Equal,Mild,Normal,Asy/Patch,no,yes,12+,12+,<7.5,Asy/Patchy,PAIVS,no,0-3_days,yes,Lt_to_Rt,Complete,Abnormal,Low,no
1968,no,Equal,Moderate,Normal,Plethoric,no,no,5-12,5-12,<7.5,Plethoric,TGA,no,0-3_days,no,None,Mild,Normal,High,no
1969,no,Equal,Severe,Normal,Normal,no,no,<5,5-12,<7.5,Normal,TGA,yes,0-3_days,no,None,Transp.,Normal,Normal,no
1970,no,Equal,Moderate,Normal,Oligaemic,no,yes,12+,5-12,<7.5,Asy/Patchy,Fallot,no,4-10_days,no,Lt_to_Rt,Complete,Normal,Low,no
1971,no,Equal,Severe,High,Oligaemic,no,no,<5,12+,>=7.5,Oligaemic,TGA,no,0-3_days,no,None,Transp.,Normal,Low,no
1972,no,Equal,Moderate,Normal,Oligaemic,no,no,5-12,5-12,<7.5,Oligaemic,Fallot,no,0-3_days,no,Lt_to_Rt,Complete,Normal,Low,no
1973,no,Equal,Severe,Normal,Normal,no,no,5-12,5-12,<7.5,Normal,Fallot,no,0-3_days,no,Lt_to_Rt,Complete,Normal,High,no
1974,no,Equal,Mild,Normal,Oligaemic,no,yes,12+,12+,<7.5,Oligaemic,Fallot,no,4-10_days,yes,Lt_to_Rt,Complete,Normal,Low,no
1975,no,Equal,Moderate,High,Oligaemic,no,no,<5,5-12,<7.5,Oligaemic,Fallot,no,0-3_days,no,None,Complete,Normal,Low,no
1976,no,Equal,Moderate,Normal,Plethoric,no,no,<5,5-12,<7.5,Plethoric,Lung,no,0-3_days,no,None,Mild,Normal,High,yes
1977,no,Equal,Moderate,Normal,Oligaemic,no,yes,<5,5-12,<7.5,Oligaemic,Fallot,no,11-30_days,yes,Lt_to_Rt,Complete,Normal,Low,no
1978,no,Equal,Moderate,Normal,Plethoric,no,no,5-12,5-12,<7.5,Plethoric,Fallot,yes,11-30_days,no,Lt_to_Rt,Complete,Normal,High,no
1979,no,Equal,Severe,Normal,Normal,no,yes,<5,5-12,<7.5,Normal,Fallot,yes,4-10_days,no,None,Complete,Normal,Normal,yes
1980,no,Equal,Severe,High,Normal,no,yes,<5,<5,>=7.5,Normal,TGA,no,0-3_days,yes,Lt_to_Rt,Transp.,Normal,High,yes
1981,no,Equal,Moderate,Normal,Oligaemic,no,yes,<5,5-12,<7.5,Oligaemic,PAIVS,no,0-3_days,yes,Lt_to_Rt,Complete,Normal,Low,no
1982,no,Equal,Severe,Normal,Normal,no,no,5-12,<5,<7.5,Normal,TGA,no,0-3_days,no,Lt_to_Rt,Transp.,Normal,Normal,no
1983,no,Equal,Severe,Normal,Plethoric,no,no,5-12,<5,<7.5,Plethoric,TGA,no,0-3_days,no,None,Transp.,Normal,High,no
1984,no,Equal,Moderate,Normal,Plethoric,no,no,<5,5-12,<7.5,Plethoric,TAPVD,no,11-30_days,no,None,Complete,Normal,High,yes
1985,no,Equal,Severe,Normal,Normal,no,no,<5,12+,<7.5,Normal,TGA,no,0-3_days,no,None,Transp.,Normal,High,no
1986,no,Equal,Severe,High,Oligaemic,no,yes,<5,5-12,<7.5,Oligaemic,PAIVS,no,0-3_days,yes,Lt_to_Rt,Complete,Normal,Low,no
1987,no,Equal,Moderate,High,Asy/Patch,yes,no,5-12,5-12,>=7.5,Asy/Patchy,Lung,yes,0-3_days,no,None,Mild,Abnormal,Normal,yes
1988,no,Equal,Moderate,Normal,Oligaemic,no,yes,5-12,5-12,<7.5,Oligaemic,PAIVS,no,0-3_days,yes,Lt_to_Rt,Complete,Normal,Low,no
1989,yes,Equal,Severe,Normal,Normal,no,no,5-12,12+,>=7.5,Normal,Fallot,no,0-3_days,no,None,Complete,Normal,Normal,no
1990,no,Equal,Moderate,Normal,Normal,no,yes,5-12,<5,<7.5,Normal,PAIVS,no,4-10_days,yes,Lt_to_Rt,Complete,Normal,High,yes
1991,no,Equal,Severe,Normal,Plethoric,no,no,<5,5-12,<7.5,Plethoric,TGA,no,0-3_days,no,None,Transp.,Normal,High,yes
1992,no,Equal,Mild,High,Asy/Patch,yes,no,12+,<5,>=7.5,Normal,Lung,yes,0-3_days,no,Lt_to_Rt,None,Abnormal,Normal,yes
1993,yes,Equal,Severe,Normal,Plethoric,no,no,<5,<5,<7.5,Plethoric,TGA,no,4-10_days,yes,None,Transp.,Normal,High,no
1994,no,Equal,Severe,Low,Oligaemic,no,no,5-12,12+,<7.5,Oligaemic,Fallot,no,11-30_days,no,Lt_to_Rt,Complete,Normal,Low,no
1995,no,Equal,Mild,High,Oligaemic,yes,no,12+,12+,>=7.5,Oligaemic,TGA,yes,0-3_days,no,None,Complete,Abnormal,High,no
1996,no,Equal,Moderate,Normal,Oligaemic,no,no,5-12,5-12,<7.5,Oligaemic,PAIVS,no,0-3_days,yes,Lt_to_Rt,Complete,Normal,Low,no
1997,no,Equal,Severe,Normal,Plethoric,no,no,5-12,<5,<7.5,Plethoric,TGA,no,0-3_days,no,Lt_to_Rt,Transp.,Normal,High,no
1998,no,Equal,Mild,Normal,Oligaemic,no,yes,12+,12+,<7.5,Oligaemic,PAIVS,no,0-3_days,yes,Lt_to_Rt,None,Normal,Low,no
1999,no,Equal,Severe,Normal,Plethoric,yes,no,<5,5-12,<7.5,Plethoric,TGA,yes,0-3_days,no,None,Transp.,Normal,High,yes
2000,no,Equal,Moderate,High,Oligaemic,yes,no,<5,5-12,>=7.5,Oligaemic,Fallot,no,11-30_days,no,Lt_to_Rt,Complete,Abnormal,Low,no
2001,yes,Equal,Moderate,Normal,Plethoric,no,yes,<5,5-12,<7.5,Plethoric,TAPVD,no,0-3_days,no,None,Complete,Normal,High,yes
2002,no,Equal,Moderate,High,Asy/Patch,yes,yes,<5,5-12,>=7.5,Grd_Glass,PAIVS,yes,0-3_days,yes,Lt_to_Rt,Complete,Abnormal,Low,yes
2003,no,Equal,Moderate,Normal,Normal,no,yes,<5,12+,<7.5,Oligaemic,Fallot,yes,11-30_days,yes,Lt_to_Rt,Mild,Normal,Low,no
2004,no,Equal,Severe,High,Normal,no,no,5-12,<5,>=7.5,Normal,TGA,no,0-3_days,yes,None,Transp.,Normal,High,no
2005,no,Equal,Moderate,Normal,Oligaemic,no,yes,5-12,5-12,<7.5,Oligaemic,PAIVS,no,11-30_days,yes,Lt_to_Rt,Complete,Normal,Low,no
2006,yes,Equal,Moderate,Normal,Plethoric,no,no,<5,5-12,<7.5,Plethoric,TGA,yes,0-3_days,no,None,Mild,Normal,High,yes
2007,no,Equal,Moderate,Normal,Normal,no,no,5-12,5-12,<7.5,Normal,PAIVS,no,0-3_days,yes,Lt_to_Rt,Complete,Normal,Low,no
2008,no,Equal,Severe,Normal,Plethoric,no,no,5-12,<5,>=7.5,Oligaemic,TGA,no,0-3_days,no,None,Transp.,Normal,High,no
2009,no,Equal,Severe,High,Asy/Patch,no,no,<5,<5,>=7.5,Asy/Patchy,PFC,no,0-3_days,no,Rt_to_Lt,Complete,Congested,Low,yes
2010,no,Equal,Moderate,Normal,Oligaemic,yes,no,5-12,<5,<7.5,Oligaemic,PAIVS,yes,0-3_days,no,Lt_to_Rt,Complete,Normal,Low,no
2011,no,Equal,Severe,Normal,Plethoric,yes,no,<5,<5,<7.5,Normal,TGA,yes,0-3_days,no,None,Transp.,Normal,High,yes
2012,yes,Unequal,Mild,Normal,Oligaemic,no,no,<5,12+,<7.5,Oligaemic,PFC,no,0-3_days,no,Rt_to_Lt,None,Normal,Low,no
2013,no,Equal,Severe,Normal,Grd_Glass,no,no,5-12,<5,>=7.5,Plethoric,TGA,no,11-30_days,no,None,Transp.,Normal,High,no
2014,no,Unequal,Severe,Normal,Normal,no,no,<5,<5,>=7.5,Normal,TGA,no,11-30_days,no,Rt_to_Lt,Transp.,Normal,High,no
2015,no,Equal,Severe,High,Normal,no,no,<5,5-12,>=7.5,Normal,TGA,no,0-3_days,no,None,Transp.,Normal,Normal,yes
2016,no,Equal,Moderate,Normal,Oligaemic,no,no,<5,5-12,<7.5,Normal,Fallot,no,0-3_days,no,None,Complete,Normal,Low,no
2017,no,Unequal,Severe,Normal,Oligaemic,no,no,<5,5-12,<7.5,Oligaemic,Fallot,no,4-10_days,no,None,Complete,Normal,Low,no
2018,no,Equal,Moderate,Normal,Normal,no,no,<5,<5,<7.5,Plethoric,Fallot,no,4-10_days,no,Lt_to_Rt,Complete,Normal,Low,no
2019,no,Equal,Severe,Normal,Plethoric,no,no,5-12,5-12,<7.5,Normal,TGA,no,0-3_days,no,None,Transp.,Normal,High,no
2020,yes,Equal,Mild,Normal,Oligaemic,no,yes,5-12,5-12,<7.5,Normal,PAIVS,no,0-3_days,yes,Lt_to_Rt,Complete,Normal,Low,no
2021,yes,Equal,Moderate,Normal,Plethoric,no,no,<5,5-12,<7.5,Plethoric,Lung,no,0-3_days,no,Rt_to_Lt,None,Congested,Normal,yes
2022,no,Equal,Moderate,Normal,Oligaemic,no,yes,<5,<5,<7.5,Oligaemic,PAIVS,no,0-3_days,yes,Lt_to_Rt,Complete,Normal,Low,no
2023,no,Equal,Severe,Normal,Asy/Patch,no,yes,5-12,5-12,>=7.5,Plethoric,PAIVS,no,0-3_days,yes,Lt_to_Rt,Complete,Abnormal,Low,no
2024,no,Equal,Moderate,High,Normal,no,yes,5-12,5-12,>=7.5,Normal,PAIVS,no,0-3_days,yes,Lt_to_Rt,Complete,Normal,Low,no
2025,no,Equal,Moderate,High,Plethoric,no,no,5-12,5-12,>=7.5,Plethoric,TGA,no,0-3_days,no,None,Transp.,Normal,High,no
2026,no,Equal,Moderate,Normal,Grd_Glass,yes,no,5-12,<5,<7.5,Grd_Glass,TAPVD,no,0-3_days,no,None,Complete,Abnormal,High,yes
2027,no,Equal,Severe,Normal,Oligaemic,yes,yes,<5,5-12,<7.5,Oligaemic,TGA,yes,0-3_days,yes,Lt_to_Rt,Transp.,Abnormal,High,yes
2028,no,Equal,Severe,Normal,Oligaemic,no,no,5-12,5-12,<7.5,Oligaemic,Fallot,no,0-3_days,no,Lt_to_Rt,Complete,Normal,Low,no
2029,no,Equal,Moderate,Normal,Oligaemic,no,yes,5-12,5-12,<7.5,Asy/Patchy,PAIVS,no,0-3_days,yes,Lt_to_Rt,Complete,Normal,Low,no
2030,no,Equal,Moderate,Normal,Grd_Glass,no,no,<5,<5,<7.5,Grd_Glass,Fallot,no,4-10_days,no,Lt_to_Rt,Mild,Congested,Low,no
2031,yes,Equal,Moderate,Normal,Oligaemic,no,no,5-12,5-12,<7.5,Oligaemic,Fallot,no,4-10_days,no,None,Complete,Normal,Low,no
2032,no,Equal,Moderate,Normal,Oligaemic,no,no,<5,5-12,<7.5,Oligaemic,Fallot,no,4-10_days,no,Lt_to_Rt,Complete,Normal,Low,no
2033,no,Equal,Severe,Low,Oligaemic,no,no,5-12,<5,>=7.5,Oligaemic,Fallot,no,0-3_days,no,Lt_to_Rt,Complete,Normal,Low,no
2034,no,Equal,Moderate,Normal,Normal,no,no,<5,5-12,<7.5,Normal,TGA,no,0-3_days,no,None,Transp.,Normal,Normal,no
2035,no,Equal,Moderate,High,Normal,no,no,5-12,<5,>=7.5,Oligaemic,TGA,no,0-3_days,no,Rt_to_Lt,Mild,Normal,High,yes
2036,no,Equal,Moderate,Normal,Oligaemic,yes,no,<5,5-12,<7.5,Oligaemic,Fallot,yes,11-30_days,no,Lt_to_Rt,Complete,Normal,Low,no
2037,no,Equal,Moderate,High,Normal,no,no,<5,5-12,>=7.5,Normal,TGA,no,0-3_days,no,None,Complete,Abnormal,High,yes
2038,no,Equal,Severe,Normal,Plethoric,no,yes,<5,5-12,<7.5,Plethoric,TGA,no,0-3_days,yes,None,Transp.,Normal,High,no
2039,no,Equal,Moderate,Normal,Oligaemic,no,yes,5-12,5-12,<7.5,Oligaemic,PAIVS,yes,0-3_days,yes,Lt_to_Rt,Complete,Normal,Low,yes
2040,yes,Unequal,Moderate,Normal,Asy/Patch,no,no,<5,5-12,<7.5,Asy/Patchy,Fallot,no,11-30_days,no,Lt_to_Rt,Complete,Abnormal,Low,no
2041,no,Equal,Moderate,High,Asy/Patch,yes,no,12+,5-12,>=7.5,Grd_Glass,Lung,yes,0-3_days,no,None,Mild,Abnormal,Normal,yes
2042,yes,Equal,Moderate,Normal,Normal,no,no,<5,5-12,<7.5,Normal,PAIVS,no,0-3_days,yes,Lt_to_Rt,Complete,Normal,Normal,no
2043,no,Equal,Severe,Normal,Oligaemic,no,no,<5,<5,<7.5,Asy/Patchy,PAIVS,no,4-10_days,no,Lt_to_Rt,Complete,Normal,Low,no
2044,no,Equal,Moderate,Normal,Normal,yes,yes,5-12,<5,<7.5,Normal,Fallot,yes,4-10_days,yes,Lt_to_Rt,Complete,Abnormal,Normal,yes
2045,no,Equal,Severe,Low,Plethoric,no,no,5-12,5-12,<7.5,Plethoric,TGA,no,0-3_days,no,None,Transp.,Normal,High,no
2046,no,Equal,Severe,Normal,Grd_Glass,no,no,<5,5-12,<7.5,Grd_Glass,TGA,no,11-30_days,no,None,Transp.,Normal,High,yes
2047,no,Equal,Moderate,Normal,Oligaemic,no,yes,5-12,<5,<7.5,Oligaemic,Fallot,no,4-10_days,yes,Lt_to_Rt,Complete,Normal,Low,no
2048,no,Unequal,Mild,High,Asy/Patch,yes,no,12+,5-12,>=7.5,Asy/Patchy,Lung,yes,0-3_days,no,Rt_to_Lt,None,Abnormal,Normal,yes
2049,no,Equal,Severe,Normal,Normal,no,no,12+,5-12,<7.5,Normal,Fallot,no,11-30_days,no,Lt_to_Rt,Complete,Normal,Normal,no
2050,no,Equal,Severe,High,Normal,yes,no,<5,<5,>=7.5,Normal,TGA,yes,4-10_days,no,None,Transp.,Abnormal,High,yes
2051,no,Equal,Moderate,Low,Plethoric,no,yes,<5,<5,<7.5,Grd_Glass,PAIVS,no,0-3_days,yes,Lt_to_Rt,Complete,Normal,High,yes
2052,yes,Equal,Mild,Normal,Oligaemic,no,no,12+,12+,<7.5,Oligaemic,Fallot,no,11-30_days,no,Lt_to_Rt,Complete,Normal,Low,no
2053,no,Equal,Severe,High,Normal,yes,yes,<5,<5,>=7.5,Grd_Glass,PAIVS,yes,0-3_days,yes,Lt_to_Rt,Complete,Abnormal,Normal,no
2054,no,Equal,Moderate,Normal,Plethoric,no,yes,5-12,5-12,<7.5,Plethoric,TGA,no,4-10_days,no,None,Transp.,Normal,High,no
2055,no,Unequal,Mild,Normal,Normal,no,no,5-12,<5,<7.5,Normal,PFC,no,0-3_days,no,Rt_to_Lt,None,Normal,Normal,no
2056,no,Equal,Moderate,Normal,Oligaemic,no,no,<5,12+,<7.5,Oligaemic,Fallot,no,11-30_days,no,Lt_to_Rt,Complete,Normal,Low,no
2057,no,Equal,Severe,High,Asy/Patch,yes,yes,5-12,5-12,>=7.5,Asy/Patchy,PAIVS,yes,0-3_days,yes,Lt_to_Rt,Complete,Abnormal,Low,yes
2058,no,Equal,Severe,Normal,Grd_Glass,no,no,<5,<5,<7.5,Normal,TGA,yes,4-10_days,no,None,Transp.,Normal,High,no
2059,no,Equal,Severe,Normal,Plethoric,yes,no,5-12,<5,<7.5,Normal,TGA,yes,0-3_days,yes,None,Complete,Congested,Normal,no
2060,no,Equal,Mild,Normal,Plethoric,no,yes,5-12,12+,<7.5,Plethoric,PAIVS,no,0-3_days,yes,Lt_to_Rt,Complete,Normal,Low,no
2061,no,Equal,Severe,High,Plethoric,no,yes,5-12,<5,>=7.5,Plethoric,TGA,yes,0-3_days,no,None,Transp.,Normal,High,yes
2062,no,Equal,Moderate,Normal,Oligaemic,no,no,<5,5-12,<7.5,Asy/Patchy,Fallot,yes,11-30_days,no,Lt_to_Rt,Complete,Normal,Low,no
2063,no,Equal,Moderate,Normal,Plethoric,no,no,12+,<5,<7.5,Plethoric,TGA,no,0-3_days,no,None,Transp.,Normal,High,no
2064,yes,Equal,Moderate,Normal,Oligaemic,no,no,<5,<5,<7.5,Oligaemic,PFC,no,0-3_days,no,Rt_to_Lt,Mild,Normal,Low,yes
2065,yes,Equal,Severe,Normal,Normal,no,no,5-12,<5,<7.5,Normal,PFC,no,0-3_days,no,Rt_to_Lt,Mild,Normal,Normal,no
2066,no,Equal,Moderate,Normal,Oligaemic,no,no,5-12,5-12,<7.5,Oligaemic,PAIVS,no,0-3_days,yes,Lt_to_Rt,Complete,Normal,Low,yes
2067,no,Equal,Severe,Normal,Normal,yes,no,12+,<5,<7.5,Normal,TGA,yes,11-30_days,no,None,Transp.,Normal,Normal,yes
2068,no,Equal,Moderate,Normal,Oligaemic,no,yes,<5,<5,<7.5,Plethoric,PAIVS,no,0-3_days,yes,Lt_to_Rt,Complete,Normal,Low,no
2069,no,Unequal,Severe,Normal,Plethoric,no,no,<5,<5,<7.5,Plethoric,TGA,no,0-3_days,yes,Rt_to_Lt,Transp.,Normal,High,no
2070,no,Equal,Severe,Normal,Oligaemic,no,no,<5,<5,<7.5,Normal,TGA,no,0-3_days,no,None,Transp.,Normal,Normal,no
2071,no,Equal,Severe,Normal,Normal,no,no,5-12,5-12,<7.5,Oligaemic,TGA,no,0-3_days,no,None,Transp.,Normal,High,no
2072,no,Equal,Severe,High,Grd_Glass,no,no,<5,5-12,>=7.5,Grd_Glass,TGA,no,0-3_days,no,Lt_to_Rt,Transp.,Congested,Normal,yes
2073,yes,Equal,Moderate,Normal,Oligaemic,no,no,5-12,5-12,<7.5,Oligaemic,Fallot,no,0-3_days,no,None,Complete,Normal,Low,no
2074,no,Equal,Severe,Normal,Plethoric,yes,no,5-12,5-12,<7.5,Plethoric,TGA,yes,0-3_days,no,None,Transp.,Normal,High,no
2075,no,Unequal,Severe,Normal,Normal,no,no,<5,<5,<7.5,Plethoric,TGA,no,0-3_days,no,None,Transp.,Normal,High,no
2076,no,Equal,Severe,Normal,Plethoric,yes,no,<5,5-12,>=7.5,Plethoric,TGA,no,11-30_days,no,None,Transp.,Normal,High,yes
2077,no,Equal,Moderate,Normal,Oligaemic,no,no,5-12,5-12,<7.5,Oligaemic,Fallot,yes,0-3_days,no,Lt_to_Rt,Mild,Normal,Low,yes
2078,no,Equal,Moderate,Normal,Normal,no,yes,5-12,5-12,<7.5,Normal,PAIVS,no,0-3_days,yes,Lt_to_Rt,Complete,Normal,Low,yes
2079,no,Equal,Moderate,Normal,Plethoric,no,no,5-12,5-12,<7.5,Plethoric,TGA,no,0-3_days,no,None,Transp.,Normal,High,no
2080,no,Equal,Moderate,Normal,Oligaemic,no,yes,<5,<5,>=7.5,Oligaemic,PAIVS,no,0-3_days,yes,Lt_to_Rt,Complete,Normal,Low,no
2081,no,Equal,Moderate,Normal,Plethoric,no,no,5-12,5-12,<7.5,Normal,TGA,no,0-3_days,no,None,Transp.,Normal,High,yes
2082,no,Equal,Severe,Normal,Normal,no,no,5-12,<5,<7.5,Normal,TGA,no,0-3_days,no,None,Transp.,Normal,Normal,no
2083,no,Equal,Moderate,Normal,Oligaemic,no,no,5-12,5-12,<7.5,Oligaemic,Fallot,no,11-30_days,no,Lt_to_Rt,Mild,Normal,Low,no
2084,no,Equal,Severe,High,Oligaemic,no,no,5-12,5-12,>=7.5,Plethoric,TGA,no,11-30_days,no,None,Transp.,Abnormal,High,yes
2085,no,Equal,Severe,Normal,Normal,no,no,5-12,<5,<7.5,Normal,TGA,no,0-3_days,no,None,Transp.,Normal,Normal,no
2086,no,Equal,Severe,Normal,Oligaemic,yes,no,<5,5-12,<7.5,Oligaemic,PAIVS,yes,0-3_days,yes,Lt_to_Rt,Complete,Normal,Low,yes
2087,no,Equal,Moderate,Normal,Oligaemic,yes,yes,12+,<5,<7.5,Oligaemic,PAIVS,yes,0-3_days,yes,Lt_to_Rt,Complete,Normal,Low,no
2088,no,Unequal,Moderate,High,Asy/Patch,no,no,5-12,5-12,>=7.5,Asy/Patchy,Lung,no,0-3_days,no,Rt_to_Lt,Mild,Abnormal,Normal,yes
2089,no,Equal,Severe,Normal,Normal,no,yes,<5,5-12,<7.5,Asy/Patchy,TGA,no,0-3_days,no,None,Transp.,Normal,Normal,no
2090,no,Equal,Severe,High,Normal,no,no,<5,5-12,>=7.5,Normal,TGA,no,0-3_days,no,None,Transp.,Normal,Normal,no
2091,no,Equal,Severe,Normal,Oligaemic,no,no,5-12,5-12,<7.5,Oligaemic,TGA,yes,11-30_days,no,None,Complete,Normal,Low,no
2092,no,Equal,Severe,Normal,Grd_Glass,no,yes,5-12,<5,>=7.5,Asy/Patchy,TGA,no,0-3_days,yes,None,Transp.,Normal,High,no
2093,no,Equal,Moderate,High,Grd_Glass,yes,no,5-12,5-12,<7.5,Asy/Patchy,TAPVD,yes,0-3_days,no,None,Complete,Congested,Normal,yes
2094,no,Equal,Mild,Normal,Normal,yes,no,12+,<5,<7.5,Normal,Lung,no,0-3_days,no,Lt_to_Rt,None,Abnormal,High,no
2095,no,Equal,Severe,Normal,Plethoric,no,no,5-12,12+,<7.5,Plethoric,TGA,no,4-10_days,no,None,Transp.,Normal,High,yes
2096,no,Equal,Moderate,Normal,Asy/Patch,yes,no,5-12,<5,<7.5,Asy/Patchy,TGA,yes,11-30_days,no,None,Complete,Abnormal,Low,no
2097,no,Equal,Severe,Normal,Oligaemic,no,no,<5,<5,<7.5,Normal,Fallot,no,4-10_days,yes,Lt_to_Rt,Transp.,Normal,Low,no
2098,no,Equal,Moderate,Normal,Plethoric,no,yes,5-12,<5,>=7.5,Grd_Glass,PAIVS,no,0-3_days,yes,Lt_to_Rt,Complete,Normal,Low,yes
2099,no,Equal,Moderate,Normal,Normal,no,no,5-12,<5,<7.5,Normal,Fallot,no,4-10_days,no,Lt_to_Rt,Complete,Normal,Normal,no
2100,no,Equal,Severe,Normal,Normal,no,no,5-12,<5,<7.5,Normal,TGA,no,0-3_days,no,None,Transp.,Normal,High,yes
2101,no,Equal,Severe,High,Plethoric,no,no,<5,<5,>=7.5,Plethoric,TGA,no,0-3_days,no,None,Transp.,Normal,High,no
2102,no,Equal,Moderate,High,Oligaemic,no,no,<5,5-12,>=7.5,Oligaemic,Fallot,no,4-10_days,no,Lt_to_Rt,Complete,Congested,Low,no
2103,no,Equal,Moderate,Normal,Asy/Patch,no,yes,5-12,5-12,>=7.5,Asy/Patchy,Fallot,yes,4-10_days,no,Lt_to_Rt,Mild,Abnormal,Low,yes
2104,no,Unequal,Severe,Normal,Oligaemic,no,yes,<5,<5,>=7.5,Normal,PAIVS,no,0-3_days,yes,Lt_to_Rt,Complete,Normal,Low,no
2105,no,Equal,Severe,High,Oligaemic,no,no,5-12,5-12,>=7.5,Oligaemic,TGA,no,0-3_days,no,None,Transp.,Normal,Low,no
2106,no,Equal,Mild,Normal,Normal,yes,yes,12+,<5,>=7.5,Normal,TGA,no,0-3_days,yes,None,Transp.,Normal,High,yes
2107,no,Equal,Moderate,Normal,Normal,yes,no,<5,<5,<7.5,Normal,Fallot,yes,0-3_days,no,Lt_to_Rt,Complete,Normal,Low,no
2108,no,Equal,Moderate,Normal,Normal,no,yes,<5,<5,<7.5,Normal,TGA,no,4-10_days,no,None,Mild,Normal,High,yes
2109,no,Equal,Severe,High,Grd_Glass,yes,no,<5,<5,>=7.5,Normal,TGA,yes,0-3_days,no,None,Transp.,Abnormal,High,yes
2110,no,Equal,Severe,Normal,Plethoric,no,yes,5-12,12+,<7.5,Plethoric,TGA,no,0-3_days,yes,None,Transp.,Normal,High,no
2111,no,Equal,Moderate,High,Oligaemic,yes,no,5-12,5-12,>=7.5,Oligaemic,TGA,yes,0-3_days,no,None,Mild,Abnormal,High,no
2112,yes,Unequal,Moderate,Normal,Normal,no,yes,5-12,<5,<7.5,Normal,PFC,yes,0-3_days,yes,Rt_to_Lt,Mild,Normal,Normal,no
2113,yes,Equal,Moderate,High,Asy/Patch,yes,no,<5,5-12,>=7.5,Asy/Patchy,Lung,yes,0-3_days,no,Lt_to_Rt,Mild,Abnormal,Normal,yes
2114,no,Equal,Moderate,Normal,Normal,no,yes,<5,12+,<7.5,Normal,Fallot,no,11-30_days,no,Lt_to_Rt,Complete,Normal,Low,yes
2115,no,Equal,Moderate,Normal,Oligaemic,no,no,5-12,5-12,<7.5,Oligaemic,Fallot,no,11-30_days,no,Lt_to_Rt,Mild,Normal,Low,no
2116,no,Equal,Severe,High,Plethoric,no,no,<5,5-12,>=7.5,Plethoric,TGA,no,0-3_days,no,None,Transp.,Normal,High,no
2117,no,Equal,Severe,Normal,Plethoric,no,no,<5,<5,<7.5,Plethoric,TGA,no,0-3_days,no,Rt_to_Lt,Transp.,Normal,High,no
2118,no,Equal,Severe,High,Normal,no,yes,5-12,5-12,<7.5,Normal,TGA,no,0-3_days,yes,None,Transp.,Normal,Normal,yes
2119,no,Equal,Moderate,Low,Oligaemic,no,no,12+,5-12,>=7.5,Oligaemic,Fallot,no,4-10_days,yes,Lt_to_Rt,Mild,Normal,Low,no
2120,no,Equal,Severe,High,Oligaemic,no,yes,12+,<5,>=7.5,Oligaemic,PAIVS,no,0-3_days,yes,Lt_to_Rt,Complete,Normal,Low,yes
2121,no,Equal,Moderate,Normal,Oligaemic,no,yes,5-12,5-12,<7.5,Oligaemic,Fallot,no,11-30_days,yes,Lt_to_Rt,Complete,Normal,Low,no
2122,no,Equal,Moderate,Normal,Normal,no,no,5-12,5-12,<7.5,Normal,Fallot,no,4-10_days,no,None,Mild,Normal,Normal,no
2123,no,Equal,Severe,Normal,Normal,no,no,5-12,5-12,<7.5,Normal,TGA,no,0-3_days,no,None,Transp.,Normal,High,no
2124,no,Equal,Moderate,Normal,Oligaemic,no,yes,5-12,<5,>=7.5,Asy/Patchy,PAIVS,no,0-3_days,yes,Lt_to_Rt,Complete,Normal,Low,no
2125,no,Equal,Moderate,High,Normal,no,no,5-12,<5,>=7.5,Normal,TGA,no,0-3_days,no,None,Transp.,Normal,Normal,yes
2126,no,Unequal,Severe,Normal,Plethoric,no,no,<5,<5,>=7.5,Plethoric,TGA,no,0-3_days,no,Rt_to_Lt,Transp.,Normal,High,yes
2127,no,Equal,Moderate,High,Oligaemic,no,no,5-12,5-12,>=7.5,Oligaemic,PAIVS,no,4-10_days,no,Lt_to_Rt,Complete,Normal,Low,no
2128,no,Equal,Mild,Normal,Grd_Glass,no,no,12+,12+,<7.5,Grd_Glass,TAPVD,no,0-3_days,no,None,Complete,Abnormal,High,no
2129,no,Equal,Mild,Normal,Oligaemic,no,yes,12+,12+,<7.5,Oligaemic,PAIVS,no,0-3_days,yes,Lt_to_Rt,Complete,Normal,Low,no
2130,yes,Equal,Mild,Normal,Plethoric,no,no,12+,5-12,<7.5,Asy/Patchy,TGA,no,0-3_days,no,None,None,Normal,High,no
2131,no,Equal,Moderate,Low,Oligaemic,no,yes,<5,5-12,<7.5,Oligaemic,Fallot,yes,4-10_days,yes,Lt_to_Rt,Complete,Normal,Low,no
2132,no,Equal,Mild,Normal,Asy/Patch,yes,no,5-12,12+,<7.5,Asy/Patchy,PAIVS,no,0-3_days,yes,Lt_to_Rt,Complete,Normal,Low,yes
2133,no,Equal,Moderate,Normal,Plethoric,no,yes,5-12,<5,<7.5,Plethoric,TGA,no,0-3_days,no,None,Complete,Normal,High,yes
2134,no,Equal,Severe,Normal,Normal,no,no,<5,<5,<7.5,Normal,Fallot,no,11-30_days,no,Lt_to_Rt,Complete,Normal,Normal,no
2135,no,Unequal,Moderate,High,Asy/Patch,yes,no,<5,5-12,>=7.5,Asy/Patchy,Lung,yes,0-3_days,no,Rt_to_Lt,Mild,Abnormal,Normal,no
2136,no,Unequal,Moderate,Normal,Normal,no,no,<5,5-12,<7.5,Normal,Lung,yes,0-3_days,no,Rt_to_Lt,Mild,Normal,Normal,yes
2137,no,Equal,Severe,Normal,Asy/Patch,no,yes,<5,<5,<7.5,Grd_Glass,PAIVS,no,0-3_days,yes,Lt_to_Rt,Complete,Abnormal,Normal,no
2138,yes,Equal,Moderate,Normal,Asy/Patch,no,no,5-12,<5,<7.5,Asy/Patchy,TAPVD,no,0-3_days,no,Rt_to_Lt,Complete,Congested,Low,yes
2139,no,Equal,Moderate,Normal,Oligaemic,no,no,<5,5-12,<7.5,Oligaemic,Fallot,yes,0-3_days,no,None,Complete,Normal,Low,no
2140,no,Equal,Moderate,Normal,Oligaemic,no,no,5-12,<5,<7.5,Oligaemic,PAIVS,no,0-3_days,yes,Lt_to_Rt,Complete,Normal,Low,no
2141,no,Equal,Severe,Normal,Normal,yes,no,5-12,<5,<7.5,Normal,TGA,yes,0-3_days,no,None,Transp.,Normal,Normal,no
2142,no,Equal,Moderate,High,Normal,no,yes,5-12,12+,<7.5,Plethoric,PFC,no,0-3_days,yes,Lt_to_Rt,Mild,Normal,Low,yes
2143,no,Unequal,Moderate,Normal,Oligaemic,yes,yes,5-12,<5,<7.5,Oligaemic,PAIVS,yes,0-3_days,yes,Lt_to_Rt,Complete,Normal,Low,yes
2144,no,Equal,Moderate,High,Plethoric,no,yes,<5,5-12,>=7.5,Plethoric,TGA,no,0-3_days,yes,None,Complete,Normal,High,no
2145,no,Equal,Moderate,Normal,Plethoric,no,no,5-12,<5,<7.5,Plethoric,TGA,no,4-10_days,no,None,Transp.,Normal,High,yes
2146,no,Equal,Moderate,Normal,Normal,no,no,5-12,5-12,<7.5,Normal,TGA,no,0-3_days,no,None,Transp.,Normal,Normal,yes
2147,no,Equal,Mild,Normal,Plethoric,no,no,<5,12+,>=7.5,Plethoric,TGA,no,0-3_days,no,Lt_to_Rt,Transp.,Normal,High,no
2148,no,Equal,Severe,Normal,Oligaemic,no,yes,5-12,<5,<7.5,Oligaemic,PAIVS,no,0-3_days,yes,Lt_to_Rt,Complete,Normal,Low,no
2149,no,Equal,Moderate,Normal,Normal,no,no,5-12,5-12,<7.5,Normal,Fallot,no,11-30_days,no,Lt_to_Rt,Complete,Normal,Low,no
2150,no,Equal,Moderate,Normal,Oligaemic,no,yes,5-12,5-12,<7.5,Oligaemic,PAIVS,no,4-10_days,yes,Lt_to_Rt,Complete,Normal,Low,yes
2151,no,Equal,Moderate,Normal,Plethoric,no,no,5-12,5-12,>=7.5,Plethoric,TGA,no,4-10_days,no,None,Complete,Normal,High,yes
2152,no,Equal,Moderate,Normal,Plethoric,no,no,<5,5-12,<7.5,Plethoric,TGA,no,0-3_days,no,None,Transp.,Normal,High,no
2153,no,Equal,Moderate,High,Normal,no,yes,5-12,5-12,>=7.5,Asy/Patchy,PAIVS,no,0-3_days,yes,Lt_to_Rt,Complete,Normal,Low,no
2154,no,Equal,Severe,High,Oligaemic,no,no,12+,<5,>=7.5,Oligaemic,PAIVS,no,0-3_days,yes,Lt_to_Rt,Complete,Normal,Low,yes
2155,no,Equal,Severe,Normal,Plethoric,no,no,<5,<5,<7.5,Asy/Patchy,TGA,no,0-3_days,no,None,Transp.,Normal,High,yes
2156,no,Equal,Severe,Normal,Oligaemic,no,no,5-12,<5,<7.5,Oligaemic,Fallot,no,4-10_days,no,Lt_to_Rt,Complete,Normal,Low,no
2157,no,Equal,Severe,Normal,Plethoric,yes,yes,<5,<5,<7.5,Normal,TGA,no,0-3_days,no,Lt_to_Rt,Transp.,Normal,High,yes
2158,no,Equal,Moderate,Low,Asy/Patch,no,yes,5-12,<5,<7.5,Asy/Patchy,Fallot,no,4-10_days,yes,Lt_to_Rt,Complete,Normal,Low,no
2159,no,Equal,Severe,High,Plethoric,no,no,12+,<5,<7.5,Plethoric,TAPVD,no,11-30_days,no,None,Complete,Congested,High,yes
2160,no,Equal,Moderate,Normal,Oligaemic,yes,no,5-12,12+,<7.5,Oligaemic,Fallot,no,11-30_days,no,None,Complete,Normal,Low,no
2161,no,Equal,Mild,Normal,Oligaemic,no,no,12+,12+,<7.5,Oligaemic,Fallot,no,11-30_days,no,Lt_to_Rt,Complete,Normal,Low,yes
2162,no,Equal,Mild,Normal,Plethoric,no,no,12+,12+,<7.5,Plethoric,TGA,no,4-10_days,no,None,None,Normal,High,no
2163,no,Unequal,Mild,Normal,Normal,yes,no,<5,12+,>=7.5,Normal,PFC,yes,0-3_days,no,Rt_to_Lt,None,Abnormal,Low,no
2164,no,Equal,Mild,Normal,Normal,yes,yes,5-12,12+,<7.5,Normal,TGA,no,0-3_days,yes,None,Transp.,Congested,High,no
2165,no,Unequal,Mild,High,Asy/Patch,no,no,<5,<5,>=7.5,Plethoric,Lung,yes,4-10_days,no,Rt_to_Lt,None,Abnormal,Normal,no
2166,no,Equal,Moderate,High,Grd_Glass,no,no,5-12,5-12,>=7.5,Grd_Glass,Lung,no,11-30_days,no,Rt_to_Lt,Mild,Congested,Normal,no
2167,no,Equal,Moderate,High,Normal,no,no,5-12,5-12,>=7.5,Asy/Patchy,Fallot,no,4-10_days,no,None,Complete,Normal,Normal,no
2168,no,Equal,Severe,Normal,Plethoric,no,no,12+,5-12,<7.5,Plethoric,TGA,no,0-3_days,no,None,Transp.,Normal,High,no
2169,yes,Equal,Severe,Normal,Oligaemic,no,no,<5,12+,>=7.5,Oligaemic,Fallot,no,0-3_days,no,Lt_to_Rt,Mild,Normal,Low,no
2170,no,Equal,Severe,High,Asy/Patch,yes,no,<5,<5,>=7.5,Asy/Patchy,Fallot,yes,4-10_days,no,None,Complete,Abnormal,Low,no
2171,no,Equal,Moderate,Normal,Oligaemic,no,yes,<5,5-12,<7.5,Oligaemic,PAIVS,no,0-3_days,yes,Lt_to_Rt,Complete,Normal,Low,no
2172,no,Equal,Moderate,Normal,Plethoric,no,no,5-12,5-12,<7.5,Plethoric,TGA,no,0-3_days,no,None,Mild,Normal,High,no
2173,no,Equal,Severe,Normal,Oligaemic,yes,no,5-12,<5,<7.5,Oligaemic,PAIVS,yes,0-3_days,yes,Lt_to_Rt,Complete,Normal,Low,yes
2174,no,Equal,Moderate,High,Oligaemic,no,yes,5-12,5-12,>=7.5,Oligaemic,PAIVS,no,4-10_days,yes,Lt_to_Rt,Complete,Normal,Low,no
2175,no,Equal,Moderate,High,Plethoric,no,yes,5-12,<5,>=7.5,Plethoric,TGA,no,11-30_days,yes,None,Mild,Normal,High,no
2176,no,Unequal,Moderate,High,Grd_Glass,yes,no,5-12,5-12,>=7.5,Grd_Glass,Lung,yes,0-3_days,no,Rt_to_Lt,Mild,Congested,Normal,yes
2177,no,Equal,Moderate,Normal,Normal,no,yes,5-12,5-12,<7.5,Normal,PAIVS,no,0-3_days,yes,Lt_to_Rt,Complete,Normal,Low,yes
2178,no,Equal,Mild,Normal,Grd_Glass,yes,no,12+,12+,<7.5,Oligaemic,TGA,yes,0-3_days,no,None,Complete,Abnormal,High,no
2179,no,Equal,Severe,Normal,Oligaemic,no,yes,5-12,<5,<7.5,Asy/Patchy,TGA,no,4-10_days,yes,None,Transp.,Normal,Low,no
2180,no,Unequal,Moderate,Normal,Oligaemic,no,yes,5-12,5-12,<7.5,Oligaemic,PAIVS,yes,0-3_days,yes,Lt_to_Rt,Complete,Normal,Low,no
2181,no,Equal,Moderate,Normal,Oligaemic,no,yes,5-12,5-12,<7.5,Oligaemic,Fallot,no,11-30_days,yes,Lt_to_Rt,Mild,Normal,Low,no
2182,no,Equal,Moderate,Normal,Oligaemic,yes,yes,5-12,5-12,<7.5,Normal,PAIVS,yes,0-3_days,yes,Lt_to_Rt,Complete,Normal,Low,no
2183,no,Equal,Moderate,Normal,Plethoric,no,yes,5-12,<5,<7.5,Plethoric,PAIVS,no,0-3_days,yes,Lt_to_Rt,Mild,Normal,Low,no
2184,no,Equal,Severe,Normal,Plethoric,no,no,<5,<5,<7.5,Plethoric,TGA,no,11-30_days,no,None,Complete,Normal,High,yes
2185,no,Equal,Moderate,Low,Oligaemic,no,yes,5-12,<5,<7.5,Oligaemic,Fallot,no,0-3_days,yes,Lt_to_Rt,Complete,Normal,Low,no
2186,no,Equal,Moderate,Normal,Normal,no,yes,5-12,5-12,>=7.5,Asy/Patchy,PAIVS,no,0-3_days,yes,Lt_to_Rt,Complete,Normal,Normal,no
2187,no,Equal,Mild,Normal,Oligaemic,no,no,12+,12+,<7.5,Oligaemic,Fallot,no,0-3_days,no,Lt_to_Rt,Complete,Normal,Low,yes
2188,no,Equal,Moderate,High,Normal,no,yes,5-12,5-12,>=7.5,Normal,PAIVS,no,0-3_days,yes,Lt_to_Rt,Complete,Normal,Low,no
2189,no,Equal,Moderate,Normal,Oligaemic,no,no,<5,5-12,<7.5,Oligaemic,Fallot,no,0-3_days,no,Lt_to_Rt,Complete,Normal,Low,no
2190,yes,Equal,Severe,Low,Oligaemic,yes,no,5-12,5-12,<7.5,Oligaemic,TGA,no,0-3_days,no,None,Transp.,Abnormal,High,no
2191,no,Equal,Moderate,Normal,Oligaemic,no,yes,<5,<5,<7.5,Oligaemic,PAIVS,no,0-3_days,yes,Lt_to_Rt,Complete,Normal,Low,no
2192,no,Equal,Moderate,Normal,Oligaemic,no,no,12+,5-12,<7.5,Oligaemic,Fallot,no,11-30_days,no,Lt_to_Rt,Complete,Normal,Low,no
2193,yes,Equal,Severe,Normal,Normal,no,no,5-12,<5,<7.5,Normal,TGA,no,4-10_days,no,None,Mild,Normal,High,no
2194,no,Equal,Moderate,Normal,Grd_Glass,yes,no,5-12,5-12,<7.5,Normal,TAPVD,yes,4-10_days,no,None,Complete,Congested,Normal,yes
2195,no,Equal,Severe,Normal,Plethoric,no,no,5-12,12+,<7.5,Plethoric,TGA,no,0-3_days,no,None,Transp.,Congested,High,no
2196,no,Equal,Moderate,Normal,Asy/Patch,no,no,5-12,5-12,<7.5,Asy/Patchy,Fallot,no,11-30_days,no,None,Complete,Abnormal,Low,no
2197,yes,Equal,Severe,Normal,Plethoric,no,no,<5,12+,<7.5,Grd_Glass,TGA,no,0-3_days,no,None,Transp.,Normal,High,no
2198,no,Equal,Mild,High,Oligaemic,no,no,12+,12+,>=7.5,Oligaemic,Fallot,no,11-30_days,no,Lt_to_Rt,Mild,Normal,Low,no
2199,no,Equal,Moderate,Normal,Grd_Glass,no,no,12+,<5,<7.5,Normal,Fallot,yes,0-3_days,no,None,Complete,Congested,Low,no
2200,no,Equal,Moderate,Normal,Oligaemic,no,yes,5-12,5-12,<7.5,Normal,PAIVS,no,4-10_days,yes,Lt_to_Rt,Complete,Normal,Low,no
2201,no,Equal,Moderate,Normal,Oligaemic,no,yes,12+,5-12,<7.5,Normal,PAIVS,yes,0-3_days,yes,Lt_to_Rt,Complete,Normal,Low,no
2202,no,Equal,Severe,Normal,Plethoric,no,no,5-12,5-12,<7.5,Plethoric,TGA,no,0-3_days,no,None,Transp.,Normal,High,yes
2203,no,Equal,Severe,Normal,Plethoric,no,no,5-12,<5,<7.5,Plethoric,TGA,yes,0-3_days,no,None,Transp.,Normal,High,no
2204,no,Equal,Severe,Normal,Normal,yes,no,5-12,5-12,<7.5,Normal,TGA,yes,0-3_days,no,None,Transp.,Normal,Normal,yes
2205,no,Equal,Severe,Normal,Grd_Glass,yes,no,5-12,5-12,<7.5,Grd_Glass,TAPVD,no,0-3_days,no,Rt_to_Lt,Complete,Congested,High,yes
2206,no,Equal,Moderate,High,Asy/Patch,no,yes,5-12,5-12,>=7.5,Normal,Fallot,no,4-10_days,yes,None,Complete,Abnormal,Low,no
2207,no,Unequal,Moderate,Normal,Grd_Glass,no,no,5-12,5-12,<7.5,Plethoric,Lung,no,0-3_days,no,Rt_to_Lt,Mild,Congested,Normal,yes
2208,no,Equal,Moderate,Normal,Asy/Patch,yes,no,5-12,5-12,<7.5,Asy/Patchy,Lung,yes,0-3_days,no,Lt_to_Rt,None,Abnormal,Normal,yes
2209,yes,Unequal,Moderate,High,Oligaemic,no,no,5-12,5-12,>=7.5,Oligaemic,Fallot,no,11-30_days,no,Lt_to_Rt,Complete,Normal,Low,no
2210,no,Equal,Moderate,Normal,Normal,no,yes,5-12,5-12,<7.5,Normal,PAIVS,no,0-3_days,yes,Lt_to_Rt,Complete,Normal,Low,yes
2211,no,Equal,Moderate,Normal,Oligaemic,no,yes,5-12,5-12,<7.5,Asy/Patchy,PAIVS,no,0-3_days,yes,Lt_to_Rt,Complete,Normal,Low,no
2212,no,Equal,Moderate,Normal,Normal,no,yes,5-12,5-12,<7.5,Oligaemic,PAIVS,no,4-10_days,yes,Lt_to_Rt,Complete,Normal,Low,yes
2213,no,Equal,Moderate,Normal,Normal,no,yes,5-12,5-12,<7.5,Grd_Glass,PAIVS,no,0-3_days,yes,Lt_to_Rt,Complete,Normal,Normal,no
2214,no,Equal,Moderate,Low,Grd_Glass,yes,yes,5-12,<5,<7.5,Asy/Patchy,PAIVS,yes,4-10_days,yes,Lt_to_Rt,Complete,Abnormal,Low,yes
2215,no,Equal,Moderate,High,Oligaemic,yes,yes,5-12,5-12,>=7.5,Oligaemic,PAIVS,yes,4-10_days,yes,Lt_to_Rt,Mild,Abnormal,High,no
2216,no,Equal,Moderate,Normal,Oligaemic,yes,no,5-12,5-12,<7.5,Oligaemic,Fallot,yes,4-10_days,no,Lt_to_Rt,Mild,Normal,Low,no
2217,no,Equal,Moderate,Low,Asy/Patch,no,no,5-12,5-12,<7.5,Asy/Patchy,TGA,no,4-10_days,no,None,Complete,Normal,High,no
2218,no,Unequal,Severe,Normal,Oligaemic,no,no,12+,<5,<7.5,Oligaemic,Fallot,no,11-30_days,no,Lt_to_Rt,Complete,Normal,Low,no
2219,no,Equal,Moderate,Normal,Oligaemic,no,yes,5-12,<5,<7.5,Oligaemic,Fallot,no,11-30_days,yes,Lt_to_Rt,Mild,Normal,Low,no
2220,no,Equal,Severe,Normal,Normal,yes,no,<5,<5,<7.5,Normal,TGA,no,0-3_days,yes,None,Transp.,Normal,Normal,yes
2221,no,Equal,Mild,Normal,Oligaemic,no,yes,12+,12+,<7.5,Normal,PAIVS,no,0-3_days,yes,Lt_to_Rt,Complete,Normal,Low,yes
2222,no,Equal,Moderate,Normal,Oligaemic,no,no,5-12,<5,>=7.5,Oligaemic,Fallot,no,0-3_days,no,Lt_to_Rt,Mild,Normal,Low,yes
2223,no,Unequal,Severe,Normal,Plethoric,no,yes,<5,5-12,<7.5,Plethoric,TGA,no,4-10_days,yes,None,Transp.,Normal,High,no
2224,no,Equal,Severe,Normal,Oligaemic,no,no,5-12,5-12,<7.5,Oligaemic,Fallot,no,4-10_days,no,None,Complete,Normal,Low,no
2225,no,Equal,Moderate,Normal,Plethoric,no,no,5-12,5-12,<7.5,Normal,TGA,no,4-10_days,no,None,Mild,Normal,High,no
2226,no,Equal,Moderate,High,Normal,yes,yes,12+,12+,>=7.5,Normal,TGA,yes,4-10_days,no,None,Transp.,Abnormal,High,yes
2227,no,Equal,Moderate,Normal,Oligaemic,no,no,5-12,<5,<7.5,Oligaemic,Fallot,no,11-30_days,no,Lt_to_Rt,Complete,Normal,Low,no
2228,no,Equal,Mild,Normal,Normal,no,no,5-12,12+,<7.5,Normal,Fallot,no,0-3_days,no,Lt_to_Rt,Complete,Normal,Low,yes
2229,no,Equal,Mild,Normal,Normal,no,no,5-12,12+,<7.5,Asy/Patchy,Fallot,yes,0-3_days,no,Lt_to_Rt,Complete,Normal,Normal,no
2230,no,Equal,Moderate,Normal,Normal,no,yes,<5,12+,<7.5,Asy/Patchy,PAIVS,no,0-3_days,yes,Lt_to_Rt,Complete,Normal,Normal,yes
2231,no,Equal,Moderate,High,Grd_Glass,no,no,5-12,5-12,>=7.5,Grd_Glass,TAPVD,no,0-3_days,no,Lt_to_Rt,Complete,Congested,High,yes
2232,no,Equal,Mild,High,Oligaemic,no,yes,12+,12+,>=7.5,Oligaemic,PAIVS,no,11-30_days,yes,Lt_to_Rt,Complete,Normal,Low,no
2233,no,Equal,Mild,Normal,Normal,no,yes,5-12,<5,<7.5,Normal,PAIVS,no,4-10_days,yes,Lt_to_Rt,Complete,Normal,Low,yes
2234,no,Equal,Mild,Normal,Asy/Patch,yes,no,12+,5-12,<7.5,Plethoric,Lung,yes,4-10_days,no,None,None,Abnormal,Normal,yes
2235,no,Equal,Moderate,Normal,Oligaemic,no,yes,5-12,5-12,<7.5,Oligaemic,Fallot,no,0-3_days,yes,Lt_to_Rt,Complete,Normal,Low,no
2236,no,Equal,Severe,Normal,Asy/Patch,no,yes,<5,12+,<7.5,Asy/Patchy,PAIVS,no,0-3_days,yes,Lt_to_Rt,Transp.,Abnormal,High,no
2237,no,Equal,Severe,Normal,Normal,no,no,<5,<5,<7.5,Normal,TGA,no,0-3_days,no,None,Transp.,Normal,Normal,yes
2238,no,Equal,Severe,Normal,Plethoric,no,yes,<5,5-12,<7.5,Grd_Glass,TGA,yes,0-3_days,no,None,Transp.,Normal,High,yes
2239,no,Equal,Moderate,Normal,Oligaemic,no,yes,<5,5-12,<7.5,Oligaemic,PAIVS,no,0-3_days,yes,Lt_to_Rt,Complete,Congested,Low,no
2240,no,Unequal,Mild,High,Asy/Patch,no,no,5-12,12+,>=7.5,Oligaemic,PAIVS,no,0-3_days,no,Lt_to_Rt,Complete,Abnormal,Low,no
2241,no,Equal,Moderate,Normal,Oligaemic,no,yes,<5,<5,<7.5,Oligaemic,Fallot,no,0-3_days,no,Lt_to_Rt,Complete,Normal,Low,yes
2242,no,Equal,Severe,Normal,Asy/Patch,yes,no,5-12,5-12,<7.5,Asy/Patchy,PAIVS,yes,0-3_days,yes,Lt_to_Rt,Complete,Abnormal,Low,yes
2243,no,Unequal,Mild,High,Normal,no,no,<5,12+,>=7.5,Normal,PFC,no,0-3_days,no,Rt_to_Lt,None,Normal,Normal,no
2244,no,Equal,Severe,Normal,Plethoric,no,no,5-12,<5,<7.5,Plethoric,TGA,no,0-3_days,no,None,Transp.,Normal,High,no
2245,yes,Unequal,Severe,Normal,Plethoric,no,yes,<5,5-12,<7.5,Plethoric,Lung,yes,0-3_days,yes,Rt_to_Lt,Mild,Congested,High,yes
2246,no,Equal,Moderate,Normal,Normal,no,no,5-12,<5,<7.5,Oligaemic,TGA,no,4-10_days,no,Rt_to_Lt,Transp.,Normal,Normal,no
2247,no,Equal,Severe,Normal,Normal,no,no,5-12,5-12,<7.5,Oligaemic,TGA,no,0-3_days,no,None,Transp.,Normal,Normal,yes
2248,no,Equal,Moderate,High,Normal,no,no,5-12,12+,>=7.5,Normal,Fallot,no,11-30_days,no,Lt_to_Rt,Complete,Normal,Low,no
2249,no,Equal,Severe,Normal,Asy/Patch,no,no,5-12,5-12,<7.5,Asy/Patchy,Fallot,no,4-10_days,no,Lt_to_Rt,Complete,Normal,Normal,no
2250,no,Equal,Moderate,Normal,Oligaemic,no,no,5-12,5-12,<7.5,Normal,Fallot,no,0-3_days,no,Lt_to_Rt,Complete,Normal,Low,no
2251,no,Equal,Moderate,Normal,Asy/Patch,yes,no,<5,<5,<7.5,Asy/Patchy,Fallot,no,0-3_days,no,None,Complete,Abnormal,Low,no
2252,no,Equal,Severe,Normal,Oligaemic,yes,no,5-12,<5,>=7.5,Oligaemic,TGA,yes,0-3_days,no,None,Transp.,Abnormal,High,no
2253,no,Equal,Mild,Normal,Oligaemic,no,yes,12+,<5,<7.5,Oligaemic,PAIVS,no,0-3_days,yes,Lt_to_Rt,Complete,Normal,Low,no
2254,no,Equal,Severe,Normal,Grd_Glass,yes,yes,<5,<5,<7.5,Asy/Patchy,Fallot,yes,11-30_days,yes,Lt_to_Rt,Complete,Abnormal,Low,no
2255,no,Equal,Severe,Normal,Normal,no,no,<5,<5,<7.5,Normal,TGA,yes,11-30_days,no,None,Transp.,Normal,Normal,no
2256,no,Equal,Moderate,Normal,Oligaemic,no,no,<5,<5,<7.5,Oligaemic,PAIVS,no,0-3_days,no,Lt_to_Rt,Complete,Normal,Low,yes
2257,no,Equal,Severe,Normal,Plethoric,yes,no,<5,5-12,<7.5,Plethoric,TGA,yes,0-3_days,no,None,Transp.,Normal,High,no
2258,no,Equal,Mild,Normal,Oligaemic,no,no,12+,12+,<7.5,Asy/Patchy,Fallot,no,4-10_days,no,Lt_to_Rt,None,Normal,Low,no
2259,no,Equal,Moderate,Normal,Normal,no,yes,5-12,<5,<7.5,Normal,PAIVS,no,0-3_days,yes,Lt_to_Rt,Complete,Normal,Normal,no
2260,no,Equal,Moderate,Normal,Oligaemic,no,yes,5-12,5-12,<7.5,Oligaemic,PAIVS,no,0-3_days,yes,Lt_to_Rt,Complete,Normal,Low,no
2261,no,Equal,Moderate,High,Oligaemic,no,no,5-12,12+,>=7.5,Oligaemic,Fallot,no,4-10_days,no,Lt_to_Rt,Complete,Normal,Low,no
2262,no,Equal,Severe,Normal,Plethoric,no,no,<5,5-12,<7.5,Plethoric,TGA,no,4-10_days,no,Rt_to_Lt,Transp.,Normal,High,yes
2263,no,Equal,Moderate,Low,Oligaemic,no,no,5-12,5-12,<7.5,Asy/Patchy,Fallot,no,11-30_days,no,Lt_to_Rt,Complete,Normal,Low,no
2264,no,Equal,Mild,Low,Plethoric,no,no,12+,<5,<7.5,Plethoric,TAPVD,no,11-30_days,no,None,Complete,Normal,High,yes
2265,no,Equal,Severe,Normal,Normal,yes,yes,5-12,<5,<7.5,Normal,TGA,yes,0-3_days,yes,None,Transp.,Abnormal,High,yes
2266,no,Equal,Severe,Normal,Normal,no,yes,<5,5-12,<7.5,Normal,PAIVS,no,0-3_days,yes,Lt_to_Rt,Complete,Normal,Normal,no
2267,no,Equal,Moderate,Normal,Plethoric,no,no,5-12,5-12,>=7.5,Plethoric,TGA,no,0-3_days,no,None,Transp.,Normal,High,yes
2268,yes,Equal,Moderate,Low,Plethoric,no,no,<5,12+,<7.5,Grd_Glass,TGA,no,0-3_days,no,None,Complete,Normal,High,no
2269,no,Equal,Severe,Normal,Asy/Patch,no,no,5-12,<5,<7.5,Normal,Fallot,no,0-3_days,no,Lt_to_Rt,Complete,Normal,Low,yes
2270,no,Equal,Moderate,Normal,Normal,no,yes,5-12,5-12,>=7.5,Normal,PAIVS,yes,0-3_days,yes,Lt_to_Rt,Complete,Normal,Low,no
2271,no,Equal,Moderate,Normal,Normal,yes,no,5-12,<5,<7.5,Plethoric,TAPVD,no,4-10_days,no,Lt_to_Rt,Complete,Abnormal,High,yes
2272,no,Equal,Moderate,High,Normal,yes,no,<5,5-12,>=7.5,Normal,TAPVD,no,0-3_days,no,None,Complete,Abnormal,High,yes
2273,no,Equal,Moderate,High,Normal,no,yes,5-12,5-12,>=7.5,Normal,PAIVS,no,0-3_days,yes,Lt_to_Rt,Complete,Normal,Low,no
2274,no,Equal,Moderate,High,Oligaemic,yes,yes,5-12,5-12,>=7.5,Oligaemic,Lung,yes,0-3_days,yes,None,Mild,Abnormal,High,no
2275,no,Equal,Severe,Normal,Normal,yes,no,<5,5-12,<7.5,Normal,TGA,yes,0-3_days,no,None,Transp.,Normal,High,yes
2276,no,Equal,Severe,Normal,Plethoric,no,no,5-12,12+,<7.5,Plethoric,TGA,no,0-3_days,no,None,Mild,Normal,High,no
2277,no,Equal,Severe,Normal,Plethoric,no,yes,12+,<5,<7.5,Plethoric,TGA,yes,4-10_days,no,None,Transp.,Normal,High,no
2278,no,Equal,Severe,Low,Normal,no,no,<5,5-12,<7.5,Normal,TGA,no,0-3_days,no,Lt_to_Rt,Transp.,Normal,Normal,no
2279,no,Equal,Severe,Low,Normal,no,yes,<5,5-12,<7.5,Asy/Patchy,TGA,no,0-3_days,no,Lt_to_Rt,Transp.,Normal,Normal,no
2280,no,Equal,Severe,High,Asy/Patch,yes,yes,12+,<5,>=7.5,Asy/Patchy,PAIVS,yes,4-10_days,yes,Lt_to_Rt,Complete,Abnormal,Low,yes
2281,no,Equal,Moderate,Low,Asy/Patch,yes,no,5-12,<5,<7.5,Plethoric,Lung,no,0-3_days,no,None,Mild,Abnormal,Normal,yes
2282,no,Equal,Severe,High,Asy/Patch,no,no,5-12,12+,>=7.5,Asy/Patchy,Fallot,no,0-3_days,no,Lt_to_Rt,Complete,Abnormal,High,no
2283,no,Equal,Moderate,Normal,Asy/Patch,yes,no,5-12,5-12,<7.5,Normal,Fallot,no,0-3_days,no,Lt_to_Rt,Mild,Abnormal,Low,yes
2284,no,Equal,Severe,High,Asy/Patch,yes,yes,<5,5-12,>=7.5,Asy/Patchy,PAIVS,yes,0-3_days,yes,Lt_to_Rt,Complete,Abnormal,Low,no
2285,no,Equal,Severe,Normal,Plethoric,no,yes,5-12,5-12,<7.5,Plethoric,TGA,yes,11-30_days,no,None,Transp.,Normal,High,no
2286,no,Equal,Moderate,Normal,Normal,no,yes,5-12,<5,<7.5,Normal,PAIVS,no,0-3_days,yes,Lt_to_Rt,Complete,Normal,Normal,no
2287,no,Equal,Severe,Normal,Normal,no,no,5-12,5-12,<7.5,Normal,TGA,no,0-3_days,no,Lt_to_Rt,Transp.,Normal,Normal,no
2288,no,Equal,Severe,High,Normal,no,yes,5-12,<5,>=7.5,Asy/Patchy,TAPVD,no,4-10_days,yes,None,Complete,Congested,Normal,yes
2289,no,Equal,Mild,Normal,Normal,yes,no,<5,5-12,<7.5,Normal,Lung,yes,0-3_days,no,Lt_to_Rt,None,Abnormal,High,yes
2290,yes,Equal,Moderate,Normal,Oligaemic,yes,no,<5,12+,<7.5,Oligaemic,TGA,yes,0-3_days,no,None,Complete,Abnormal,High,no
2291,no,Equal,Severe,Normal,Plethoric,no,no,12+,<5,<7.5,Plethoric,TGA,no,0-3_days,no,None,Complete,Normal,High,yes
2292,no,Equal,Severe,Normal,Oligaemic,no,yes,5-12,5-12,<7.5,Oligaemic,PAIVS,no,0-3_days,yes,Lt_to_Rt,Complete,Normal,Low,yes
2293,no,Unequal,Moderate,Normal,Oligaemic,no,yes,5-12,5-12,<7.5,Oligaemic,PAIVS,no,0-3_days,yes,Lt_to_Rt,Complete,Normal,Low,no
2294,no,Equal,Moderate,Normal,Normal,no,no,5-12,5-12,<7.5,Plethoric,Fallot,no,4-10_days,no,Lt_to_Rt,Complete,Normal,Low,no
2295,no,Equal,Moderate,Normal,Oligaemic,no,yes,5-12,5-12,<7.5,Normal,Fallot,no,0-3_days,yes,Lt_to_Rt,Complete,Normal,Low,no
2296,no,Equal,Moderate,Normal,Oligaemic,no,yes,5-12,5-12,<7.5,Grd_Glass,Fallot,no,11-30_days,yes,Lt_to_Rt,Complete,Normal,Low,yes
2297,no,Equal,Severe,Low,Normal,no,no,5-12,<5,<7.5,Normal,TGA,no,0-3_days,no,None,Transp.,Normal,Normal,no
2298,no,Equal,Moderate,Normal,Oligaemic,no,yes,5-12,<5,<7.5,Oligaemic,Fallot,no,0-3_days,yes,None,Complete,Normal,Low,no
2299,no,Equal,Severe,Normal,Grd_Glass,no,no,<5,5-12,<7.5,Grd_Glass,TGA,no,0-3_days,no,None,Transp.,Congested,High,no
2300,no,Equal,Severe,Normal,Normal,no,yes,<5,<5,<7.5,Normal,PAIVS,yes,0-3_days,yes,Lt_to_Rt,Transp.,Normal,Normal,no
2301,no,Equal,Severe,Normal,Asy/Patch,yes,yes,5-12,<5,>=7.5,Normal,Fallot,yes,11-30_days,yes,Lt_to_Rt,Complete,Abnormal,Normal,no
2302,yes,Equal,Moderate,Normal,Oligaemic,no,no,5-12,5-12,<7.5,Oligaemic,Fallot,no,4-10_days,no,Lt_to_Rt,Complete,Normal,Low,no
2303,no,Unequal,Severe,Normal,Oligaemic,no,no,<5,<5,<7.5,Normal,TGA,no,0-3_days,no,None,Transp.,Normal,Normal,no
2304,no,Equal,Moderate,Normal,Oligaemic,no,yes,<5,5-12,>=7.5,Oligaemic,Fallot,no,0-3_days,yes,Lt_to_Rt,Complete,Normal,Low,no
2305,no,Equal,Severe,Normal,Asy/Patch,yes,no,<5,5-12,<7.5,Asy/Patchy,Fallot,no,0-3_days,no,None,Complete,Abnormal,Low,no
2306,no,Unequal,Moderate,High,Grd_Glass,yes,no,5-12,<5,>=7.5,Asy/Patchy,TAPVD,yes,11-30_days,no,Rt_to_Lt,Mild,Congested,Normal,yes
2307,no,Equal,Moderate,Normal,Normal,no,yes,<5,5-12,<7.5,Normal,PAIVS,no,0-3_days,yes,Lt_to_Rt,Complete,Normal,Low,no
2308,no,Equal,Mild,Normal,Grd_Glass,no,no,5-12,5-12,<7.5,Grd_Glass,Fallot,no,0-3_days,no,Lt_to_Rt,Mild,Normal,Low,yes
2309,no,Equal,Moderate,Normal,Asy/Patch,yes,no,5-12,5-12,>=7.5,Asy/Patchy,Fallot,yes,11-30_days,no,Lt_to_Rt,Mild,Normal,Low,no
2310,no,Equal,Mild,Low,Plethoric,no,no,12+,12+,<7.5,Plethoric,TGA,no,0-3_days,no,None,Complete,Normal,High,yes
2311,no,Equal,Severe,Normal,Plethoric,no,no,5-12,5-12,<7.5,Plethoric,TGA,no,11-30_days,no,None,Transp.,Normal,Low,no
2312,no,Equal,Moderate,Normal,Oligaemic,yes,yes,<5,5-12,<7.5,Oligaemic,PAIVS,no,0-3_days,yes,Lt_to_Rt,Complete,Normal,Low,yes
2313,no,Equal,Severe,Normal,Plethoric,no,no,5-12,<5,<7.5,Plethoric,TGA,no,0-3_days,no,None,Transp.,Congested,Low,no
2314,no,Equal,Severe,Normal,Normal,no,no,5-12,<5,<7.5,Normal,TGA,no,4-10_days,no,None,Transp.,Normal,High,no
2315,no,Equal,Severe,Normal,Plethoric,no,no,5-12,<5,<7.5,Plethoric,Fallot,no,11-30_days,no,Lt_to_Rt,Mild,Normal,High,no
2316,no,Equal,Moderate,Normal,Plethoric,no,no,12+,<5,<7.5,Plethoric,PAIVS,no,0-3_days,no,Lt_to_Rt,Complete,Normal,High,yes
2317,no,Equal,Severe,Low,Plethoric,yes,no,5-12,5-12,<7.5,Plethoric,TGA,no,4-10_days,no,None,Transp.,Normal,High,yes
2318,no,Equal,Moderate,Normal,Oligaemic,no,no,<5,5-12,<7.5,Normal,Fallot,yes,11-30_days,no,None,Complete,Normal,Low,no
2319,yes,Equal,Moderate,High,Normal,yes,no,5-12,5-12,>=7.5,Asy/Patchy,TAPVD,yes,0-3_days,no,Rt_to_Lt,Complete,Abnormal,High,yes
2320,no,Equal,Severe,High,Oligaemic,no,no,<5,<5,>=7.5,Oligaemic,Fallot,no,11-30_days,no,None,Complete,Congested,Normal,no
2321,no,Equal,Moderate,Normal,Normal,no,yes,5-12,5-12,<7.5,Normal,PAIVS,no,0-3_days,yes,Lt_to_Rt,Mild,Normal,Low,yes
2322,no,Equal,Moderate,Normal,Oligaemic,no,no,<5,12+,<7.5,Oligaemic,PAIVS,no,0-3_days,yes,Lt_to_Rt,Complete,Normal,Normal,no
2323,no,Equal,Moderate,Normal,Oligaemic,no,no,5-12,5-12,>=7.5,Oligaemic,Fallot,no,0-3_days,yes,Lt_to_Rt,Complete,Normal,Low,no
2324,no,Equal,Mild,Normal,Oligaemic,no,yes,12+,12+,<7.5,Oligaemic,PAIVS,no,0-3_days,yes,Lt_to_Rt,Complete,Normal,Low,yes
2325,no,Equal,Moderate,Normal,Oligaemic,no,yes,5-12,5-12,<7.5,Oligaemic,PAIVS,no,0-3_days,yes,Lt_to_Rt,Complete,Normal,Low,no
2326,no,Equal,Severe,Normal,Normal,no,no,<5,<5,<7.5,Asy/Patchy,TGA,no,0-3_days,no,None,Transp.,Normal,Normal,no
2327,yes,Equal,Mild,High,Normal,no,no,5-12,12+,>=7.5,Normal,TGA,no,0-3_days,no,None,Mild,Normal,High,no
2328,yes,Equal,Mild,Normal,Asy/Patch,yes,no,5-12,12+,>=7.5,Asy/Patchy,PFC,yes,0-3_days,no,Lt_to_Rt,None,Abnormal,Low,no
2329,no,Equal,Moderate,Normal,Grd_Glass,yes,no,5-12,5-12,<7.5,Grd_Glass,TAPVD,yes,0-3_days,no,None,Complete,Congested,High,yes
2330,no,Equal,Severe,Normal,Plethoric,no,no,12+,<5,<7.5,Plethoric,TGA,no,4-10_days,no,None,Transp.,Normal,High,no
2331,no,Equal,Moderate,High,Asy/Patch,yes,no,5-12,5-12,>=7.5,Grd_Glass,Lung,yes,0-3_days,yes,None,Mild,Abnormal,Normal,yes
2332,yes,Equal,Moderate,Low,Oligaemic,no,yes,5-12,5-12,<7.5,Oligaemic,PFC,no,0-3_days,no,Rt_to_Lt,Complete,Normal,Low,yes
2333,no,Equal,Moderate,Normal,Asy/Patch,yes,no,5-12,5-12,<7.5,Asy/Patchy,TAPVD,yes,0-3_days,no,None,Complete,Congested,Low,no
2334,no,Equal,Mild,Normal,Plethoric,no,no,5-12,12+,<7.5,Plethoric,TGA,no,0-3_days,no,None,Transp.,Normal,High,yes
2335,no,Equal,Severe,Normal,Oligaemic,no,yes,12+,<5,<7.5,Oligaemic,PAIVS,no,0-3_days,yes,Lt_to_Rt,Complete,Normal,Low,no
2336,no,Equal,Mild,Normal,Oligaemic,yes,no,5-12,5-12,<7.5,Oligaemic,Lung,yes,0-3_days,no,None,None,Abnormal,High,yes
2337,no,Unequal,Severe,High,Oligaemic,yes,yes,5-12,<5,>=7.5,Oligaemic,PAIVS,yes,4-10_days,yes,Lt_to_Rt,Complete,Normal,Low,yes
2338,no,Equal,Mild,Normal,Asy/Patch,no,yes,12+,12+,<7.5,Asy/Patchy,TAPVD,no,0-3_days,yes,Rt_to_Lt,Complete,Normal,Normal,yes
2339,no,Equal,Moderate,High,Grd_Glass,yes,no,<5,12+,>=7.5,Grd_Glass,TGA,no,0-3_days,no,None,Transp.,Abnormal,High,no
2340,yes,Equal,Moderate,Normal,Asy/Patch,yes,no,5-12,<5,<7.5,Asy/Patchy,TGA,yes,0-3_days,no,Lt_to_Rt,Mild,Abnormal,Normal,yes
2341,no,Equal,Moderate,Normal,Normal,no,no,5-12,12+,<7.5,Asy/Patchy,TAPVD,no,0-3_days,no,Rt_to_Lt,Complete,Normal,Normal,yes
2342,no,Unequal,Severe,Normal,Grd_Glass,yes,no,5-12,<5,<7.5,Oligaemic,TGA,yes,0-3_days,no,Rt_to_Lt,Transp.,Abnormal,High,no
2343,no,Equal,Moderate,Normal,Normal,no,no,12+,<5,<7.5,Normal,Fallot,no,4-10_days,no,None,Complete,Normal,Low,no
2344,no,Equal,Severe,High,Oligaemic,no,no,<5,5-12,>=7.5,Oligaemic,TGA,no,0-3_days,no,None,Transp.,Normal,High,yes
2345,no,Equal,Severe,Normal,Oligaemic,no,no,<5,12+,<7.5,Asy/Patchy,TGA,no,4-10_days,no,Lt_to_Rt,Transp.,Abnormal,High,no
2346,no,Equal,Severe,High,Oligaemic,no,yes,<5,<5,>=7.5,Oligaemic,TGA,no,0-3_days,yes,None,Transp.,Abnormal,Low,no
2347,no,Equal,Moderate,Normal,Grd_Glass,yes,no,5-12,5-12,<7.5,Grd_Glass,TGA,yes,0-3_days,no,None,Transp.,Congested,High,yes
2348,no,Equal,Severe,High,Asy/Patch,no,no,5-12,<5,>=7.5,Grd_Glass,Lung,no,0-3_days,no,Rt_to_Lt,Mild,Abnormal,Normal,no
2349,no,Equal,Moderate,Normal,Oligaemic,no,yes,12+,5-12,<7.5,Oligaemic,PAIVS,no,0-3_days,yes,Lt_to_Rt,Complete,Congested,Low,no
2350,no,Equal,Moderate,Normal,Normal,no,yes,5-12,<5,<7.5,Normal,Fallot,no,0-3_days,yes,Lt_to_Rt,Complete,Normal,Normal,yes
2351,no,Equal,Severe,Normal,Oligaemic,yes,yes,<5,<5,<7.5,Oligaemic,PAIVS,yes,0-3_days,yes,Lt_to_Rt,Mild,Normal,Low,no
2352,no,Equal,Mild,Normal,Normal,no,no,5-12,12+,>=7.5,Asy/Patchy,TGA,no,11-30_days,no,None,Mild,Normal,High,no
2353,no,Equal,Severe,Normal,Normal,no,no,<5,5-12,<7.5,Oligaemic,TGA,no,0-3_days,no,Rt_to_Lt,Transp.,Normal,High,no
2354,no,Equal,Moderate,High,Asy/Patch,yes,no,<5,<5,>=7.5,Asy/Patchy,TAPVD,yes,0-3_days,no,Lt_to_Rt,Complete,Abnormal,High,no
2355,no,Equal,Mild,High,Oligaemic,no,no,12+,12+,>=7.5,Oligaemic,Lung,no,0-3_days,no,None,None,Abnormal,High,no
2356,no,Equal,Severe,Normal,Normal,yes,no,5-12,<5,<7.5,Plethoric,TAPVD,no,0-3_days,no,Rt_to_Lt,Complete,Abnormal,High,yes
2357,no,Equal,Severe,High,Asy/Patch,no,no,<5,12+,>=7.5,Grd_Glass,Fallot,no,0-3_days,no,Lt_to_Rt,Complete,Abnormal,Low,no
2358,no,Unequal,Severe,Normal,Plethoric,no,no,<5,<5,<7.5,Plethoric,TGA,no,0-3_days,no,None,Transp.,Normal,High,no
2359,no,Equal,Moderate,Normal,Oligaemic,no,yes,<5,5-12,<7.5,Oligaemic,Fallot,yes,11-30_days,yes,Lt_to_Rt,Complete,Normal,Low,no
2360,no,Equal,Severe,Normal,Grd_Glass,no,no,12+,<5,<7.5,Asy/Patchy,TGA,yes,0-3_days,no,None,Transp.,Congested,High,no
2361,no,Equal,Severe,Normal,Plethoric,yes,no,<5,<5,<7.5,Plethoric,TGA,no,4-10_days,no,None,Transp.,Normal,High,no
2362,no,Equal,Moderate,Normal,Oligaemic,no,no,5-12,5-12,>=7.5,Oligaemic,Fallot,no,4-10_days,no,None,Complete,Normal,Low,no
2363,yes,Unequal,Moderate,High,Asy/Patch,yes,no,5-12,<5,>=7.5,Asy/Patchy,Lung,yes,0-3_days,no,Rt_to_Lt,None,Abnormal,Normal,yes
2364,no,Equal,Moderate,Normal,Oligaemic,yes,no,5-12,<5,<7.5,Oligaemic,Fallot,no,0-3_days,no,Lt_to_Rt,Complete,Normal,Low,yes
2365,no,Equal,Moderate,Normal,Grd_Glass,no,no,5-12,5-12,<7.5,Asy/Patchy,TGA,no,0-3_days,no,None,Complete,Congested,High,no
2366,no,Equal,Severe,Normal,Normal,no,no,5-12,<5,<7.5,Normal,TGA,no,0-3_days,no,None,Transp.,Normal,Normal,no
2367,no,Equal,Severe,Normal,Oligaemic,no,no,<5,<5,<7.5,Oligaemic,Fallot,no,11-30_days,no,Lt_to_Rt,Complete,Normal,Low,no
2368,no,Unequal,Mild,High,Asy/Patch,no,yes,<5,12+,>=7.5,Asy/Patchy,PFC,no,0-3_days,yes,Rt_to_Lt,None,Abnormal,Normal,no
2369,no,Equal,Severe,Normal,Asy/Patch,yes,no,<5,5-12,<7.5,Asy/Patchy,Fallot,yes,11-30_days,no,None,Complete,Abnormal,Low,no
2370,no,Equal,Moderate,Normal,Oligaemic,no,yes,5-12,5-12,<7.5,Asy/Patchy,PAIVS,no,4-10_days,yes,Lt_to_Rt,Complete,Normal,Low,yes
2371,no,Equal,Moderate,Normal,Normal,no,yes,<5,12+,<7.5,Oligaemic,PAIVS,yes,0-3_days,yes,Lt_to_Rt,Complete,Normal,Normal,yes
2372,no,Equal,Severe,High,Oligaemic,yes,no,5-12,5-12,>=7.5,Oligaemic,TGA,yes,0-3_days,no,Lt_to_Rt,Transp.,Abnormal,High,no
2373,no,Equal,Moderate,Normal,Oligaemic,no,yes,12+,5-12,<7.5,Asy/Patchy,PAIVS,no,0-3_days,yes,Lt_to_Rt,Complete,Normal,Normal,yes
2374,no,Equal,Severe,Normal,Plethoric,no,no,<5,<5,<7.5,Plethoric,TGA,no,0-3_days,no,None,Transp.,Normal,High,yes
2375,no,Equal,Moderate,Normal,Oligaemic,no,yes,12+,12+,<7.5,Normal,PAIVS,no,0-3_days,yes,Lt_to_Rt,Complete,Normal,Low,yes
2376,no,Equal,Moderate,Normal,Oligaemic,no,no,5-12,12+,<7.5,Oligaemic,Fallot,no,11-30_days,no,Lt_to_Rt,Complete,Normal,Low,no
2377,no,Equal,Severe,Normal,Plethoric,no,no,5-12,<5,<7.5,Plethoric,TGA,no,0-3_days,no,None,Transp.,Normal,High,yes
2378,no,Equal,Severe,Normal,Plethoric,yes,no,5-12,<5,>=7.5,Plethoric,TGA,yes,4-10_days,no,None,Transp.,Normal,High,yes
2379,no,Equal,Severe,Normal,Asy/Patch,no,no,5-12,<5,<7.5,Plethoric,TAPVD,no,0-3_days,no,Lt_to_Rt,Complete,Congested,Normal,yes
2380,no,Equal,Moderate,Normal,Plethoric,no,no,<5,<5,<7.5,Plethoric,TGA,no,0-3_days,no,None,Mild,Normal,High,no
2381,no,Equal,Moderate,High,Oligaemic,no,no,5-12,5-12,>=7.5,Oligaemic,Fallot,no,4-10_days,no,Lt_to_Rt,Complete,Normal,Low,no
2382,no,Equal,Moderate,Normal,Oligaemic,no,yes,<5,12+,<7.5,Oligaemic,PAIVS,no,11-30_days,yes,Lt_to_Rt,Complete,Normal,Low,yes
2383,no,Equal,Moderate,Normal,Oligaemic,no,yes,<5,5-12,<7.5,Oligaemic,Fallot,no,11-30_days,yes,None,Mild,Normal,Low,no
2384,no,Equal,Moderate,Normal,Grd_Glass,no,no,<5,<5,<7.5,Plethoric,Fallot,no,4-10_days,no,Lt_to_Rt,Complete,Normal,Low,no
2385,yes,Equal,Severe,Low,Oligaemic,no,yes,12+,<5,<7.5,Normal,PAIVS,no,11-30_days,yes,Lt_to_Rt,Complete,Normal,Low,no
2386,no,Equal,Moderate,Normal,Oligaemic,no,yes,5-12,<5,<7.5,Oligaemic,PAIVS,no,0-3_days,yes,Lt_to_Rt,Complete,Normal,Low,no
2387,no,Equal,Severe,Normal,Oligaemic,no,no,<5,<5,<7.5,Oligaemic,Fallot,yes,11-30_days,no,Lt_to_Rt,Complete,Normal,Normal,no
2388,no,Equal,Moderate,Normal,Plethoric,no,no,<5,5-12,<7.5,Plethoric,TGA,no,0-3_days,no,None,Transp.,Normal,High,no
2389,no,Equal,Moderate,Normal,Oligaemic,no,no,<5,5-12,<7.5,Oligaemic,PAIVS,no,0-3_days,no,Lt_to_Rt,Complete,Normal,Low,no
2390,no,Equal,Moderate,High,Oligaemic,yes,no,5-12,5-12,>=7.5,Asy/Patchy,TGA,yes,0-3_days,no,None,Complete,Abnormal,High,yes
2391,no,Equal,Moderate,Normal,Oligaemic,no,no,5-12,12+,>=7.5,Oligaemic,Fallot,no,0-3_days,no,Lt_to_Rt,Mild,Normal,Low,yes
2392,yes,Unequal,Severe,Low,Plethoric,no,yes,<5,<5,>=7.5,Plethoric,TGA,no,0-3_days,yes,Lt_to_Rt,Transp.,Normal,High,no
2393,no,Equal,Moderate,Normal,Plethoric,no,no,5-12,5-12,<7.5,Plethoric,TGA,no,0-3_days,no,Rt_to_Lt,Transp.,Normal,High,no
2394,yes,Unequal,Moderate,Normal,Grd_Glass,no,no,5-12,5-12,<7.5,Grd_Glass,PFC,no,0-3_days,no,Rt_to_Lt,None,Congested,Low,no
2395,no,Equal,Severe,Normal,Plethoric,yes,yes,5-12,5-12,<7.5,Asy/Patchy,TGA,yes,4-10_days,yes,None,Transp.,Normal,High,yes
2396,no,Equal,Moderate,Normal,Oligaemic,no,yes,5-12,<5,<7.5,Oligaemic,Fallot,no,11-30_days,yes,Lt_to_Rt,Complete,Normal,Low,no
2397,no,Equal,Severe,High,Asy/Patch,no,no,<5,<5,>=7.5,Asy/Patchy,PAIVS,no,0-3_days,no,Lt_to_Rt,Complete,Abnormal,Low,no
2398,no,Equal,Moderate,Normal,Oligaemic,no,no,<5,<5,<7.5,Oligaemic,TGA,yes,0-3_days,no,Lt_to_Rt,Transp.,Normal,Low,no
2399,no,Equal,Moderate,Normal,Plethoric,no,no,5-12,5-12,>=7.5,Plethoric,TGA,no,11-30_days,no,None,Complete,Normal,High,no
2400,no,Equal,Moderate,Normal,Oligaemic,yes,yes,5-12,5-12,<7.5,Oligaemic,PAIVS,yes,0-3_days,yes,Lt_to_Rt,Complete,Abnormal,Low,yes
2401,no,Equal,Moderate,Normal,Oligaemic,no,yes,5-12,5-12,<7.5,Oligaemic,PAIVS,no,0-3_days,yes,Lt_to_Rt,Complete,Normal,Low,no
2402,no,Equal,Mild,High,Normal,no,yes,12+,12+,>=7.5,Oligaemic,PAIVS,no,0-3_days,yes,Lt_to_Rt,Complete,Normal,Low,no
2403,yes,Equal,Severe,High,Oligaemic,no,yes,5-12,<5,>=7.5,Oligaemic,PAIVS,no,4-10_days,yes,Lt_to_Rt,Complete,Abnormal,Low,no
2404,no,Equal,Moderate,Normal,Plethoric,no,no,5-12,5-12,>=7.5,Plethoric,TGA,no,11-30_days,no,Rt_to_Lt,Transp.,Normal,High,no
2405,yes,Equal,Severe,Normal,Normal,no,yes,5-12,5-12,<7.5,Normal,TGA,no,4-10_days,yes,None,Transp.,Normal,High,no
2406,no,Equal,Severe,Normal,Normal,no,yes,5-12,<5,<7.5,Normal,TGA,no,11-30_days,no,None,Transp.,Normal,Normal,no
2407,no,Equal,Moderate,Low,Oligaemic,no,no,<5,5-12,<7.5,Oligaemic,Fallot,no,11-30_days,no,Lt_to_Rt,Complete,Normal,Low,no
2408,yes,Equal,Moderate,Normal,Oligaemic,no,no,5-12,5-12,<7.5,Oligaemic,Fallot,no,0-3_days,no,None,Complete,Normal,Low,no
2409,no,Equal,Severe,High,Asy/Patch,yes,no,<5,5-12,>=7.5,Normal,Lung,yes,0-3_days,no,None,Complete,Abnormal,Normal,yes
2410,no,Equal,Severe,High,Normal,no,no,<5,<5,>=7.5,Asy/Patchy,TGA,no,4-10_days,no,Rt_to_Lt,Complete,Normal,Normal,no
2411,yes,Equal,Severe,Normal,Oligaemic,no,no,5-12,12+,>=7.5,Asy/Patchy,PAIVS,no,0-3_days,yes,Lt_to_Rt,Transp.,Normal,Low,yes
2412,no,Equal,Severe,Normal,Normal,yes,no,<5,5-12,<7.5,Normal,TGA,yes,0-3_days,no,Rt_to_Lt,Transp.,Normal,High,no
2413,no,Equal,Severe,Normal,Plethoric,no,no,5-12,5-12,<7.5,Plethoric,TGA,no,0-3_days,no,None,Transp.,Normal,High,no
2414,no,Equal,Severe,Normal,Normal,no,no,5-12,<5,<7.5,Plethoric,Fallot,no,0-3_days,no,Lt_to_Rt,Complete,Normal,Normal,yes
2415,no,Equal,Severe,Normal,Plethoric,no,no,5-12,5-12,<7.5,Normal,TGA,no,0-3_days,no,None,Transp.,Normal,High,no
2416,no,Unequal,Moderate,Normal,Grd_Glass,yes,no,<5,<5,<7.5,Plethoric,PFC,yes,0-3_days,no,Rt_to_Lt,None,Congested,Low,yes
2417,no,Equal,Moderate,Normal,Asy/Patch,no,yes,5-12,5-12,<7.5,Asy/Patchy,PAIVS,no,0-3_days,yes,Lt_to_Rt,Complete,Normal,Low,no
2418,no,Equal,Moderate,Normal,Grd_Glass,no,no,12+,5-12,<7.5,Grd_Glass,TGA,no,0-3_days,no,None,Complete,Normal,High,no
2419,no,Equal,Moderate,Normal,Normal,no,yes,5-12,5-12,<7.5,Oligaemic,TGA,no,0-3_days,yes,Lt_to_Rt,Complete,Normal,High,no
2420,yes,Equal,Moderate,Normal,Grd_Glass,no,no,<5,5-12,<7.5,Grd_Glass,PFC,no,0-3_days,no,Rt_to_Lt,Mild,Normal,Low,no
2421,no,Equal,Moderate,Normal,Oligaemic,yes,no,5-12,5-12,<7.5,Grd_Glass,Fallot,yes,0-3_days,no,Lt_to_Rt,Complete,Normal,Low,yes
2422,no,Equal,Moderate,Normal,Grd_Glass,no,no,<5,5-12,<7.5,Grd_Glass,Fallot,no,11-30_days,no,Lt_to_Rt,Complete,Normal,Low,no
2423,no,Equal,Severe,Normal,Normal,no,no,5-12,5-12,<7.5,Normal,TGA,no,4-10_days,no,Rt_to_Lt,Transp.,Normal,High,no
2424,no,Equal,Severe,High,Asy/Patch,no,no,5-12,5-12,>=7.5,Grd_Glass,TGA,no,4-10_days,no,None,Complete,Abnormal,Normal,no
2425,no,Equal,Moderate,Normal,Oligaemic,yes,no,12+,5-12,<7.5,Oligaemic,PAIVS,no,0-3_days,yes,Lt_to_Rt,Complete,Normal,Low,yes
2426,yes,Unequal,Mild,Normal,Asy/Patch,yes,no,<5,12+,<7.5,Asy/Patchy,PFC,yes,11-30_days,no,Rt_to_Lt,None,Abnormal,Low,yes
2427,no,Equal,Severe,Normal,Oligaemic,no,yes,<5,5-12,<7.5,Oligaemic,PAIVS,no,0-3_days,yes,Lt_to_Rt,Complete,Normal,Low,no
2428,no,Equal,Moderate,Normal,Normal,no,yes,<5,12+,<7.5,Normal,PAIVS,no,11-30_days,yes,Lt_to_Rt,Complete,Normal,Normal,no
2429,yes,Equal,Severe,Normal,Plethoric,no,no,<5,<5,<7.5,Plethoric,TGA,no,11-30_days,no,None,Transp.,Normal,High,yes
2430,no,Equal,Severe,Normal,Plethoric,no,no,<5,<5,<7.5,Oligaemic,TGA,no,0-3_days,no,None,Transp.,Congested,Normal,no
2431,no,Equal,Moderate,Normal,Grd_Glass,no,no,<5,5-12,<7.5,Grd_Glass,TAPVD,no,0-3_days,no,Rt_to_Lt,Complete,Congested,High,no
2432,yes,Equal,Moderate,Normal,Normal,no,no,12+,5-12,<7.5,Normal,Fallot,no,4-10_days,no,Lt_to_Rt,Mild,Normal,Normal,no
2433,no,Unequal,Severe,High,Asy/Patch,yes,no,5-12,<5,<7.5,Asy/Patchy,PFC,no,0-3_days,no,Rt_to_Lt,Mild,Abnormal,Normal,yes
2434,no,Equal,Moderate,Normal,Normal,no,no,5-12,5-12,<7.5,Normal,TGA,no,11-30_days,no,None,Transp.,Normal,Normal,no
2435,no,Equal,Moderate,Normal,Normal,no,no,<5,12+,<7.5,Normal,Fallot,no,0-3_days,no,Lt_to_Rt,Complete,Normal,Normal,yes
2436,no,Equal,Severe,Normal,Normal,no,yes,<5,12+,<7.5,Normal,PAIVS,no,0-3_days,yes,Lt_to_Rt,Complete,Normal,High,no
2437,no,Equal,Severe,High,Oligaemic,no,no,<5,<5,>=7.5,Oligaemic,TGA,yes,0-3_days,no,None,Transp.,Abnormal,High,no
2438,no,Equal,Moderate,Normal,Oligaemic,yes,yes,5-12,5-12,>=7.5,Oligaemic,Fallot,yes,4-10_days,yes,Lt_to_Rt,Mild,Abnormal,Low,no
2439,no,Equal,Moderate,Normal,Grd_Glass,yes,yes,<5,5-12,<7.5,Asy/Patchy,Fallot,yes,11-30_days,yes,Lt_to_Rt,Complete,Congested,Low,yes
2440,yes,Equal,Moderate,Normal,Normal,no,no,<5,5-12,<7.5,Normal,PFC,no,0-3_days,no,Lt_to_Rt,Complete,Normal,Low,no
2441,no,Equal,Severe,High,Grd_Glass,yes,yes,5-12,5-12,>=7.5,Grd_Glass,TGA,yes,0-3_days,no,None,Transp.,Abnormal,High,yes
2442,no,Equal,Moderate,Normal,Plethoric,no,no,5-12,12+,<7.5,Normal,TGA,no,0-3_days,no,None,Complete,Normal,High,no
2443,no,Equal,Moderate,Normal,Normal,no,no,<5,<5,<7.5,Normal,Fallot,no,11-30_days,no,None,Complete,Normal,Low,no
2444,no,Equal,Moderate,Normal,Grd_Glass,yes,no,5-12,<5,<7.5,Plethoric,TGA,yes,0-3_days,no,None,Transp.,Abnormal,High,no
2445,yes,Equal,Severe,Normal,Oligaemic,no,yes,5-12,5-12,<7.5,Oligaemic,PAIVS,no,4-10_days,yes,Lt_to_Rt,Mild,Normal,Low,yes
2446,no,Equal,Severe,High,Grd_Glass,no,no,<5,12+,>=7.5,Asy/Patchy,Fallot,no,11-30_days,no,Lt_to_Rt,Complete,Congested,Low,no
2447,no,Equal,Moderate,Normal,Normal,no,no,5-12,<5,<7.5,Normal,Fallot,no,11-30_days,no,Lt_to_Rt,Complete,Abnormal,High,no
2448,no,Unequal,Severe,High,Asy/Patch,yes,no,5-12,12+,>=7.5,Plethoric,Lung,yes,0-3_days,no,Rt_to_Lt,None,Abnormal,Normal,yes
2449,no,Equal,Mild,Normal,Oligaemic,no,no,12+,<5,<7.5,Normal,Fallot,no,0-3_days,no,Lt_to_Rt,Complete,Normal,Low,yes
2450,no,Equal,Severe,Normal,Normal,no,no,<5,<5,>=7.5,Normal,TGA,no,4-10_days,no,None,Transp.,Normal,High,no
2451,no,Equal,Moderate,Normal,Oligaemic,no,yes,5-12,5-12,>=7.5,Oligaemic,PAIVS,no,0-3_days,yes,Lt_to_Rt,Complete,Normal,Low,yes
2452,yes,Equal,Moderate,Normal,Oligaemic,no,no,5-12,5-12,<7.5,Oligaemic,TAPVD,no,0-3_days,no,None,Complete,Congested,High,yes
2453,no,Equal,Severe,High,Asy/Patch,yes,yes,12+,<5,>=7.5,Asy/Patchy,Fallot,no,11-30_days,yes,Lt_to_Rt,Complete,Abnormal,Low,no
2454,yes,Unequal,Mild,Normal,Normal,no,no,5-12,12+,<7.5,Grd_Glass,PFC,no,0-3_days,no,Rt_to_Lt,None,Normal,Normal,no
2455,no,Equal,Moderate,High,Asy/Patch,yes,no,12+,5-12,>=7.5,Asy/Patchy,Fallot,no,0-3_days,no,None,Complete,Abnormal,Normal,yes
2456,no,Equal,Severe,Normal,Asy/Patch,yes,yes,<5,<5,<7.5,Asy/Patchy,TAPVD,yes,0-3_days,yes,Lt_to_Rt,Complete,Abnormal,Low,yes
2457,no,Equal,Severe,Normal,Oligaemic,no,no,5-12,<5,<7.5,Oligaemic,Fallot,no,0-3_days,no,Lt_to_Rt,Mild,Normal,Low,yes
2458,no,Equal,Moderate,High,Asy/Patch,yes,no,5-12,<5,<7.5,Asy/Patchy,Fallot,yes,11-30_days,no,Lt_to_Rt,Complete,Abnormal,Low,no
2459,no,Equal,Moderate,Low,Normal,no,no,5-12,<5,<7.5,Oligaemic,Fallot,no,11-30_days,no,Lt_to_Rt,Mild,Normal,Normal,no
2460,no,Equal,Severe,Normal,Asy/Patch,no,yes,<5,5-12,<7.5,Normal,PAIVS,yes,0-3_days,yes,Lt_to_Rt,Complete,Normal,Low,no
2461,no,Equal,Severe,Normal,Grd_Glass,no,no,12+,5-12,<7.5,Grd_Glass,Fallot,no,0-3_days,no,None,Complete,Congested,Low,yes
2462,no,Unequal,Moderate,High,Oligaemic,no,no,<5,<5,>=7.5,Oligaemic,Fallot,no,0-3_days,no,Lt_to_Rt,Complete,Normal,Low,yes
2463,no,Equal,Severe,Normal,Oligaemic,no,no,<5,<5,<7.5,Oligaemic,Fallot,no,11-30_days,no,Lt_to_Rt,Complete,Normal,Low,no
2464,no,Equal,Severe,Normal,Normal,no,no,5-12,<5,<7.5,Normal,TGA,no,0-3_days,no,Rt_to_Lt,Transp.,Normal,Normal,no
2465,no,Equal,Moderate,Normal,Oligaemic,no,no,<5,12+,>=7.5,Oligaemic,PAIVS,no,0-3_days,yes,Lt_to_Rt,Complete,Normal,Low,no
2466,no,Equal,Moderate,Normal,Oligaemic,no,no,5-12,<5,<7.5,Oligaemic,Fallot,no,11-30_days,no,None,Mild,Normal,Low,no
2467,no,Equal,Moderate,Normal,Plethoric,no,no,5-12,5-12,>=7.5,Normal,Fallot,no,11-30_days,yes,Lt_to_Rt,Complete,Normal,High,no
2468,no,Equal,Moderate,Normal,Plethoric,no,yes,5-12,5-12,<7.5,Grd_Glass,Fallot,no,0-3_days,no,Lt_to_Rt,Complete,Normal,High,no
2469,no,Equal,Moderate,Normal,Plethoric,no,no,5-12,5-12,<7.5,Plethoric,TGA,no,0-3_days,no,None,Transp.,Normal,High,no
2470,no,Unequal,Moderate,Normal,Oligaemic,no,no,12+,12+,<7.5,Oligaemic,TGA,no,0-3_days,no,None,Transp.,Abnormal,High,no
2471,no,Equal,Moderate,Normal,Oligaemic,no,no,5-12,5-12,<7.5,Oligaemic,Fallot,no,4-10_days,no,Lt_to_Rt,Complete,Normal,Low,no
2472,yes,Equal,Moderate,Normal,Asy/Patch,yes,no,5-12,5-12,<7.5,Asy/Patchy,Lung,no,0-3_days,no,Lt_to_Rt,Mild,Abnormal,Low,yes
2473,no,Equal,Moderate,Normal,Normal,no,no,<5,5-12,<7.5,Normal,TAPVD,yes,4-10_days,no,Lt_to_Rt,Complete,Congested,High,no
2474,no,Equal,Moderate,High,Oligaemic,no,yes,5-12,12+,<7.5,Oligaemic,PAIVS,no,0-3_days,yes,Lt_to_Rt,Complete,Normal,Low,no
2475,no,Equal,Severe,Normal,Grd_Glass,yes,no,<5,<5,<7.5,Asy/Patchy,TGA,no,0-3_days,no,Lt_to_Rt,Transp.,Normal,High,yes
2476,no,Equal,Moderate,Normal,Oligaemic,no,yes,5-12,12+,<7.5,Oligaemic,PAIVS,no,0-3_days,yes,Lt_to_Rt,Complete,Normal,Low,yes
2477,no,Equal,Severe,Normal,Normal,no,no,<5,5-12,<7.5,Normal,TGA,no,0-3_days,no,None,Transp.,Normal,Normal,yes
2478,no,Equal,Severe,Low,Normal,no,no,12+,5-12,<7.5,Normal,TGA,no,0-3_days,no,None,Transp.,Normal,High,no
2479,no,Equal,Moderate,Normal,Oligaemic,yes,no,5-12,5-12,<7.5,Asy/Patchy,Fallot,yes,11-30_days,no,Lt_to_Rt,Complete,Normal,Low,no
2480,no,Equal,Moderate,Low,Oligaemic,no,no,5-12,5-12,<7.5,Asy/Patchy,Fallot,no,0-3_days,no,None,Complete,Normal,Low,no
2481,no,Equal,Moderate,Low,Oligaemic,no,yes,5-12,5-12,<7.5,Oligaemic,Fallot,no,11-30_days,yes,Lt_to_Rt,Mild,Normal,Low,no
2482,no,Equal,Moderate,Normal,Oligaemic,no,no,<5,5-12,<7.5,Oligaemic,Fallot,no,11-30_days,no,None,Complete,Normal,Low,no
2483,no,Equal,Severe,Normal,Plethoric,no,no,<5,5-12,<7.5,Plethoric,TGA,no,4-10_days,no,None,Transp.,Normal,High,no
2484,no,Equal,Moderate,Normal,Normal,no,no,<5,5-12,<7.5,Normal,Lung,no,4-10_days,no,Lt_to_Rt,Mild,Normal,Normal,no
2485,no,Equal,Severe,Normal,Plethoric,no,no,<5,<5,<7.5,Plethoric,TGA,no,0-3_days,no,None,Transp.,Normal,High,yes
2486,no,Unequal,Mild,Normal,Oligaemic,no,no,5-12,<5,<7.5,Plethoric,Fallot,no,0-3_days,no,Lt_to_Rt,Complete,Normal,Low,yes
2487,no,Equal,Severe,Normal,Oligaemic,no,no,<5,5-12,<7.5,Oligaemic,Fallot,no,4-10_days,no,None,Complete,Normal,Low,no
2488,no,Equal,Moderate,Normal,Grd_Glass,no,no,<5,5-12,<7.5,Grd_Glass,TAPVD,no,0-3_days,no,Lt_to_Rt,Complete,Congested,Normal,yes
2489,no,Equal,Mild,Normal,Oligaemic,no,yes,12+,5-12,>=7.5,Oligaemic,PAIVS,no,11-30_days,yes,Lt_to_Rt,Complete,Normal,Low,no
2490,no,Unequal,Moderate,Low,Normal,no,no,5-12,12+,<7.5,Grd_Glass,TGA,no,11-30_days,no,None,Transp.,Normal,Normal,no
2491,no,Equal,Mild,Normal,Oligaemic,no,yes,5-12,5-12,<7.5,Oligaemic,PAIVS,no,0-3_days,yes,Lt_to_Rt,None,Normal,Low,no
2492,no,Equal,Moderate,Normal,Oligaemic,no,yes,5-12,5-12,<7.5,Oligaemic,Fallot,no,0-3_days,yes,None,Mild,Normal,Low,yes
2493,no,Equal,Moderate,Normal,Plethoric,no,no,<5,5-12,<7.5,Normal,TGA,no,0-3_days,no,None,Mild,Normal,High,no
2494,no,Equal,Severe,Normal,Normal,no,no,<5,<5,<7.5,Normal,TGA,no,0-3_days,no,Lt_to_Rt,Transp.,Normal,Low,no
2495,yes,Equal,Moderate,High,Asy/Patch,yes,yes,12+,<5,>=7.5,Normal,PFC,yes,0-3_days,yes,Rt_to_Lt,Complete,Abnormal,Low,no
2496,no,Equal,Moderate,Normal,Oligaemic,no,no,5-12,<5,<7.5,Oligaemic,Fallot,no,11-30_days,no,Lt_to_Rt,Complete,Normal,Low,no
2497,yes,Equal,Severe,Normal,Plethoric,no,no,<5,<5,<7.5,Asy/Patchy,TGA,no,11-30_days,no,None,Transp.,Normal,High,no
2498,no,Equal,Moderate,Normal,Oligaemic,no,yes,5-12,5-12,<7.5,Oligaemic,PAIVS,no,0-3_days,yes,Lt_to_Rt,Complete,Normal,Low,no
2499,no,Equal,Severe,Normal,Oligaemic,no,no,<5,12+,<7.5,Oligaemic,Fallot,no,11-30_days,no,Lt_to_Rt,Complete,Normal,Low,no
2500,no,Equal,Moderate,Normal,Normal,no,no,5-12,<5,<7.5,Normal,Fallot,no,4-10_days,no,Lt_to_Rt,Mild,Normal,Low,no
2501,no,Equal,Moderate,Normal,Oligaemic,no,yes,<5,5-12,<7.5,Oligaemic,PAIVS,no,0-3_days,yes,Lt_to_Rt,Complete,Normal,Low,yes
2502,no,Equal,Moderate,Normal,Oligaemic,no,yes,<5,5-12,<7.5,Normal,PAIVS,no,0-3_days,yes,Lt_to_Rt,Complete,Normal,Low,no
2503,no,Equal,Moderate,Normal,Normal,no,no,5-12,5-12,<7.5,Normal,Fallot,no,11-30_days,no,Lt_to_Rt,Mild,Normal,Low,no
2504,no,Equal,Moderate,High,Normal,no,no,<5,5-12,>=7.5,Normal,TGA,no,11-30_days,no,None,Transp.,Normal,Normal,no
2505,no,Equal,Severe,Normal,Oligaemic,no,no,5-12,<5,<7.5,Asy/Patchy,Fallot,no,4-10_days,no,Lt_to_Rt,Complete,Normal,Low,no
2506,no,Equal,Severe,Normal,Grd_Glass,no,no,5-12,<5,<7.5,Grd_Glass,Fallot,no,0-3_days,no,Lt_to_Rt,Complete,Congested,Low,no
2507,yes,Equal,Moderate,Normal,Oligaemic,no,yes,<5,5-12,<7.5,Oligaemic,Fallot,no,0-3_days,no,Lt_to_Rt,Complete,Normal,Low,no
2508,no,Equal,Severe,Normal,Asy/Patch,no,yes,5-12,5-12,<7.5,Grd_Glass,PAIVS,no,0-3_days,yes,Lt_to_Rt,Complete,Congested,Low,no
2509,no,Equal,Severe,High,Grd_Glass,yes,yes,<5,<5,>=7.5,Grd_Glass,PAIVS,yes,0-3_days,yes,Lt_to_Rt,Complete,Congested,Normal,no
2510,no,Equal,Moderate,Normal,Plethoric,yes,no,<5,5-12,<7.5,Plethoric,TAPVD,yes,0-3_days,no,Rt_to_Lt,Complete,Congested,High,yes
2511,no,Equal,Moderate,High,Asy/Patch,yes,no,5-12,5-12,<7.5,Asy/Patchy,TAPVD,yes,4-10_days,no,None,Complete,Congested,High,yes
2512,yes,Equal,Moderate,Normal,Oligaemic,no,yes,5-12,12+,<7.5,Asy/Patchy,PAIVS,no,0-3_days,yes,Lt_to_Rt,Complete,Normal,Low,no
2513,no,Equal,Moderate,Normal,Plethoric,no,yes,<5,5-12,<7.5,Plethoric,PAIVS,no,0-3_days,yes,Lt_to_Rt,Complete,Normal,Low,no
2514,yes,Equal,Severe,Normal,Grd_Glass,no,yes,5-12,<5,<7.5,Plethoric,Lung,no,0-3_days,yes,Rt_to_Lt,Mild,Congested,Normal,no
2515,no,Unequal,Moderate,Normal,Asy/Patch,no,no,<5,<5,>=7.5,Asy/Patchy,TGA,no,0-3_days,no,None,Transp.,Normal,High,no
2516,no,Equal,Severe,Normal,Oligaemic,no,yes,12+,<5,<7.5,Oligaemic,PAIVS,no,0-3_days,yes,Lt_to_Rt,Complete,Normal,Low,no
2517,no,Equal,Severe,Normal,Plethoric,yes,yes,5-12,<5,<7.5,Grd_Glass,TGA,yes,0-3_days,yes,Rt_to_Lt,Transp.,Normal,High,yes
2518,no,Equal,Severe,High,Normal,no,no,5-12,5-12,>=7.5,Normal,TGA,no,0-3_days,no,None,Transp.,Normal,Normal,no
2519,no,Unequal,Moderate,Normal,Normal,no,no,12+,5-12,<7.5,Normal,Fallot,no,11-30_days,no,Lt_to_Rt,Complete,Normal,Normal,no
2520,yes,Unequal,Mild,Low,Normal,no,yes,5-12,12+,<7.5,Normal,PFC,no,0-3_days,no,Rt_to_Lt,None,Normal,Normal,no
2521,no,Equal,Moderate,Normal,Plethoric,no,yes,5-12,<5,<7.5,Asy/Patchy,PAIVS,no,0-3_days,yes,Lt_to_Rt,Complete,Normal,High,no
2522,yes,Equal,Severe,Normal,Normal,no,no,<5,<5,<7.5,Normal,TGA,no,0-3_days,no,None,Transp.,Normal,Normal,no
2523,no,Equal,Severe,Normal,Plethoric,no,no,<5,5-12,<7.5,Plethoric,TGA,no,0-3_days,no,None,Transp.,Normal,High,yes
2524,no,Equal,Moderate,Normal,Oligaemic,no,no,5-12,5-12,<7.5,Oligaemic,Fallot,no,11-30_days,no,Lt_to_Rt,Mild,Normal,Low,no
2525,no,Equal,Severe,High,Oligaemic,no,no,<5,5-12,>=7.5,Oligaemic,TGA,no,0-3_days,no,None,Transp.,Abnormal,High,no
2526,no,Equal,Moderate,Normal,Plethoric,no,no,5-12,5-12,<7.5,Plethoric,TGA,no,0-3_days,no,None,Transp.,Normal,High,no
2527,yes,Equal,Severe,High,Asy/Patch,yes,no,5-12,5-12,>=7.5,Asy/Patchy,Lung,no,0-3_days,no,None,None,Abnormal,Normal,yes
2528,no,Equal,Moderate,Normal,Oligaemic,no,yes,5-12,5-12,<7.5,Oligaemic,PAIVS,no,0-3_days,yes,Lt_to_Rt,Complete,Normal,Low,no
2529,no,Equal,Severe,High,Asy/Patch,yes,yes,<5,5-12,>=7.5,Normal,PAIVS,no,0-3_days,yes,Lt_to_Rt,Complete,Abnormal,Normal,no
2530,no,Equal,Moderate,High,Oligaemic,no,yes,5-12,5-12,>=7.5,Oligaemic,PAIVS,no,0-3_days,yes,Lt_to_Rt,Complete,Normal,Low,no
2531,no,Equal,Severe,Normal,Oligaemic,no,no,5-12,5-12,<7.5,Oligaemic,Fallot,no,0-3_days,no,Lt_to_Rt,Complete,Normal,Low,no
2532,no,Equal,Severe,Normal,Oligaemic,no,no,<5,<5,<7.5,Oligaemic,Fallot,yes,0-3_days,no,None,Complete,Normal,Low,yes
2533,no,Equal,Moderate,Normal,Oligaemic,no,no,5-12,5-12,<7.5,Oligaemic,Fallot,no,11-30_days,no,Lt_to_Rt,Complete,Normal,Low,no
2534,no,Equal,Moderate,Normal,Asy/Patch,yes,no,<5,5-12,<7.5,Asy/Patchy,PAIVS,yes,0-3_days,no,Lt_to_Rt,Complete,Abnormal,Normal,yes
2535,no,Equal,Severe,High,Asy/Patch,yes,no,5-12,<5,>=7.5,Plethoric,PAIVS,yes,0-3_days,yes,Lt_to_Rt,Complete,Abnormal,Low,no
2536,no,Equal,Moderate,Normal,Oligaemic,no,no,5-12,5-12,>=7.5,Oligaemic,Fallot,no,11-30_days,no,Lt_to_Rt,Mild,Normal,Low,no
2537,no,Equal,Moderate,Normal,Oligaemic,no,no,5-12,12+,<7.5,Oligaemic,Fallot,no,0-3_days,no,Lt_to_Rt,Complete,Normal,Low,no
2538,no,Equal,Severe,High,Asy/Patch,yes,yes,<5,5-12,>=7.5,Normal,PAIVS,yes,0-3_days,yes,Lt_to_Rt,Complete,Abnormal,Low,no
2539,no,Equal,Moderate,Normal,Grd_Glass,no,no,12+,5-12,<7.5,Asy/Patchy,TGA,no,4-10_days,no,None,Transp.,Congested,High,no
2540,no,Equal,Moderate,High,Oligaemic,yes,no,5-12,<5,>=7.5,Oligaemic,TGA,yes,0-3_days,no,None,Transp.,Abnormal,High,yes
2541,no,Equal,Moderate,Normal,Asy/Patch,yes,no,5-12,5-12,<7.5,Normal,Fallot,yes,4-10_days,no,Lt_to_Rt,Complete,Abnormal,Low,no
2542,no,Equal,Moderate,Normal,Oligaemic,no,no,<5,<5,<7.5,Oligaemic,TGA,no,0-3_days,no,None,Complete,Normal,Low,no
2543,no,Equal,Moderate,Normal,Oligaemic,no,no,5-12,5-12,<7.5,Asy/Patchy,Fallot,no,11-30_days,no,Lt_to_Rt,Complete,Normal,Low,no
2544,no,Equal,Severe,Normal,Normal,no,no,<5,5-12,<7.5,Normal,TGA,no,4-10_days,no,Lt_to_Rt,Transp.,Normal,Normal,no
2545,no,Equal,Severe,Normal,Grd_Glass,no,no,5-12,<5,<7.5,Asy/Patchy,Fallot,no,0-3_days,no,Lt_to_Rt,Complete,Congested,Low,no
2546,no,Equal,Moderate,Normal,Normal,no,yes,5-12,5-12,<7.5,Normal,TGA,no,0-3_days,yes,Rt_to_Lt,Mild,Normal,Normal,no
2547,no,Equal,Moderate,Normal,Oligaemic,no,no,<5,5-12,<7.5,Oligaemic,Fallot,no,4-10_days,no,None,Complete,Normal,Low,no
2548,no,Equal,Moderate,Low,Grd_Glass,yes,no,5-12,<5,<7.5,Grd_Glass,TAPVD,yes,0-3_days,no,None,Complete,Congested,Normal,yes
2549,no,Equal,Severe,High,Asy/Patch,yes,no,5-12,12+,>=7.5,Grd_Glass,Lung,yes,0-3_days,no,Rt_to_Lt,Mild,Abnormal,Normal,yes
2550,no,Equal,Severe,Normal,Normal,no,no,12+,12+,<7.5,Normal,Fallot,no,0-3_days,no,Lt_to_Rt,Complete,Normal,Low,yes
2551,no,Equal,Mild,Low,Oligaemic,no,yes,<5,5-12,<7.5,Oligaemic,PAIVS,no,11-30_days,yes,Lt_to_Rt,Complete,Normal,Low,no
2552,no,Equal,Moderate,Normal,Normal,no,yes,<5,5-12,<7.5,Normal,PAIVS,no,4-10_days,yes,Lt_to_Rt,Complete,Normal,Low,no
2553,no,Equal,Moderate,Normal,Oligaemic,no,yes,<5,5-12,>=7.5,Oligaemic,PAIVS,yes,0-3_days,yes,Lt_to_Rt,Complete,Normal,Low,yes
2554,no,Equal,Moderate,Normal,Oligaemic,yes,yes,5-12,<5,<7.5,Asy/Patchy,PAIVS,yes,0-3_days,yes,Lt_to_Rt,Complete,Normal,Low,yes
2555,no,Equal,Severe,Normal,Plethoric,no,no,5-12,<5,<7.5,Plethoric,TGA,yes,0-3_days,no,None,Transp.,Normal,High,no
2556,no,Equal,Moderate,Low,Oligaemic,yes,yes,5-12,5-12,<7.5,Oligaemic,PAIVS,yes,0-3_days,yes,Lt_to_Rt,Complete,Normal,Low,no
2557,no,Equal,Severe,High,Normal,no,no,5-12,5-12,>=7.5,Normal,Fallot,no,0-3_days,no,Lt_to_Rt,Complete,Normal,Low,yes
2558,no,Equal,Mild,Normal,Oligaemic,no,no,12+,5-12,<7.5,Oligaemic,Fallot,no,4-10_days,no,Lt_to_Rt,Complete,Normal,Low,no
2559,yes,Equal,Severe,Normal,Asy/Patch,yes,yes,<5,12+,>=7.5,Asy/Patchy,TGA,yes,4-10_days,no,None,Transp.,Normal,Normal,no
2560,no,Equal,Severe,Normal,Plethoric,no,no,<5,<5,<7.5,Plethoric,TGA,no,0-3_days,no,None,Transp.,Normal,High,no
2561,no,Equal,Moderate,High,Asy/Patch,yes,no,5-12,<5,>=7.5,Grd_Glass,Fallot,yes,4-10_days,no,Lt_to_Rt,Complete,Abnormal,Low,no
2562,no,Equal,Severe,High,Oligaemic,yes,no,<5,5-12,>=7.5,Oligaemic,TAPVD,yes,0-3_days,no,Rt_to_Lt,Complete,Abnormal,High,yes
2563,no,Equal,Severe,Low,Normal,no,no,<5,<5,<7.5,Normal,TGA,no,0-3_days,no,Lt_to_Rt,Transp.,Normal,Normal,no
2564,no,Unequal,Severe,Normal,Asy/Patch,yes,no,5-12,5-12,<7.5,Asy/Patchy,TGA,no,0-3_days,no,Rt_to_Lt,Transp.,Abnormal,Normal,no
2565,no,Equal,Severe,Normal,Plethoric,no,no,5-12,<5,<7.5,Asy/Patchy,TGA,no,0-3_days,no,Lt_to_Rt,Transp.,Normal,High,yes
2566,no,Equal,Moderate,Normal,Normal,yes,no,5-12,5-12,<7.5,Normal,Lung,yes,0-3_days,no,Lt_to_Rt,Mild,Abnormal,Normal,no
2567,no,Equal,Moderate,Normal,Grd_Glass,no,yes,<5,<5,<7.5,Grd_Glass,PAIVS,no,0-3_days,yes,Lt_to_Rt,Complete,Normal,Low,no
2568,no,Equal,Moderate,Normal,Oligaemic,no,yes,<5,5-12,<7.5,Oligaemic,PAIVS,no,4-10_days,yes,Lt_to_Rt,Complete,Normal,Low,yes
2569,no,Equal,Moderate,Normal,Normal,no,no,5-12,5-12,<7.5,Oligaemic,TGA,no,11-30_days,no,Lt_to_Rt,Transp.,Normal,High,no
2570,no,Equal,Severe,Normal,Asy/Patch,yes,no,5-12,5-12,<7.5,Normal,TAPVD,yes,11-30_days,no,Rt_to_Lt,Complete,Congested,High,no
2571,no,Equal,Mild,Normal,Oligaemic,yes,no,<5,12+,<7.5,Normal,Fallot,yes,11-30_days,no,Lt_to_Rt,Complete,Abnormal,High,no
2572,no,Equal,Mild,Normal,Normal,no,no,12+,12+,<7.5,Normal,Fallot,no,0-3_days,no,Lt_to_Rt,Complete,Normal,Normal,no
2573,no,Equal,Severe,Normal,Plethoric,no,no,5-12,5-12,<7.5,Plethoric,TGA,no,0-3_days,no,None,Transp.,Normal,High,no
2574,no,Equal,Severe,Normal,Plethoric,no,no,<5,5-12,<7.5,Plethoric,TGA,no,4-10_days,no,None,Transp.,Normal,High,no
2575,no,Equal,Severe,Normal,Plethoric,no,no,<5,5-12,<7.5,Plethoric,TGA,no,0-3_days,no,None,Transp.,Normal,High,no
2576,no,Equal,Severe,High,Asy/Patch,yes,no,<5,<5,<7.5,Asy/Patchy,TGA,no,4-10_days,no,Rt_to_Lt,Transp.,Abnormal,Normal,yes
2577,no,Equal,Severe,Normal,Asy/Patch,no,no,<5,5-12,<7.5,Asy/Patchy,Lung,yes,4-10_days,no,None,Mild,Abnormal,Normal,no
2578,no,Unequal,Severe,Normal,Asy/Patch,yes,yes,<5,5-12,<7.5,Plethoric,PAIVS,yes,4-10_days,yes,Lt_to_Rt,Complete,Abnormal,Low,yes
2579,no,Equal,Moderate,Normal,Oligaemic,no,no,<5,12+,<7.5,Grd_Glass,PAIVS,no,0-3_days,yes,Lt_to_Rt,Complete,Normal,Low,no
2580,no,Equal,Severe,Normal,Plethoric,no,no,<5,5-12,<7.5,Plethoric,TGA,no,0-3_days,no,None,Transp.,Normal,High,no
2581,no,Equal,Moderate,Normal,Normal,no,no,5-12,<5,<7.5,Plethoric,Fallot,no,4-10_days,no,None,Complete,Normal,Low,no
2582,no,Equal,Severe,Normal,Plethoric,no,no,12+,12+,<7.5,Plethoric,TGA,no,0-3_days,no,None,Transp.,Normal,High,yes
2583,no,Equal,Moderate,Low,Oligaemic,no,no,<5,12+,<7.5,Oligaemic,Fallot,yes,4-10_days,no,Lt_to_Rt,Complete,Normal,Low,no
2584,no,Equal,Moderate,High,Grd_Glass,no,no,<5,5-12,>=7.5,Asy/Patchy,TAPVD,no,0-3_days,no,Lt_to_Rt,Complete,Congested,Normal,yes
2585,no,Unequal,Severe,Normal,Grd_Glass,no,yes,<5,<5,<7.5,Asy/Patchy,TGA,no,0-3_days,no,None,Transp.,Normal,High,no
2586,no,Equal,Mild,Normal,Oligaemic,no,yes,12+,5-12,<7.5,Oligaemic,PAIVS,yes,4-10_days,yes,Lt_to_Rt,Complete,Normal,Low,no
2587,no,Equal,Moderate,High,Asy/Patch,no,no,5-12,5-12,>=7.5,Asy/Patchy,Fallot,no,0-3_days,no,Lt_to_Rt,Complete,Abnormal,Low,no
2588,yes,Equal,Mild,Normal,Asy/Patch,yes,yes,12+,<5,<7.5,Asy/Patchy,PFC,yes,0-3_days,yes,Rt_to_Lt,None,Abnormal,Normal,yes
2589,no,Equal,Moderate,Low,Oligaemic,no,no,5-12,<5,<7.5,Oligaemic,PAIVS,no,0-3_days,yes,Lt_to_Rt,Complete,Normal,Low,yes
2590,no,Equal,Moderate,Normal,Normal,yes,no,<5,5-12,>=7.5,Oligaemic,PFC,no,0-3_days,no,Rt_to_Lt,Mild,Normal,Normal,yes
2591,no,Equal,Moderate,Low,Plethoric,no,no,5-12,<5,<7.5,Plethoric,Fallot,no,0-3_days,no,Lt_to_Rt,Complete,Normal,Low,no
2592,no,Equal,Severe,Normal,Plethoric,no,no,5-12,<5,<7.5,Plethoric,TGA,no,0-3_days,no,None,Transp.,Normal,High,yes
2593,no,Equal,Severe,Normal,Normal,yes,no,12+,5-12,>=7.5,Normal,Fallot,yes,4-10_days,no,Lt_to_Rt,Complete,Abnormal,High,no
2594,no,Equal,Severe,Low,Oligaemic,no,no,<5,<5,<7.5,Oligaemic,Fallot,no,11-30_days,no,Lt_to_Rt,Complete,Normal,Low,no
2595,no,Equal,Moderate,High,Asy/Patch,no,no,12+,5-12,<7.5,Asy/Patchy,TAPVD,no,11-30_days,no,None,Complete,Congested,High,yes
2596,no,Equal,Severe,High,Plethoric,no,no,<5,<5,>=7.5,Plethoric,TGA,no,0-3_days,no,None,Mild,Normal,High,yes
2597,no,Equal,Moderate,Normal,Plethoric,yes,no,5-12,5-12,<7.5,Plethoric,TGA,yes,4-10_days,no,None,Complete,Congested,High,yes
2598,no,Equal,Severe,Normal,Plethoric,no,yes,5-12,<5,>=7.5,Plethoric,TGA,no,0-3_days,no,None,Transp.,Normal,High,yes
2599,no,Equal,Severe,Normal,Plethoric,no,no,<5,<5,<7.5,Normal,TGA,no,11-30_days,no,None,Complete,Normal,High,no
2600,no,Equal,Severe,High,Oligaemic,yes,no,<5,<5,<7.5,Oligaemic,Fallot,yes,4-10_days,no,Lt_to_Rt,Complete,Abnormal,Low,no
2601,yes,Equal,Severe,High,Grd_Glass,no,no,5-12,5-12,>=7.5,Grd_Glass,Fallot,no,0-3_days,no,Lt_to_Rt,Mild,Congested,Normal,yes
2602,no,Equal,Severe,Normal,Normal,no,no,5-12,5-12,<7.5,Oligaemic,TGA,no,0-3_days,no,None,Transp.,Normal,Normal,no
2603,no,Equal,Moderate,Normal,Normal,no,no,5-12,12+,<7.5,Normal,Fallot,no,0-3_days,no,Lt_to_Rt,Complete,Normal,Low,no
2604,no,Equal,Moderate,Low,Oligaemic,no,yes,5-12,<5,<7.5,Oligaemic,PAIVS,yes,0-3_days,yes,Lt_to_Rt,Complete,Normal,Low,yes
2605,yes,Equal,Moderate,High,Oligaemic,no,yes,12+,5-12,>=7.5,Normal,PAIVS,no,0-3_days,yes,Lt_to_Rt,Complete,Abnormal,Low,no
2606,no,Unequal,Moderate,Normal,Normal,no,no,5-12,<5,<7.5,Normal,PFC,no,0-3_days,no,Rt_to_Lt,Mild,Normal,Normal,no
2607,no,Equal,Moderate,Normal,Plethoric,no,yes,5-12,5-12,<7.5,Plethoric,PAIVS,no,0-3_days,yes,Lt_to_Rt,Complete,Normal,High,no
2608,yes,Unequal,Severe,High,Asy/Patch,yes,no,5-12,5-12,>=7.5,Plethoric,PFC,no,0-3_days,no,Rt_to_Lt,Mild,Abnormal,Low,yes
2609,no,Unequal,Severe,Normal,Asy/Patch,yes,yes,5-12,5-12,<7.5,Asy/Patchy,PAIVS,yes,0-3_days,yes,Lt_to_Rt,Complete,Abnormal,Low,no
2610,no,Equal,Moderate,Normal,Oligaemic,no,no,12+,5-12,<7.5,Oligaemic,Fallot,no,11-30_days,no,Lt_to_Rt,Complete,Normal,Low,no
2611,no,Equal,Moderate,Normal,Normal,no,no,5-12,5-12,<7.5,Asy/Patchy,Fallot,no,0-3_days,no,Lt_to_Rt,Complete,Normal,Normal,no
2612,no,Equal,Moderate,High,Oligaemic,yes,no,5-12,5-12,<7.5,Oligaemic,Lung,yes,0-3_days,no,Lt_to_Rt,Mild,Abnormal,Normal,no
2613,no,Equal,Severe,High,Oligaemic,no,no,5-12,<5,>=7.5,Oligaemic,TGA,no,0-3_days,no,None,Transp.,Abnormal,High,no
2614,no,Equal,Mild,Normal,Oligaemic,no,no,5-12,12+,<7.5,Oligaemic,Fallot,no,4-10_days,no,None,Complete,Normal,Low,no
2615,no,Equal,Severe,Low,Normal,no,yes,<5,<5,<7.5,Normal,Fallot,no,4-10_days,yes,None,Complete,Normal,Normal,no
2616,no,Equal,Moderate,High,Oligaemic,yes,no,5-12,5-12,>=7.5,Oligaemic,TGA,yes,0-3_days,no,None,Complete,Abnormal,High,yes
2617,no,Equal,Moderate,Normal,Oligaemic,no,no,5-12,5-12,<7.5,Oligaemic,Fallot,no,11-30_days,no,Lt_to_Rt,Complete,Normal,Low,no
2618,no,Equal,Severe,Normal,Oligaemic,no,yes,5-12,5-12,<7.5,Oligaemic,Fallot,yes,11-30_days,no,Lt_to_Rt,Complete,Normal,Low,no
2619,yes,Equal,Moderate,Normal,Oligaemic,no,no,5-12,5-12,<7.5,Oligaemic,Fallot,yes,11-30_days,no,Lt_to_Rt,Complete,Normal,Low,no
2620,no,Equal,Moderate,Normal,Oligaemic,no,yes,12+,5-12,<7.5,Asy/Patchy,PAIVS,no,4-10_days,yes,Lt_to_Rt,Complete,Normal,Low,yes
2621,no,Equal,Severe,Normal,Normal,no,no,<5,5-12,<7.5,Normal,TGA,no,0-3_days,no,None,Transp.,Normal,High,no
2622,no,Equal,Severe,Normal,Normal,yes,no,5-12,<5,<7.5,Asy/Patchy,TGA,yes,0-3_days,no,None,Transp.,Normal,Normal,yes
2623,yes,Equal,Severe,Normal,Plethoric,no,no,<5,5-12,<7.5,Plethoric,TGA,no,0-3_days,no,None,Transp.,Normal,High,no
2624,no,Equal,Moderate,Normal,Oligaemic,no,no,<5,12+,<7.5,Oligaemic,Fallot,no,11-30_days,no,Lt_to_Rt,Complete,Normal,Low,yes
2625,yes,Equal,Severe,Normal,Oligaemic,no,no,5-12,<5,<7.5,Oligaemic,TAPVD,no,0-3_days,no,None,Complete,Congested,Low,no
2626,no,Unequal,Severe,High,Plethoric,no,yes,5-12,5-12,>=7.5,Plethoric,TGA,yes,4-10_days,yes,Rt_to_Lt,Transp.,Normal,High,no
2627,no,Equal,Severe,Normal,Plethoric,no,no,5-12,5-12,<7.5,Plethoric,TGA,no,0-3_days,no,None,Transp.,Normal,High,no
2628,no,Equal,Severe,Low,Normal,yes,yes,5-12,5-12,<7.5,Oligaemic,TGA,yes,4-10_days,yes,None,Transp.,Normal,Normal,no
2629,no,Equal,Moderate,Normal,Oligaemic,no,no,<5,5-12,<7.5,Oligaemic,Fallot,no,4-10_days,no,None,Complete,Normal,Low,no
2630,yes,Equal,Severe,Normal,Plethoric,no,no,5-12,5-12,<7.5,Asy/Patchy,TGA,no,11-30_days,no,None,Complete,Normal,High,no
2631,no,Equal,Moderate,Normal,Plethoric,no,no,5-12,5-12,<7.5,Plethoric,TGA,yes,4-10_days,no,None,Transp.,Normal,High,no
2632,no,Equal,Severe,Normal,Oligaemic,no,yes,<5,12+,<7.5,Oligaemic,PAIVS,no,4-10_days,yes,Lt_to_Rt,Complete,Normal,Low,no
2633,yes,Equal,Severe,High,Grd_Glass,yes,no,<5,5-12,>=7.5,Grd_Glass,TGA,yes,11-30_days,no,Lt_to_Rt,Transp.,Abnormal,High,no
2634,no,Unequal,Severe,Normal,Plethoric,yes,no,5-12,12+,<7.5,Normal,TGA,yes,4-10_days,no,None,Transp.,Abnormal,High,yes
2635,no,Equal,Severe,High,Normal,no,no,5-12,5-12,>=7.5,Normal,TGA,no,0-3_days,no,None,Transp.,Normal,High,no
2636,no,Equal,Severe,Normal,Normal,no,no,<5,5-12,>=7.5,Oligaemic,TGA,no,4-10_days,no,None,Transp.,Normal,High,yes
2637,no,Equal,Moderate,Low,Normal,no,no,<5,<5,<7.5,Normal,Fallot,no,4-10_days,no,None,Complete,Normal,Normal,yes
2638,no,Equal,Moderate,Normal,Plethoric,yes,no,5-12,5-12,<7.5,Plethoric,Fallot,yes,11-30_days,no,Lt_to_Rt,Complete,Abnormal,Normal,no
2639,no,Equal,Moderate,Normal,Oligaemic,no,no,5-12,5-12,<7.5,Oligaemic,Fallot,no,11-30_days,no,None,Complete,Normal,Low,no
2640,no,Equal,Moderate,Normal,Oligaemic,no,no,<5,5-12,<7.5,Oligaemic,PAIVS,no,0-3_days,yes,Lt_to_Rt,Mild,Normal,Low,no
2641,no,Equal,Moderate,Normal,Asy/Patch,yes,no,5-12,5-12,<7.5,Asy/Patchy,PAIVS,yes,4-10_days,yes,Lt_to_Rt,Complete,Abnormal,Low,yes
2642,no,Equal,Moderate,Normal,Oligaemic,no,yes,5-12,5-12,<7.5,Oligaemic,PAIVS,no,0-3_days,yes,Lt_to_Rt,Complete,Normal,Low,no
2643,no,Equal,Severe,Normal,Plethoric,no,no,5-12,<5,<7.5,Plethoric,TGA,no,0-3_days,no,None,Transp.,Normal,High,no
2644,no,Equal,Mild,High,Oligaemic,yes,no,12+,5-12,>=7.5,Oligaemic,Fallot,yes,11-30_days,no,Lt_to_Rt,Mild,Abnormal,Low,no
2645,no,Equal,Mild,Normal,Oligaemic,no,no,12+,5-12,<7.5,Oligaemic,Fallot,no,0-3_days,no,Lt_to_Rt,Mild,Normal,Low,no
2646,no,Equal,Moderate,Normal,Oligaemic,no,yes,<5,12+,<7.5,Oligaemic,PAIVS,no,0-3_days,yes,Lt_to_Rt,Complete,Normal,Low,no
2647,no,Equal,Moderate,Normal,Normal,no,no,<5,<5,<7.5,Normal,TGA,no,0-3_days,no,None,Complete,Normal,Normal,no
2648,no,Equal,Moderate,Normal,Oligaemic,no,yes,5-12,<5,<7.5,Oligaemic,PAIVS,no,4-10_days,yes,Lt_to_Rt,Transp.,Normal,Low,no
2649,no,Unequal,Mild,Normal,Plethoric,no,no,12+,5-12,<7.5,Plethoric,TGA,no,0-3_days,no,Rt_to_Lt,Transp.,Normal,High,no
2650,no,Equal,Mild,Normal,Asy/Patch,yes,yes,12+,12+,<7.5,Asy/Patchy,PAIVS,no,4-10_days,yes,Lt_to_Rt,Complete,Normal,Low,no
2651,no,Equal,Moderate,High,Asy/Patch,no,yes,<5,<5,>=7.5,Asy/Patchy,PAIVS,no,4-10_days,yes,Lt_to_Rt,Complete,Abnormal,Low,no
2652,no,Equal,Moderate,Normal,Oligaemic,no,no,<5,5-12,<7.5,Oligaemic,Fallot,yes,11-30_days,no,None,Complete,Normal,Low,no
2653,no,Equal,Severe,High,Grd_Glass,yes,no,<5,<5,>=7.5,Asy/Patchy,TAPVD,yes,0-3_days,no,None,Complete,Abnormal,High,yes
2654,no,Equal,Severe,Normal,Oligaemic,no,yes,<5,5-12,<7.5,Normal,PAIVS,no,0-3_days,yes,Lt_to_Rt,Complete,Normal,Low,no
2655,no,Equal,Severe,Normal,Oligaemic,yes,no,5-12,5-12,<7.5,Oligaemic,PAIVS,yes,0-3_days,yes,Lt_to_Rt,Complete,Normal,Low,yes
2656,no,Equal,Severe,Normal,Asy/Patch,no,yes,<5,<5,<7.5,Normal,PAIVS,no,0-3_days,yes,Lt_to_Rt,Complete,Abnormal,Low,no
2657,no,Equal,Mild,High,Grd_Glass,no,no,12+,5-12,>=7.5,Asy/Patchy,TAPVD,no,0-3_days,no,Rt_to_Lt,Complete,Congested,Normal,yes
2658,no,Equal,Moderate,Normal,Oligaemic,no,yes,<5,5-12,<7.5,Asy/Patchy,PAIVS,no,0-3_days,yes,Lt_to_Rt,Complete,Normal,Low,yes
2659,no,Unequal,Moderate,High,Asy/Patch,yes,yes,5-12,5-12,>=7.5,Asy/Patchy,PFC,yes,0-3_days,no,Rt_to_Lt,None,Abnormal,Low,no
2660,no,Equal,Moderate,Normal,Plethoric,no,no,5-12,5-12,<7.5,Plethoric,TGA,no,0-3_days,no,None,Transp.,Normal,High,no
2661,no,Equal,Severe,High,Asy/Patch,yes,yes,<5,5-12,>=7.5,Asy/Patchy,TGA,yes,4-10_days,yes,Rt_to_Lt,Complete,Abnormal,Normal,yes
2662,no,Equal,Mild,Normal,Oligaemic,no,no,12+,5-12,<7.5,Grd_Glass,Fallot,no,11-30_days,no,Lt_to_Rt,None,Normal,Low,no
2663,no,Equal,Moderate,Normal,Oligaemic,no,yes,5-12,5-12,<7.5,Oligaemic,PAIVS,no,11-30_days,yes,Lt_to_Rt,Complete,Normal,Low,no
2664,no,Equal,Mild,Normal,Oligaemic,no,yes,5-12,12+,<7.5,Oligaemic,PAIVS,no,0-3_days,yes,Lt_to_Rt,Mild,Normal,Low,no
2665,no,Equal,Moderate,Normal,Asy/Patch,yes,no,5-12,5-12,<7.5,Asy/Patchy,Lung,yes,4-10_days,no,Rt_to_Lt,Mild,Abnormal,Normal,yes
2666,no,Equal,Severe,Normal,Plethoric,no,no,5-12,<5,<7.5,Normal,Fallot,no,0-3_days,no,Lt_to_Rt,Complete,Congested,High,no
2667,no,Equal,Mild,Normal,Oligaemic,no,no,12+,5-12,>=7.5,Asy/Patchy,Fallot,no,11-30_days,no,Lt_to_Rt,Complete,Normal,Low,no
2668,no,Equal,Mild,Normal,Plethoric,no,no,5-12,5-12,>=7.5,Plethoric,TGA,no,4-10_days,no,None,None,Normal,High,no
2669,no,Equal,Moderate,Normal,Oligaemic,no,yes,5-12,<5,>=7.5,Oligaemic,PAIVS,no,0-3_days,yes,Lt_to_Rt,Complete,Normal,Low,no
2670,no,Equal,Mild,Normal,Oligaemic,no,no,12+,12+,<7.5,Oligaemic,TGA,no,11-30_days,no,None,None,Normal,High,no
2671,no,Equal,Moderate,Normal,Plethoric,no,no,5-12,5-12,<7.5,Asy/Patchy,TGA,no,0-3_days,yes,None,Transp.,Normal,High,yes
2672,no,Equal,Moderate,Normal,Plethoric,no,yes,<5,5-12,<7.5,Plethoric,PAIVS,no,0-3_days,yes,Lt_to_Rt,Complete,Normal,High,no
2673,no,Equal,Moderate,Normal,Oligaemic,no,yes,<5,12+,>=7.5,Oligaemic,PAIVS,no,0-3_days,yes,Lt_to_Rt,Complete,Normal,Low,no
2674,no,Equal,Moderate,Normal,Plethoric,no,no,<5,5-12,<7.5,Plethoric,TAPVD,yes,0-3_days,no,None,Complete,Normal,High,yes
2675,no,Unequal,Severe,Normal,Plethoric,no,no,5-12,5-12,<7.5,Plethoric,TGA,no,0-3_days,no,Rt_to_Lt,Transp.,Normal,High,no
2676,no,Equal,Moderate,Normal,Oligaemic,no,yes,5-12,12+,<7.5,Normal,PAIVS,no,0-3_days,yes,Lt_to_Rt,Complete,Normal,Low,yes
2677,no,Equal,Severe,Normal,Normal,no,yes,12+,5-12,<7.5,Normal,TGA,no,4-10_days,no,None,Transp.,Normal,Normal,yes
2678,no,Equal,Severe,Normal,Asy/Patch,no,no,5-12,<5,<7.5,Asy/Patchy,TGA,no,0-3_days,no,None,Transp.,Normal,High,no
2679,no,Equal,Severe,Normal,Normal,no,no,5-12,5-12,<7.5,Normal,Fallot,yes,0-3_days,no,Lt_to_Rt,Complete,Normal,Normal,no
2680,no,Equal,Mild,Normal,Asy/Patch,yes,no,5-12,5-12,<7.5,Asy/Patchy,Lung,yes,0-3_days,no,None,Mild,Abnormal,Normal,yes
2681,no,Equal,Severe,Normal,Oligaemic,no,yes,<5,12+,<7.5,Oligaemic,PAIVS,no,0-3_days,yes,Lt_to_Rt,Complete,Normal,Low,no
2682,no,Equal,Moderate,Normal,Oligaemic,no,no,5-12,5-12,<7.5,Asy/Patchy,PFC,no,0-3_days,no,Rt_to_Lt,Mild,Normal,Low,no
2683,no,Equal,Severe,Normal,Plethoric,no,no,<5,12+,<7.5,Plethoric,TGA,yes,11-30_days,no,None,Transp.,Normal,High,yes
2684,no,Equal,Severe,Normal,Asy/Patch,no,no,<5,5-12,<7.5,Asy/Patchy,TAPVD,no,0-3_days,no,Lt_to_Rt,Complete,Congested,Low,yes
2685,no,Equal,Severe,High,Normal,no,yes,12+,<5,>=7.5,Normal,PAIVS,no,4-10_days,yes,Lt_to_Rt,Complete,Normal,Normal,no
2686,no,Equal,Moderate,Normal,Oligaemic,no,yes,<5,5-12,<7.5,Oligaemic,PAIVS,yes,0-3_days,yes,Lt_to_Rt,Complete,Normal,Low,yes
2687,no,Unequal,Mild,Low,Oligaemic,no,no,5-12,12+,<7.5,Oligaemic,PFC,no,0-3_days,no,Rt_to_Lt,None,Normal,Low,no
2688,no,Unequal,Severe,Normal,Oligaemic,no,no,<5,5-12,<7.5,Oligaemic,TGA,no,4-10_days,no,Rt_to_Lt,Transp.,Normal,Low,no
2689,no,Equal,Moderate,Normal,Normal,no,yes,5-12,5-12,<7.5,Normal,Fallot,yes,11-30_days,yes,Lt_to_Rt,Complete,Normal,Low,no
2690,no,Equal,Severe,Normal,Oligaemic,no,no,5-12,5-12,<7.5,Oligaemic,Fallot,no,11-30_days,no,Lt_to_Rt,Complete,Normal,Low,no
2691,no,Equal,Moderate,Normal,Oligaemic,yes,no,5-12,5-12,<7.5,Asy/Patchy,Fallot,yes,11-30_days,no,None,Complete,Congested,Low,no
2692,no,Equal,Moderate,Normal,Grd_Glass,no,no,<5,<5,<7.5,Asy/Patchy,Lung,no,0-3_days,no,None,Complete,Congested,Normal,yes
2693,no,Unequal,Mild,Normal,Asy/Patch,yes,no,5-12,12+,<7.5,Asy/Patchy,PFC,yes,0-3_days,no,Rt_to_Lt,None,Abnormal,Low,yes
2694,no,Equal,Mild,Normal,Asy/Patch,yes,yes,12+,5-12,<7.5,Asy/Patchy,Fallot,no,0-3_days,yes,Lt_to_Rt,None,Abnormal,Normal,yes
2695,no,Equal,Mild,High,Grd_Glass,no,yes,<5,5-12,>=7.5,Grd_Glass,Lung,no,0-3_days,yes,None,None,Abnormal,High,no
2696,no,Equal,Moderate,Normal,Grd_Glass,no,yes,12+,5-12,<7.5,Grd_Glass,PAIVS,no,11-30_days,yes,Lt_to_Rt,Complete,Congested,Low,no
2697,no,Equal,Severe,High,Plethoric,no,no,<5,5-12,>=7.5,Plethoric,TGA,no,0-3_days,no,None,Transp.,Normal,High,no
2698,no,Equal,Moderate,Normal,Oligaemic,no,no,5-12,5-12,<7.5,Oligaemic,Fallot,no,11-30_days,no,None,Complete,Normal,Low,no
2699,no,Equal,Moderate,High,Asy/Patch,no,yes,5-12,5-12,>=7.5,Asy/Patchy,PAIVS,no,0-3_days,yes,Lt_to_Rt,Complete,Abnormal,Low,no
2700,no,Equal,Mild,Low,Grd_Glass,no,yes,12+,12+,>=7.5,Grd_Glass,Fallot,no,11-30_days,yes,Lt_to_Rt,Complete,Congested,Normal,no
2701,no,Equal,Moderate,Normal,Oligaemic,no,no,12+,12+,<7.5,Plethoric,PAIVS,yes,0-3_days,yes,Lt_to_Rt,Complete,Normal,Low,no
2702,no,Equal,Moderate,Normal,Normal,yes,no,<5,5-12,>=7.5,Normal,TAPVD,no,0-3_days,no,None,Complete,Abnormal,High,yes
2703,yes,Equal,Severe,High,Grd_Glass,no,no,<5,<5,>=7.5,Grd_Glass,PAIVS,no,0-3_days,yes,Lt_to_Rt,Complete,Congested,Normal,no
2704,no,Equal,Mild,High,Normal,no,no,12+,12+,>=7.5,Normal,Fallot,no,11-30_days,no,Lt_to_Rt,Complete,Normal,Normal,no
2705,yes,Equal,Severe,Normal,Oligaemic,no,yes,5-12,<5,>=7.5,Oligaemic,Fallot,no,11-30_days,yes,None,Complete,Normal,Low,no
2706,no,Equal,Severe,Normal,Normal,no,no,<5,5-12,<7.5,Oligaemic,TGA,no,0-3_days,no,Rt_to_Lt,Transp.,Normal,Normal,no
2707,no,Unequal,Moderate,Normal,Oligaemic,no,no,<5,<5,<7.5,Oligaemic,PFC,no,0-3_days,no,Rt_to_Lt,Mild,Normal,Low,no
2708,no,Unequal,Severe,Low,Grd_Glass,no,no,5-12,<5,<7.5,Oligaemic,TGA,no,0-3_days,no,Rt_to_Lt,Transp.,Normal,High,yes
2709,no,Equal,Severe,Normal,Normal,no,yes,<5,5-12,<7.5,Normal,TGA,no,0-3_days,yes,None,Transp.,Normal,Normal,no
2710,no,Equal,Severe,Normal,Normal,no,no,5-12,<5,<7.5,Normal,TGA,no,0-3_days,no,None,Transp.,Normal,High,no
2711,no,Unequal,Severe,High,Plethoric,yes,no,12+,5-12,>=7.5,Plethoric,Lung,yes,4-10_days,no,Rt_to_Lt,Mild,Congested,Normal,yes
2712,no,Equal,Severe,Normal,Plethoric,no,no,<5,5-12,<7.5,Plethoric,TGA,no,0-3_days,no,None,Transp.,Normal,High,yes
2713,no,Equal,Severe,Normal,Normal,no,no,5-12,5-12,<7.5,Asy/Patchy,TGA,no,0-3_days,no,None,Transp.,Normal,Normal,no
2714,no,Equal,Mild,Normal,Oligaemic,no,no,12+,12+,>=7.5,Oligaemic,Fallot,no,0-3_days,no,Lt_to_Rt,Mild,Normal,Low,no
2715,no,Equal,Moderate,Normal,Oligaemic,no,yes,<5,12+,<7.5,Oligaemic,PAIVS,no,0-3_days,yes,Lt_to_Rt,Complete,Normal,Low,no
2716,no,Equal,Moderate,Normal,Normal,no,no,5-12,<5,>=7.5,Normal,PFC,no,0-3_days,no,Rt_to_Lt,Complete,Normal,Normal,yes
2717,no,Equal,Severe,Normal,Grd_Glass,yes,no,<5,5-12,<7.5,Asy/Patchy,TGA,yes,0-3_days,no,Rt_to_Lt,Transp.,Abnormal,High,no
2718,no,Equal,Severe,High,Grd_Glass,yes,no,5-12,5-12,>=7.5,Grd_Glass,Lung,yes,0-3_days,no,None,Complete,Abnormal,High,no
2719,no,Equal,Severe,Low,Plethoric,no,yes,<5,5-12,<7.5,Plethoric,TGA,no,0-3_days,yes,None,Transp.,Normal,High,no
2720,no,Equal,Severe,High,Asy/Patch,yes,no,<5,<5,>=7.5,Asy/Patchy,Fallot,yes,11-30_days,no,Lt_to_Rt,Complete,Abnormal,Low,no
2721,no,Equal,Moderate,Normal,Oligaemic,no,no,<5,<5,<7.5,Oligaemic,PAIVS,no,0-3_days,no,Lt_to_Rt,Complete,Normal,Low,no
2722,no,Equal,Severe,Normal,Normal,no,no,<5,<5,>=7.5,Normal,Fallot,no,11-30_days,no,Lt_to_Rt,Complete,Normal,Normal,no
2723,no,Equal,Moderate,Normal,Oligaemic,no,yes,<5,5-12,<7.5,Oligaemic,PAIVS,no,0-3_days,yes,Lt_to_Rt,Complete,Normal,Low,no
2724,no,Equal,Severe,Normal,Oligaemic,no,yes,<5,5-12,<7.5,Oligaemic,PAIVS,no,0-3_days,yes,Lt_to_Rt,Complete,Normal,Low,no
2725,no,Equal,Moderate,Normal,Plethoric,no,no,5-12,<5,<7.5,Plethoric,TGA,no,4-10_days,no,Lt_to_Rt,Mild,Normal,High,no
2726,no,Equal,Moderate,Normal,Plethoric,no,no,5-12,5-12,<7.5,Oligaemic,TGA,no,0-3_days,no,None,Mild,Normal,High,no
2727,no,Equal,Moderate,High,Grd_Glass,yes,yes,5-12,5-12,>=7.5,Asy/Patchy,PAIVS,yes,11-30_days,yes,Lt_to_Rt,Complete,Congested,Low,no
2728,no,Equal,Moderate,Normal,Oligaemic,no,yes,<5,<5,<7.5,Oligaemic,PAIVS,no,4-10_days,yes,Lt_to_Rt,Complete,Normal,Low,no
2729,no,Equal,Moderate,Normal,Oligaemic,no,no,5-12,5-12,<7.5,Normal,Fallot,yes,0-3_days,no,Lt_to_Rt,Mild,Normal,Low,no
2730,yes,Equal,Moderate,Normal,Oligaemic,no,yes,5-12,5-12,<7.5,Oligaemic,PAIVS,no,0-3_days,yes,Lt_to_Rt,Complete,Normal,Low,no
2731,no,Unequal,Severe,High,Oligaemic,yes,no,12+,12+,>=7.5,Normal,Lung,yes,11-30_days,no,Rt_to_Lt,Mild,Abnormal,Normal,yes
2732,yes,Equal,Moderate,Normal,Asy/Patch,no,yes,5-12,5-12,<7.5,Asy/Patchy,PFC,no,0-3_days,yes,Lt_to_Rt,None,Congested,High,no
2733,no,Equal,Moderate,High,Oligaemic,yes,no,<5,<5,>=7.5,Oligaemic,PAIVS,yes,0-3_days,yes,Lt_to_Rt,Complete,Abnormal,Low,no
2734,no,Unequal,Moderate,Normal,Oligaemic,no,no,12+,5-12,<7.5,Oligaemic,Fallot,no,4-10_days,no,Lt_to_Rt,Mild,Normal,Low,yes
2735,no,Equal,Moderate,Normal,Normal,no,yes,<5,5-12,<7.5,Normal,PAIVS,no,11-30_days,yes,Lt_to_Rt,Complete,Normal,Normal,no
2736,no,Equal,Severe,Normal,Oligaemic,no,no,<5,5-12,<7.5,Normal,Fallot,no,0-3_days,no,Lt_to_Rt,Transp.,Abnormal,Low,no
2737,no,Equal,Moderate,Normal,Oligaemic,no,yes,5-12,5-12,<7.5,Asy/Patchy,PAIVS,no,0-3_days,yes,Lt_to_Rt,Complete,Normal,Low,yes
2738,no,Equal,Moderate,Low,Oligaemic,no,yes,<5,5-12,<7.5,Oligaemic,PAIVS,yes,0-3_days,yes,Lt_to_Rt,Complete,Normal,Low,no
2739,yes,Equal,Moderate,Normal,Normal,no,no,5-12,<5,<7.5,Normal,Fallot,no,0-3_days,no,None,Complete,Normal,Normal,yes
2740,no,Equal,Moderate,Normal,Normal,no,no,5-12,<5,<7.5,Normal,Fallot,no,0-3_days,no,Lt_to_Rt,Complete,Normal,Low,no
2741,no,Unequal,Severe,Normal,Grd_Glass,no,no,<5,5-12,>=7.5,Grd_Glass,TAPVD,yes,0-3_days,no,None,Complete,Congested,High,yes
2742,no,Equal,Mild,Normal,Oligaemic,no,no,12+,5-12,<7.5,Oligaemic,Fallot,no,11-30_days,no,None,Complete,Normal,Low,no
2743,no,Equal,Mild,Normal,Oligaemic,no,yes,5-12,5-12,<7.5,Oligaemic,Fallot,no,11-30_days,no,Lt_to_Rt,Complete,Normal,Low,no
2744,no,Equal,Moderate,Normal,Plethoric,no,no,5-12,<5,<7.5,Normal,TGA,no,0-3_days,no,Rt_to_Lt,Transp.,Normal,High,no
2745,no,Equal,Mild,High,Grd_Glass,no,no,5-12,12+,>=7.5,Grd_Glass,TGA,no,0-3_days,no,None,Transp.,Congested,High,no
2746,yes,Equal,Severe,Normal,Plethoric,no,no,<5,5-12,<7.5,Grd_Glass,TGA,yes,0-3_days,no,Lt_to_Rt,Transp.,Normal,High,no
2747,no,Equal,Moderate,Normal,Grd_Glass,yes,no,5-12,<5,<7.5,Grd_Glass,Lung,yes,0-3_days,no,Rt_to_Lt,Mild,Abnormal,High,yes
2748,no,Equal,Moderate,High,Plethoric,no,no,5-12,12+,>=7.5,Plethoric,TAPVD,no,11-30_days,no,Rt_to_Lt,Complete,Abnormal,Normal,yes
2749,no,Equal,Mild,Normal,Plethoric,yes,no,12+,5-12,<7.5,Plethoric,TGA,yes,0-3_days,no,Rt_to_Lt,Mild,Normal,High,yes
2750,no,Equal,Moderate,Normal,Normal,yes,yes,5-12,5-12,<7.5,Plethoric,Fallot,yes,11-30_days,yes,Lt_to_Rt,Complete,Normal,Low,no
2751,yes,Equal,Moderate,Normal,Oligaemic,no,yes,5-12,5-12,<7.5,Oligaemic,Fallot,no,4-10_days,no,Lt_to_Rt,Complete,Normal,Low,no
2752,no,Equal,Moderate,Normal,Normal,no,no,5-12,5-12,<7.5,Normal,Fallot,no,4-10_days,no,Lt_to_Rt,Complete,Normal,Normal,no
2753,no,Equal,Moderate,Normal,Oligaemic,no,yes,<5,<5,<7.5,Oligaemic,PAIVS,yes,0-3_days,yes,Lt_to_Rt,Complete,Normal,Low,no
2754,no,Equal,Moderate,Normal,Oligaemic,no,no,5-12,<5,<7.5,Grd_Glass,Fallot,yes,0-3_days,no,Lt_to_Rt,Mild,Normal,Low,no
2755,yes,Equal,Moderate,Normal,Normal,no,no,5-12,5-12,<7.5,Normal,PFC,no,0-3_days,no,Rt_to_Lt,Complete,Normal,Normal,no
2756,no,Unequal,Moderate,Normal,Oligaemic,no,no,<5,<5,<7.5,Oligaemic,Fallot,yes,11-30_days,no,Lt_to_Rt,Complete,Normal,Low,no
2757,no,Equal,Severe,Normal,Normal,no,no,12+,5-12,<7.5,Normal,TGA,no,0-3_days,no,None,Transp.,Normal,Normal,yes
2758,no,Equal,Moderate,High,Plethoric,no,no,5-12,5-12,>=7.5,Plethoric,TGA,no,0-3_days,no,None,Transp.,Normal,High,yes
2759,no,Equal,Moderate,Normal,Plethoric,no,yes,<5,5-12,<7.5,Plethoric,PAIVS,yes,0-3_days,yes,Lt_to_Rt,Complete,Normal,High,no
2760,yes,Equal,Severe,Normal,Asy/Patch,no,no,12+,<5,<7.5,Asy/Patchy,TGA,no,11-30_days,no,None,Transp.,Abnormal,Normal,no
2761,no,Equal,Moderate,Normal,Asy/Patch,yes,yes,5-12,5-12,<7.5,Asy/Patchy,PAIVS,yes,0-3_days,yes,Lt_to_Rt,Complete,Abnormal,Low,yes
2762,yes,Equal,Moderate,High,Grd_Glass,no,yes,<5,12+,>=7.5,Plethoric,PAIVS,no,0-3_days,yes,Lt_to_Rt,Complete,Normal,Low,no
2763,no,Equal,Moderate,Normal,Plethoric,no,no,5-12,5-12,<7.5,Plethoric,TGA,no,0-3_days,no,None,Transp.,Normal,High,no
2764,no,Equal,Severe,Low,Normal,no,no,<5,<5,<7.5,Normal,TGA,no,0-3_days,no,None,Transp.,Normal,High,yes
2765,no,Unequal,Severe,Low,Plethoric,no,no,<5,5-12,<7.5,Plethoric,TGA,no,0-3_days,no,Rt_to_Lt,Transp.,Normal,High,no
2766,yes,Equal,Moderate,Normal,Normal,no,no,5-12,5-12,<7.5,Plethoric,PFC,no,0-3_days,no,Rt_to_Lt,Mild,Normal,Normal,yes
2767,no,Equal,Mild,Normal,Grd_Glass,yes,no,12+,5-12,>=7.5,Grd_Glass,Lung,yes,0-3_days,no,None,Mild,Abnormal,High,yes
2768,yes,Equal,Moderate,Normal,Normal,no,no,5-12,5-12,<7.5,Normal,PFC,no,0-3_days,no,None,Mild,Normal,Low,no
2769,no,Equal,Severe,Normal,Normal,no,yes,<5,5-12,<7.5,Normal,TGA,no,0-3_days,yes,None,Transp.,Abnormal,High,yes
2770,no,Equal,Moderate,Normal,Oligaemic,yes,no,5-12,<5,<7.5,Oligaemic,Fallot,no,0-3_days,no,Lt_to_Rt,Complete,Normal,Low,yes
2771,no,Equal,Moderate,Normal,Oligaemic,no,no,12+,5-12,<7.5,Asy/Patchy,Fallot,no,11-30_days,no,Lt_to_Rt,Complete,Normal,Low,no
2772,no,Equal,Moderate,Low,Oligaemic,no,yes,5-12,<5,<7.5,Oligaemic,PAIVS,no,0-3_days,yes,Lt_to_Rt,Mild,Normal,Low,no
2773,no,Equal,Severe,Normal,Plethoric,no,no,12+,<5,<7.5,Plethoric,TGA,no,0-3_days,no,None,Transp.,Normal,High,no
2774,no,Unequal,Mild,Normal,Plethoric,no,yes,<5,12+,<7.5,Plethoric,Lung,no,4-10_days,yes,Rt_to_Lt,Mild,Congested,High,no
2775,no,Unequal,Severe,Normal,Plethoric,no,no,5-12,<5,<7.5,Plethoric,TGA,no,0-3_days,no,Lt_to_Rt,Transp.,Normal,High,yes
2776,no,Equal,Moderate,High,Asy/Patch,yes,no,5-12,12+,>=7.5,Asy/Patchy,Fallot,yes,0-3_days,no,None,Mild,Abnormal,Normal,no
2777,no,Equal,Moderate,Normal,Plethoric,no,no,<5,5-12,<7.5,Plethoric,TAPVD,no,0-3_days,no,Lt_to_Rt,Transp.,Congested,Normal,yes
2778,no,Equal,Severe,High,Oligaemic,no,no,<5,5-12,>=7.5,Oligaemic,Fallot,no,0-3_days,no,None,Mild,Congested,Low,no
2779,no,Equal,Moderate,Low,Oligaemic,no,no,5-12,5-12,<7.5,Oligaemic,Fallot,no,11-30_days,no,None,Complete,Normal,Low,no
2780,no,Equal,Mild,Normal,Oligaemic,yes,no,12+,12+,>=7.5,Oligaemic,Fallot,yes,11-30_days,no,Lt_to_Rt,Mild,Normal,Low,no
2781,no,Equal,Moderate,High,Normal,no,yes,<5,<5,>=7.5,Oligaemic,PAIVS,no,0-3_days,yes,Lt_to_Rt,Complete,Normal,Normal,no
2782,no,Equal,Severe,High,Plethoric,no,no,5-12,<5,>=7.5,Normal,TGA,no,0-3_days,no,None,Transp.,Normal,High,no
2783,no,Unequal,Moderate,Normal,Normal,no,no,<5,5-12,>=7.5,Normal,TGA,no,4-10_days,no,Rt_to_Lt,Transp.,Normal,High,no
2784,no,Equal,Severe,Normal,Oligaemic,no,no,12+,5-12,<7.5,Normal,TGA,no,0-3_days,no,None,Transp.,Normal,Low,yes
2785,no,Equal,Severe,Normal,Grd_Glass,no,no,<5,<5,<7.5,Plethoric,TAPVD,no,0-3_days,no,Lt_to_Rt,Complete,Abnormal,High,no
2786,yes,Equal,Moderate,Normal,Oligaemic,no,no,12+,5-12,<7.5,Oligaemic,Fallot,no,0-3_days,no,Lt_to_Rt,Complete,Normal,Low,no
2787,yes,Equal,Severe,Normal,Normal,no,yes,<5,<5,<7.5,Oligaemic,TGA,no,0-3_days,yes,None,Transp.,Normal,High,yes
2788,no,Equal,Mild,Normal,Oligaemic,no,no,5-12,12+,>=7.5,Oligaemic,PAIVS,no,0-3_days,no,Lt_to_Rt,Complete,Normal,Low,no
2789,no,Equal,Moderate,Normal,Oligaemic,no,no,12+,<5,<7.5,Oligaemic,Fallot,no,11-30_days,no,None,Complete,Normal,Low,no
2790,no,Equal,Moderate,Normal,Normal,no,no,5-12,5-12,>=7.5,Grd_Glass,TGA,no,0-3_days,no,None,Mild,Normal,Normal,no
2791,no,Equal,Moderate,Low,Normal,no,no,5-12,5-12,<7.5,Oligaemic,Fallot,no,0-3_days,no,Lt_to_Rt,Mild,Normal,Normal,no
2792,no,Equal,Moderate,Normal,Normal,no,yes,5-12,<5,<7.5,Normal,PAIVS,no,4-10_days,yes,Lt_to_Rt,Complete,Normal,Low,no
2793,no,Unequal,Severe,Normal,Plethoric,no,no,12+,5-12,<7.5,Plethoric,TGA,yes,0-3_days,no,Lt_to_Rt,Transp.,Normal,High,yes
2794,no,Equal,Severe,Low,Oligaemic,no,no,5-12,5-12,<7.5,Asy/Patchy,Fallot,no,11-30_days,no,None,Complete,Normal,Low,no
2795,no,Unequal,Mild,High,Asy/Patch,yes,no,5-12,5-12,<7.5,Asy/Patchy,Lung,no,0-3_days,no,Rt_to_Lt,None,Abnormal,Normal,no
2796,no,Equal,Moderate,Normal,Oligaemic,yes,yes,5-12,<5,<7.5,Oligaemic,PAIVS,yes,0-3_days,yes,Lt_to_Rt,Complete,Congested,Low,no
2797,no,Unequal,Moderate,Normal,Oligaemic,no,no,<5,12+,<7.5,Oligaemic,Fallot,no,4-10_days,no,Lt_to_Rt,Complete,Normal,Low,no
2798,no,Equal,Severe,Normal,Normal,no,no,12+,12+,<7.5,Normal,TGA,no,0-3_days,no,None,Transp.,Normal,Normal,yes
2799,no,Equal,Moderate,Normal,Oligaemic,no,yes,<5,5-12,<7.5,Oligaemic,PAIVS,no,0-3_days,yes,Lt_to_Rt,Complete,Normal,Low,no
2800,no,Equal,Moderate,Normal,Grd_Glass,no,no,<5,5-12,<7.5,Asy/Patchy,Lung,no,0-3_days,no,None,None,Congested,High,no
2801,no,Equal,Moderate,Normal,Plethoric,no,yes,5-12,5-12,<7.5,Plethoric,TGA,no,0-3_days,yes,Lt_to_Rt,Mild,Normal,High,yes
2802,no,Equal,Moderate,Normal,Plethoric,no,no,12+,<5,<7.5,Plethoric,TGA,no,4-10_days,no,None,Transp.,Normal,High,yes
2803,no,Equal,Severe,Normal,Normal,no,no,5-12,<5,<7.5,Normal,TGA,no,0-3_days,no,None,Transp.,Normal,High,no
2804,no,Equal,Moderate,Normal,Plethoric,no,no,5-12,<5,<7.5,Grd_Glass,PAIVS,no,0-3_days,no,Lt_to_Rt,Complete,Normal,Low,no
2805,no,Equal,Moderate,Normal,Plethoric,no,no,12+,<5,<7.5,Plethoric,TGA,no,0-3_days,no,None,Mild,Normal,High,yes
2806,no,Unequal,Moderate,Normal,Oligaemic,yes,no,5-12,12+,<7.5,Oligaemic,PAIVS,yes,0-3_days,yes,Lt_to_Rt,Complete,Normal,Low,yes
2807,no,Equal,Moderate,Normal,Plethoric,no,yes,5-12,5-12,<7.5,Plethoric,PAIVS,no,4-10_days,yes,Lt_to_Rt,Complete,Normal,High,no
2808,no,Equal,Severe,Normal,Plethoric,no,no,<5,5-12,<7.5,Normal,TGA,no,0-3_days,no,None,Transp.,Normal,High,yes
2809,no,Unequal,Severe,High,Asy/Patch,yes,no,<5,5-12,>=7.5,Asy/Patchy,Fallot,yes,11-30_days,no,Lt_to_Rt,Complete,Abnormal,Normal,no
2810,no,Equal,Moderate,High,Oligaemic,no,no,5-12,<5,>=7.5,Oligaemic,PAIVS,no,0-3_days,yes,Lt_to_Rt,Mild,Normal,Low,no
2811,no,Unequal,Moderate,High,Asy/Patch,yes,no,5-12,<5,>=7.5,Asy/Patchy,Lung,yes,0-3_days,no,Rt_to_Lt,Mild,Abnormal,Normal,yes
2812,no,Equal,Moderate,Normal,Oligaemic,no,no,5-12,5-12,<7.5,Normal,Fallot,no,11-30_days,no,Lt_to_Rt,Complete,Normal,Low,no
2813,no,Equal,Severe,Normal,Oligaemic,no,no,<5,5-12,<7.5,Grd_Glass,TGA,yes,0-3_days,no,None,Transp.,Abnormal,High,no
2814,no,Equal,Moderate,Normal,Grd_Glass,yes,no,<5,<5,<7.5,Asy/Patchy,TAPVD,yes,0-3_days,no,Rt_to_Lt,Complete,Congested,Low,yes
2815,no,Equal,Severe,Normal,Oligaemic,no,yes,12+,<5,<7.5,Grd_Glass,PAIVS,no,0-3_days,yes,Lt_to_Rt,Transp.,Normal,Low,yes
2816,no,Equal,Severe,High,Oligaemic,no,no,5-12,<5,>=7.5,Asy/Patchy,TGA,no,0-3_days,no,Lt_to_Rt,Transp.,Abnormal,High,no
2817,no,Equal,Severe,Normal,Plethoric,no,no,<5,12+,<7.5,Plethoric,TGA,no,0-3_days,no,None,Transp.,Normal,High,yes
2818,no,Equal,Moderate,Normal,Asy/Patch,yes,yes,<5,5-12,<7.5,Asy/Patchy,PAIVS,yes,4-10_days,yes,Lt_to_Rt,Complete,Abnormal,Low,no
2819,no,Unequal,Mild,Normal,Grd_Glass,no,no,5-12,5-12,<7.5,Grd_Glass,Lung,no,0-3_days,no,Rt_to_Lt,None,Congested,Normal,yes
2820,no,Unequal,Severe,Normal,Plethoric,no,no,<5,<5,<7.5,Plethoric,TGA,no,4-10_days,no,None,Complete,Normal,High,no
2821,no,Equal,Severe,Normal,Grd_Glass,no,no,<5,5-12,<7.5,Asy/Patchy,TAPVD,no,0-3_days,no,Rt_to_Lt,Complete,Abnormal,High,yes
2822,yes,Equal,Moderate,Normal,Grd_Glass,yes,no,<5,<5,<7.5,Grd_Glass,Lung,no,0-3_days,no,None,Mild,Abnormal,Normal,no
2823,no,Equal,Moderate,Normal,Oligaemic,no,no,12+,<5,<7.5,Oligaemic,Fallot,no,0-3_days,no,Lt_to_Rt,Complete,Normal,Low,no
2824,no,Equal,Moderate,Normal,Oligaemic,no,no,5-12,5-12,<7.5,Asy/Patchy,Fallot,no,0-3_days,no,Lt_to_Rt,Complete,Normal,Low,no
2825,no,Equal,Moderate,Normal,Normal,no,yes,5-12,<5,<7.5,Normal,PAIVS,yes,4-10_days,yes,Lt_to_Rt,Complete,Normal,Low,no
2826,no,Equal,Moderate,Low,Asy/Patch,no,yes,5-12,5-12,<7.5,Asy/Patchy,PAIVS,no,0-3_days,yes,Lt_to_Rt,Complete,Normal,Low,no
2827,no,Equal,Severe,Normal,Normal,no,no,12+,5-12,<7.5,Grd_Glass,TGA,no,0-3_days,no,None,Transp.,Normal,Normal,no
2828,no,Equal,Moderate,Normal,Oligaemic,no,yes,<5,5-12,<7.5,Oligaemic,PAIVS,no,0-3_days,yes,Lt_to_Rt,Complete,Normal,Low,yes
2829,no,Equal,Moderate,Low,Normal,no,yes,<5,<5,<7.5,Normal,TGA,no,4-10_days,yes,None,Mild,Normal,Normal,no
2830,no,Equal,Moderate,Normal,Asy/Patch,yes,no,5-12,5-12,<7.5,Asy/Patchy,TAPVD,yes,11-30_days,no,Rt_to_Lt,Complete,Congested,High,yes
2831,no,Equal,Severe,Normal,Plethoric,no,yes,<5,5-12,<7.5,Plethoric,TGA,yes,11-30_days,no,None,Transp.,Normal,High,no
2832,no,Equal,Moderate,High,Grd_Glass,yes,no,5-12,<5,>=7.5,Asy/Patchy,PFC,yes,0-3_days,no,Rt_to_Lt,Mild,Congested,Low,yes
2833,no,Equal,Moderate,Normal,Oligaemic,no,yes,5-12,5-12,<7.5,Oligaemic,PAIVS,no,0-3_days,yes,Lt_to_Rt,Complete,Normal,Low,yes
2834,no,Equal,Severe,Normal,Plethoric,no,no,5-12,5-12,<7.5,Plethoric,Fallot,no,11-30_days,no,Lt_to_Rt,Complete,Normal,Low,yes
2835,no,Equal,Moderate,Normal,Plethoric,no,no,<5,5-12,<7.5,Plethoric,Fallot,no,0-3_days,no,Lt_to_Rt,Complete,Congested,Low,no
2836,no,Equal,Severe,Normal,Plethoric,no,yes,12+,<5,<7.5,Asy/Patchy,TGA,yes,0-3_days,no,None,Transp.,Normal,High,no
2837,no,Equal,Mild,High,Grd_Glass,no,no,12+,5-12,>=7.5,Grd_Glass,TGA,no,11-30_days,no,None,Transp.,Congested,High,no
2838,no,Equal,Moderate,High,Oligaemic,no,yes,<5,5-12,>=7.5,Oligaemic,PAIVS,no,0-3_days,yes,Lt_to_Rt,Complete,Normal,Low,no
2839,no,Equal,Moderate,Normal,Oligaemic,no,no,<5,<5,<7.5,Asy/Patchy,PAIVS,no,0-3_days,yes,Lt_to_Rt,Complete,Normal,Low,yes
2840,yes,Equal,Severe,Normal,Normal,no,yes,<5,5-12,<7.5,Normal,PAIVS,no,0-3_days,yes,Lt_to_Rt,Complete,Normal,Normal,no
2841,no,Equal,Moderate,Normal,Oligaemic,no,no,5-12,5-12,<7.5,Oligaemic,Fallot,yes,4-10_days,no,Lt_to_Rt,Complete,Normal,Low,no
2842,no,Equal,Severe,Normal,Plethoric,yes,no,<5,<5,<7.5,Plethoric,TGA,no,11-30_days,no,None,Transp.,Normal,High,no
2843,no,Equal,Severe,Normal,Oligaemic,yes,yes,<5,<5,<7.5,Normal,PAIVS,no,0-3_days,yes,Lt_to_Rt,Complete,Normal,Low,yes
2844,no,Equal,Severe,Normal,Asy/Patch,yes,no,<5,<5,<7.5,Asy/Patchy,PAIVS,yes,0-3_days,no,Lt_to_Rt,Transp.,Abnormal,Normal,no
2845,no,Unequal,Severe,High,Oligaemic,no,yes,5-12,5-12,>=7.5,Oligaemic,PAIVS,no,0-3_days,yes,Lt_to_Rt,Complete,Normal,Low,no
2846,no,Equal,Severe,High,Grd_Glass,no,no,5-12,<5,>=7.5,Grd_Glass,TGA,no,0-3_days,no,None,Transp.,Congested,Normal,no
2847,no,Equal,Moderate,Normal,Normal,no,yes,12+,5-12,>=7.5,Normal,PAIVS,no,4-10_days,yes,Lt_to_Rt,Complete,Normal,Low,no
2848,no,Equal,Moderate,Normal,Oligaemic,no,yes,5-12,12+,<7.5,Oligaemic,PAIVS,no,0-3_days,yes,Lt_to_Rt,Complete,Normal,Low,no
2849,no,Equal,Moderate,Normal,Plethoric,no,no,5-12,5-12,<7.5,Plethoric,TGA,no,0-3_days,no,None,Complete,Normal,High,yes
2850,no,Unequal,Moderate,Normal,Asy/Patch,yes,no,5-12,5-12,<7.5,Asy/Patchy,Lung,yes,0-3_days,no,Rt_to_Lt,Mild,Abnormal,Normal,yes
2851,no,Equal,Moderate,Normal,Oligaemic,no,no,5-12,<5,<7.5,Oligaemic,Fallot,yes,0-3_days,no,Lt_to_Rt,Complete,Normal,Normal,no
2852,no,Equal,Moderate,Normal,Asy/Patch,no,no,5-12,<5,<7.5,Grd_Glass,Fallot,no,11-30_days,no,None,Mild,Normal,Low,no
2853,no,Equal,Mild,Normal,Oligaemic,no,no,5-12,12+,>=7.5,Normal,Fallot,no,4-10_days,no,Lt_to_Rt,Complete,Normal,Low,no
2854,no,Equal,Severe,Normal,Normal,yes,no,<5,<5,<7.5,Normal,TGA,yes,0-3_days,no,None,Transp.,Normal,High,no
2855,no,Equal,Moderate,Normal,Normal,yes,yes,<5,<5,<7.5,Normal,PAIVS,yes,11-30_days,yes,Lt_to_Rt,Complete,Normal,Low,yes
2856,no,Equal,Moderate,Normal,Oligaemic,no,yes,5-12,5-12,<7.5,Oligaemic,PAIVS,no,4-10_days,yes,Lt_to_Rt,Complete,Normal,Low,no
2857,no,Equal,Mild,Normal,Plethoric,no,no,12+,12+,<7.5,Plethoric,TGA,no,0-3_days,no,Lt_to_Rt,None,Normal,High,no
2858,no,Equal,Mild,High,Grd_Glass,no,no,<5,12+,>=7.5,Grd_Glass,TAPVD,no,11-30_days,no,Rt_to_Lt,Complete,Congested,Normal,no
2859,no,Equal,Moderate,Normal,Oligaemic,no,no,5-12,<5,<7.5,Normal,Fallot,no,11-30_days,no,Lt_to_Rt,Complete,Normal,Low,no
2860,no,Equal,Mild,High,Normal,no,no,12+,12+,>=7.5,Normal,TGA,yes,4-10_days,no,None,Mild,Normal,Normal,yes
2861,yes,Equal,Moderate,Normal,Plethoric,yes,no,5-12,5-12,<7.5,Plethoric,TGA,no,4-10_days,no,None,Transp.,Normal,High,no
2862,no,Equal,Moderate,Normal,Normal,no,yes,5-12,5-12,<7.5,Normal,Fallot,no,11-30_days,no,Lt_to_Rt,Complete,Normal,Low,no
2863,no,Equal,Severe,Normal,Asy/Patch,yes,yes,12+,<5,<7.5,Asy/Patchy,PAIVS,yes,0-3_days,yes,Lt_to_Rt,Complete,Abnormal,Low,yes
2864,no,Equal,Severe,Normal,Asy/Patch,no,yes,<5,12+,<7.5,Grd_Glass,Fallot,no,11-30_days,no,Lt_to_Rt,Complete,Abnormal,Normal,no
2865,no,Equal,Moderate,Normal,Asy/Patch,yes,yes,5-12,<5,<7.5,Plethoric,PAIVS,yes,0-3_days,yes,Lt_to_Rt,Complete,Abnormal,Low,no
2866,no,Equal,Mild,Low,Normal,yes,no,<5,12+,<7.5,Normal,PAIVS,yes,4-10_days,yes,Lt_to_Rt,Complete,Normal,Low,no
2867,no,Equal,Severe,Normal,Normal,no,no,5-12,<5,<7.5,Asy/Patchy,TGA,yes,0-3_days,no,None,Transp.,Normal,Normal,no
2868,no,Equal,Severe,Normal,Oligaemic,no,no,5-12,5-12,<7.5,Oligaemic,TGA,yes,4-10_days,no,None,Transp.,Normal,Low,no
2869,no,Equal,Severe,Normal,Grd_Glass,no,no,<5,12+,<7.5,Grd_Glass,TGA,no,0-3_days,no,None,Transp.,Normal,Normal,no
2870,no,Equal,Severe,Normal,Asy/Patch,yes,no,<5,12+,<7.5,Asy/Patchy,TGA,no,0-3_days,no,None,Transp.,Abnormal,Normal,no
2871,no,Equal,Moderate,High,Asy/Patch,yes,no,12+,5-12,>=7.5,Asy/Patchy,Lung,yes,0-3_days,no,None,Complete,Abnormal,Normal,no
2872,no,Equal,Moderate,Normal,Grd_Glass,no,no,5-12,5-12,<7.5,Grd_Glass,TGA,no,0-3_days,no,None,Mild,Abnormal,High,no
2873,no,Equal,Moderate,Normal,Oligaemic,no,yes,12+,<5,<7.5,Oligaemic,PAIVS,no,0-3_days,yes,Lt_to_Rt,Complete,Normal,Low,no
2874,no,Equal,Moderate,Normal,Normal,no,yes,5-12,5-12,<7.5,Normal,PAIVS,no,0-3_days,yes,Lt_to_Rt,Complete,Normal,Low,no
2875,no,Equal,Moderate,High,Grd_Glass,yes,no,5-12,5-12,>=7.5,Grd_Glass,Fallot,yes,0-3_days,no,Lt_to_Rt,Mild,Abnormal,Low,yes
2876,no,Equal,Moderate,Low,Oligaemic,no,yes,5-12,<5,<7.5,Oligaemic,PAIVS,no,0-3_days,yes,Lt_to_Rt,Complete,Normal,Low,no
2877,no,Equal,Moderate,Normal,Normal,no,no,5-12,5-12,<7.5,Normal,Fallot,no,11-30_days,no,Lt_to_Rt,Complete,Normal,Low,yes
2878,yes,Equal,Severe,Normal,Oligaemic,yes,no,12+,<5,<7.5,Oligaemic,TGA,yes,0-3_days,no,None,Transp.,Abnormal,High,no
2879,no,Equal,Moderate,Normal,Oligaemic,no,no,12+,12+,<7.5,Plethoric,Fallot,no,0-3_days,no,Lt_to_Rt,Mild,Normal,Low,no
2880,no,Equal,Moderate,Normal,Normal,no,no,<5,<5,<7.5,Normal,Fallot,no,4-10_days,no,Lt_to_Rt,Complete,Normal,Normal,yes
2881,no,Equal,Severe,Normal,Plethoric,yes,no,<5,12+,<7.5,Plethoric,TGA,no,0-3_days,no,None,Transp.,Congested,High,no
2882,no,Unequal,Severe,Low,Plethoric,no,no,<5,12+,<7.5,Normal,TGA,no,11-30_days,no,Rt_to_Lt,Transp.,Normal,High,no
2883,no,Equal,Moderate,Normal,Oligaemic,no,yes,5-12,5-12,<7.5,Oligaemic,PAIVS,no,0-3_days,yes,Lt_to_Rt,Complete,Normal,Low,yes
2884,no,Equal,Mild,Normal,Normal,no,no,12+,12+,<7.5,Normal,TGA,no,0-3_days,no,None,None,Normal,Normal,no
2885,no,Unequal,Severe,Normal,Grd_Glass,no,no,<5,5-12,<7.5,Grd_Glass,TGA,no,0-3_days,no,Rt_to_Lt,Transp.,Congested,Normal,no
2886,no,Equal,Severe,Normal,Asy/Patch,yes,no,12+,5-12,<7.5,Asy/Patchy,Fallot,yes,0-3_days,no,None,Complete,Abnormal,Low,no
2887,no,Unequal,Moderate,Normal,Oligaemic,no,no,<5,<5,<7.5,Normal,PFC,no,0-3_days,no,Rt_to_Lt,Transp.,Normal,Low,yes
2888,no,Equal,Mild,Normal,Normal,no,yes,12+,5-12,<7.5,Normal,PAIVS,no,0-3_days,yes,Lt_to_Rt,Complete,Normal,Low,no
2889,no,Equal,Severe,Normal,Plethoric,no,no,5-12,<5,<7.5,Plethoric,TGA,no,0-3_days,no,None,Transp.,Normal,High,yes
2890,no,Equal,Moderate,Normal,Oligaemic,no,yes,5-12,5-12,<7.5,Oligaemic,PAIVS,no,0-3_days,yes,Lt_to_Rt,Complete,Normal,Low,no
2891,no,Equal,Severe,Normal,Plethoric,no,no,<5,<5,>=7.5,Plethoric,TGA,no,0-3_days,no,None,Transp.,Normal,High,no
2892,no,Equal,Severe,Normal,Normal,no,no,<5,<5,<7.5,Normal,TGA,no,0-3_days,no,None,Transp.,Normal,High,no
2893,no,Equal,Mild,Normal,Oligaemic,no,yes,<5,12+,<7.5,Oligaemic,PAIVS,no,0-3_days,yes,Lt_to_Rt,Complete,Normal,Low,no
2894,no,Equal,Moderate,High,Normal,yes,no,5-12,5-12,>=7.5,Plethoric,Fallot,yes,0-3_days,no,None,Complete,Normal,Normal,yes
2895,no,Equal,Severe,High,Asy/Patch,no,no,<5,5-12,>=7.5,Normal,Fallot,no,0-3_days,no,None,Complete,Abnormal,Normal,yes
2896,no,Equal,Moderate,Normal,Grd_Glass,no,no,5-12,<5,<7.5,Grd_Glass,Fallot,no,0-3_days,no,Lt_to_Rt,None,Congested,High,yes
2897,no,Equal,Severe,Normal,Normal,no,yes,<5,<5,<7.5,Normal,TGA,no,0-3_days,yes,None,Transp.,Normal,Normal,yes
2898,yes,Equal,Moderate,Normal,Oligaemic,no,no,5-12,<5,<7.5,Oligaemic,PFC,no,0-3_days,no,Rt_to_Lt,Complete,Normal,Low,no
2899,no,Equal,Moderate,Normal,Normal,yes,no,<5,5-12,<7.5,Oligaemic,Fallot,no,4-10_days,no,Lt_to_Rt,Complete,Abnormal,Low,no
2900,yes,Equal,Moderate,Normal,Normal,no,no,5-12,5-12,<7.5,Oligaemic,PFC,no,0-3_days,no,Lt_to_Rt,Complete,Normal,Normal,no
2901,no,Equal,Moderate,Normal,Plethoric,no,no,5-12,5-12,<7.5,Plethoric,TGA,no,0-3_days,no,None,Transp.,Congested,High,no
2902,no,Equal,Mild,Normal,Plethoric,no,no,12+,12+,>=7.5,Plethoric,TGA,no,0-3_days,no,None,Complete,Normal,High,yes
2903,no,Equal,Moderate,Normal,Asy/Patch,yes,yes,<5,12+,<7.5,Asy/Patchy,PAIVS,yes,0-3_days,yes,Lt_to_Rt,Complete,Abnormal,Normal,yes
2904,no,Equal,Moderate,Normal,Oligaemic,no,yes,5-12,5-12,<7.5,Oligaemic,PAIVS,no,0-3_days,yes,Lt_to_Rt,Complete,Normal,Low,no
2905,no,Equal,Moderate,High,Grd_Glass,no,no,5-12,5-12,>=7.5,Asy/Patchy,Fallot,no,11-30_days,no,Lt_to_Rt,Complete,Congested,Low,no
2906,no,Equal,Moderate,High,Oligaemic,no,yes,5-12,12+,>=7.5,Oligaemic,PAIVS,no,0-3_days,yes,Lt_to_Rt,Complete,Normal,Low,yes
2907,no,Equal,Severe,Normal,Normal,no,no,<5,<5,<7.5,Normal,TGA,no,4-10_days,yes,None,Transp.,Normal,High,yes
2908,no,Equal,Severe,Normal,Grd_Glass,no,no,<5,<5,<7.5,Asy/Patchy,PAIVS,no,0-3_days,yes,Lt_to_Rt,Complete,Congested,Low,no
2909,no,Unequal,Moderate,Normal,Asy/Patch,yes,no,5-12,5-12,<7.5,Plethoric,TAPVD,yes,0-3_days,no,Lt_to_Rt,Complete,Congested,High,yes
2910,no,Equal,Moderate,Normal,Plethoric,no,yes,5-12,<5,>=7.5,Normal,PAIVS,no,0-3_days,yes,Lt_to_Rt,Complete,Normal,High,no
2911,no,Equal,Moderate,Normal,Plethoric,no,no,<5,5-12,<7.5,Plethoric,Fallot,yes,4-10_days,no,None,Complete,Normal,High,yes
2912,no,Equal,Severe,Normal,Normal,no,no,<5,5-12,<7.5,Normal,TGA,no,0-3_days,no,None,Transp.,Normal,Normal,no
2913,no,Equal,Moderate,High,Oligaemic,no,no,5-12,5-12,>=7.5,Oligaemic,TGA,no,4-10_days,no,None,Transp.,Abnormal,High,no
2914,yes,Unequal,Moderate,High,Asy/Patch,no,no,<5,5-12,<7.5,Asy/Patchy,PFC,no,0-3_days,no,Rt_to_Lt,Mild,Normal,Normal,no
2915,no,Equal,Moderate,High,Asy/Patch,no,yes,5-12,12+,>=7.5,Asy/Patchy,PAIVS,no,0-3_days,yes,Lt_to_Rt,Complete,Abnormal,Low,no
2916,no,Equal,Moderate,Normal,Oligaemic,no,yes,5-12,5-12,<7.5,Oligaemic,PAIVS,yes,4-10_days,yes,Lt_to_Rt,Complete,Normal,Low,yes
2917,yes,Equal,Severe,Normal,Normal,no,no,<5,<5,<7.5,Normal,TGA,no,0-3_days,no,None,Transp.,Normal,Normal,no
2918,no,Equal,Moderate,High,Asy/Patch,no,no,<5,5-12,>=7.5,Oligaemic,Fallot,no,11-30_days,no,Lt_to_Rt,Complete,Abnormal,Low,no
2919,no,Equal,Severe,High,Asy/Patch,yes,no,12+,5-12,>=7.5,Asy/Patchy,Fallot,no,11-30_days,no,Lt_to_Rt,Complete,Abnormal,Low,yes
2920,no,Equal,Moderate,High,Plethoric,no,no,5-12,5-12,>=7.5,Plethoric,TGA,no,0-3_days,no,None,Transp.,Congested,High,no
2921,no,Equal,Moderate,Normal,Oligaemic,no,yes,5-12,5-12,<7.5,Oligaemic,PAIVS,no,0-3_days,yes,Lt_to_Rt,Complete,Normal,Low,no
2922,no,Equal,Severe,High,Grd_Glass,no,no,12+,5-12,>=7.5,Grd_Glass,TGA,no,0-3_days,no,None,Transp.,Abnormal,High,yes
2923,no,Equal,Moderate,Normal,Oligaemic,no,yes,<5,5-12,<7.5,Oligaemic,PAIVS,no,0-3_days,yes,Lt_to_Rt,Complete,Normal,Low,yes
2924,no,Unequal,Severe,Normal,Plethoric,no,no,5-12,<5,<7.5,Plethoric,TGA,no,0-3_days,no,Rt_to_Lt,Transp.,Normal,High,no
2925,no,Equal,Mild,Normal,Oligaemic,no,no,12+,5-12,<7.5,Oligaemic,Fallot,no,4-10_days,no,Lt_to_Rt,Complete,Normal,Low,yes
2926,no,Equal,Moderate,Normal,Normal,no,yes,<5,5-12,<7.5,Normal,PFC,no,0-3_days,yes,Rt_to_Lt,Mild,Normal,Low,no
2927,no,Equal,Severe,Low,Plethoric,no,no,5-12,<5,>=7.5,Plethoric,TGA,no,11-30_days,no,None,Transp.,Normal,Normal,no
2928,no,Equal,Moderate,High,Asy/Patch,no,no,<5,5-12,>=7.5,Asy/Patchy,Fallot,no,11-30_days,no,Lt_to_Rt,Complete,Abnormal,Low,no
2929,yes,Unequal,Severe,Normal,Asy/Patch,yes,no,5-12,5-12,<7.5,Asy/Patchy,PFC,yes,0-3_days,no,Rt_to_Lt,Mild,Abnormal,Low,no
2930,no,Equal,Moderate,Normal,Oligaemic,no,yes,5-12,12+,<7.5,Oligaemic,Fallot,no,4-10_days,no,Lt_to_Rt,Complete,Normal,Low,no
2931,no,Equal,Moderate,Normal,Asy/Patch,no,yes,5-12,5-12,<7.5,Plethoric,PAIVS,no,0-3_days,yes,Lt_to_Rt,Complete,Normal,Low,no
2932,no,Equal,Severe,Normal,Oligaemic,no,no,5-12,<5,<7.5,Grd_Glass,Fallot,no,4-10_days,no,None,Complete,Normal,Low,no
2933,no,Equal,Moderate,Normal,Plethoric,no,no,5-12,5-12,<7.5,Plethoric,TGA,no,0-3_days,no,None,Transp.,Normal,High,no
2934,no,Equal,Moderate,Normal,Normal,no,no,5-12,<5,<7.5,Normal,Fallot,no,11-30_days,no,Lt_to_Rt,Complete,Normal,High,no
2935,no,Equal,Severe,Normal,Oligaemic,no,no,<5,<5,<7.5,Oligaemic,Fallot,yes,0-3_days,no,Lt_to_Rt,Transp.,Normal,Low,no
2936,no,Equal,Mild,Normal,Oligaemic,no,no,12+,12+,<7.5,Oligaemic,Fallot,no,11-30_days,no,Lt_to_Rt,Complete,Normal,Low,no
2937,no,Equal,Moderate,Normal,Oligaemic,no,yes,<5,<5,<7.5,Oligaemic,PAIVS,no,0-3_days,yes,Lt_to_Rt,Complete,Normal,Low,no
2938,no,Equal,Mild,High,Plethoric,yes,no,12+,12+,>=7.5,Plethoric,TAPVD,yes,0-3_days,no,None,None,Congested,High,yes
2939,no,Equal,Moderate,Normal,Normal,no,no,12+,5-12,<7.5,Normal,Fallot,no,4-10_days,no,Lt_to_Rt,Complete,Normal,Low,no
2940,no,Equal,Moderate,High,Normal,no,no,5-12,5-12,>=7.5,Normal,TGA,no,0-3_days,no,None,Transp.,Normal,Normal,no
2941,no,Unequal,Moderate,Normal,Oligaemic,no,no,5-12,<5,<7.5,Oligaemic,Fallot,no,0-3_days,no,Lt_to_Rt,Complete,Normal,Low,no
2942,no,Equal,Severe,Low,Normal,no,yes,<5,5-12,<7.5,Normal,PAIVS,yes,0-3_days,yes,Lt_to_Rt,Complete,Normal,Low,no
2943,no,Equal,Moderate,Normal,Asy/Patch,yes,no,5-12,<5,<7.5,Asy/Patchy,Lung,no,0-3_days,no,Lt_to_Rt,Mild,Congested,Low,yes
2944,no,Equal,Moderate,Low,Oligaemic,yes,no,5-12,5-12,<7.5,Oligaemic,PAIVS,yes,0-3_days,no,Lt_to_Rt,Complete,Normal,Low,no
2945,yes,Equal,Mild,Normal,Normal,yes,yes,5-12,12+,>=7.5,Normal,PAIVS,yes,0-3_days,yes,Lt_to_Rt,Complete,Normal,Normal,no
2946,no,Equal,Mild,Low,Grd_Glass,no,yes,5-12,5-12,<7.5,Grd_Glass,PAIVS,no,0-3_days,yes,Lt_to_Rt,Complete,Normal,Low,no
2947,no,Unequal,Moderate,Normal,Plethoric,yes,no,5-12,<5,<7.5,Oligaemic,TGA,no,0-3_days,no,None,Transp.,Normal,High,yes
2948,no,Equal,Moderate,Low,Normal,no,yes,<5,5-12,<7.5,Normal,PAIVS,no,0-3_days,yes,Lt_to_Rt,Complete,Normal,Low,no
2949,no,Equal,Mild,Normal,Oligaemic,no,no,12+,12+,<7.5,Oligaemic,Fallot,no,4-10_days,no,None,Complete,Normal,Low,no
2950,no,Equal,Severe,Normal,Normal,no,no,<5,5-12,<7.5,Normal,TGA,no,0-3_days,no,Rt_to_Lt,Transp.,Normal,Normal,no
2951,no,Equal,Severe,Normal,Plethoric,yes,no,<5,5-12,<7.5,Plethoric,TGA,yes,4-10_days,no,None,Transp.,Normal,High,no
2952,no,Unequal,Severe,Normal,Asy/Patch,no,yes,5-12,<5,<7.5,Plethoric,PAIVS,no,0-3_days,yes,Lt_to_Rt,Complete,Abnormal,Low,yes
2953,no,Equal,Mild,Normal,Normal,no,no,<5,<5,<7.5,Normal,PFC,no,0-3_days,no,Lt_to_Rt,None,Normal,Normal,no
2954,no,Equal,Severe,Normal,Plethoric,yes,no,<5,5-12,<7.5,Plethoric,TGA,yes,4-10_days,no,None,Transp.,Normal,High,yes
2955,no,Equal,Severe,Normal,Asy/Patch,yes,no,<5,<5,<7.5,Plethoric,TGA,yes,11-30_days,no,None,Transp.,Abnormal,High,yes
2956,yes,Equal,Moderate,Normal,Oligaemic,no,no,5-12,5-12,<7.5,Oligaemic,Fallot,no,11-30_days,no,Lt_to_Rt,Complete,Normal,Low,no
2957,no,Equal,Moderate,Low,Normal,no,no,5-12,<5,>=7.5,Normal,TGA,no,0-3_days,no,Lt_to_Rt,Transp.,Normal,Normal,yes
2958,no,Unequal,Moderate,Normal,Oligaemic,yes,no,5-12,5-12,<7.5,Normal,Lung,yes,0-3_days,no,Rt_to_Lt,None,Abnormal,High,no
2959,no,Equal,Moderate,Normal,Oligaemic,no,yes,<5,5-12,<7.5,Oligaemic,PAIVS,yes,0-3_days,yes,Lt_to_Rt,Complete,Normal,Low,yes
2960,no,Equal,Severe,Low,Plethoric,no,no,<5,5-12,<7.5,Plethoric,TGA,no,11-30_days,no,None,Transp.,Normal,High,no
2961,no,Equal,Severe,Normal,Oligaemic,no,yes,5-12,5-12,<7.5,Oligaemic,PAIVS,no,11-30_days,yes,Lt_to_Rt,Complete,Normal,Low,no
2962,no,Equal,Moderate,Normal,Oligaemic,no,yes,5-12,5-12,<7.5,Oligaemic,PAIVS,no,0-3_days,yes,Lt_to_Rt,Complete,Normal,Low,no
2963,no,Equal,Severe,Normal,Normal,no,yes,5-12,5-12,<7.5,Normal,PAIVS,no,4-10_days,yes,Lt_to_Rt,Complete,Normal,High,yes
2964,no,Equal,Severe,Low,Normal,no,no,<5,5-12,<7.5,Normal,TGA,no,0-3_days,no,Lt_to_Rt,Transp.,Normal,High,no
2965,no,Equal,Severe,High,Grd_Glass,no,no,5-12,<5,>=7.5,Plethoric,TAPVD,no,0-3_days,no,None,Complete,Congested,Normal,yes
2966,no,Equal,Severe,Low,Grd_Glass,no,no,<5,<5,<7.5,Grd_Glass,TGA,no,0-3_days,no,None,Transp.,Normal,High,no
2967,no,Equal,Mild,Normal,Grd_Glass,yes,no,<5,12+,<7.5,Grd_Glass,TGA,no,4-10_days,no,None,None,Abnormal,High,yes
2968,no,Equal,Mild,Normal,Plethoric,no,no,<5,12+,<7.5,Plethoric,TGA,no,4-10_days,no,None,None,Normal,High,no
2969,no,Equal,Moderate,Low,Grd_Glass,yes,no,5-12,5-12,<7.5,Grd_Glass,TAPVD,yes,0-3_days,no,Lt_to_Rt,Complete,Congested,High,no
2970,yes,Equal,Moderate,High,Asy/Patch,no,no,5-12,5-12,>=7.5,Asy/Patchy,TGA,no,0-3_days,no,None,Mild,Abnormal,Normal,yes
2971,no,Equal,Severe,Normal,Asy/Patch,yes,yes,<5,12+,<7.5,Asy/Patchy,Lung,yes,0-3_days,no,Lt_to_Rt,Mild,Abnormal,Normal,yes
2972,no,Equal,Moderate,High,Grd_Glass,yes,yes,5-12,5-12,<7.5,Normal,Lung,yes,0-3_days,yes,Rt_to_Lt,Mild,Abnormal,High,no
2973,no,Equal,Moderate,Normal,Normal,no,yes,5-12,5-12,>=7.5,Normal,Fallot,no,0-3_days,no,Lt_to_Rt,Complete,Normal,Normal,no
2974,no,Equal,Moderate,Normal,Plethoric,no,no,5-12,5-12,>=7.5,Normal,TGA,no,4-10_days,no,None,Transp.,Normal,High,no
2975,no,Unequal,Severe,Normal,Plethoric,no,no,5-12,5-12,<7.5,Plethoric,TGA,no,4-10_days,no,Rt_to_Lt,Transp.,Normal,High,no
2976,no,Equal,Moderate,Normal,Oligaemic,no,no,<5,<5,>=7.5,Normal,Fallot,no,0-3_days,no,None,Complete,Normal,Low,no
2977,no,Unequal,Severe,Normal,Oligaemic,no,no,<5,5-12,<7.5,Normal,Fallot,no,4-10_days,no,None,Complete,Normal,Low,no
2978,no,Equal,Moderate,Normal,Grd_Glass,no,no,12+,12+,<7.5,Grd_Glass,TGA,no,0-3_days,no,None,Transp.,Normal,High,no
2979,no,Equal,Moderate,Normal,Asy/Patch,yes,no,5-12,5-12,<7.5,Asy/Patchy,Fallot,yes,0-3_days,no,Lt_to_Rt,Complete,Abnormal,Normal,no
2980,no,Equal,Moderate,Normal,Grd_Glass,no,no,5-12,5-12,<7.5,Grd_Glass,TAPVD,no,11-30_days,no,Rt_to_Lt,Complete,Congested,Low,yes
2981,no,Equal,Moderate,Normal,Normal,no,no,5-12,5-12,<7.5,Normal,Fallot,no,0-3_days,no,Lt_to_Rt,Mild,Normal,Normal,yes
2982,no,Equal,Moderate,Low,Grd_Glass,yes,no,<5,5-12,<7.5,Grd_Glass,Fallot,yes,0-3_days,no,Lt_to_Rt,Complete,Congested,Low,no
2983,no,Equal,Moderate,Normal,Plethoric,no,yes,5-12,<5,<7.5,Plethoric,Fallot,no,0-3_days,yes,Lt_to_Rt,Complete,Normal,High,yes
2984,no,Equal,Moderate,Normal,Oligaemic,no,yes,5-12,<5,<7.5,Oligaemic,PAIVS,yes,0-3_days,yes,Lt_to_Rt,Complete,Normal,Low,yes
2985,no,Equal,Severe,Normal,Oligaemic,yes,yes,<5,<5,<7.5,Oligaemic,TGA,yes,0-3_days,yes,None,Transp.,Abnormal,High,no
2986,yes,Equal,Moderate,Normal,Normal,no,yes,5-12,5-12,<7.5,Normal,PFC,no,0-3_days,yes,Rt_to_Lt,Complete,Normal,Low,yes
2987,no,Equal,Moderate,Normal,Normal,no,no,5-12,12+,<7.5,Normal,Fallot,yes,4-10_days,no,Lt_to_Rt,Complete,Normal,Low,no
2988,no,Equal,Moderate,High,Oligaemic,no,no,<5,5-12,>=7.5,Oligaemic,Fallot,no,4-10_days,no,Lt_to_Rt,Mild,Normal,Low,yes
2989,no,Equal,Moderate,Normal,Normal,no,no,<5,5-12,<7.5,Oligaemic,TGA,no,0-3_days,no,Lt_to_Rt,Transp.,Normal,Normal,no
2990,no,Equal,Severe,Normal,Plethoric,no,no,<5,<5,<7.5,Normal,TGA,no,0-3_days,no,None,Transp.,Normal,High,yes
2991,no,Equal,Severe,Normal,Plethoric,no,no,<5,<5,<7.5,Plethoric,TGA,no,4-10_days,no,None,Transp.,Normal,High,no
2992,no,Equal,Severe,Normal,Plethoric,no,no,5-12,5-12,<7.5,Plethoric,TGA,yes,0-3_days,no,None,Transp.,Normal,High,yes
2993,no,Equal,Moderate,Normal,Oligaemic,no,no,5-12,5-12,<7.5,Asy/Patchy,Fallot,no,0-3_days,no,Lt_to_Rt,Complete,Normal,Low,no
2994,no,Equal,Moderate,Normal,Oligaemic,no,no,<5,5-12,<7.5,Oligaemic,Fallot,yes,4-10_days,no,Lt_to_Rt,Complete,Normal,Low,no
2995,no,Unequal,Mild,High,Oligaemic,no,no,<5,5-12,>=7.5,Normal,Fallot,no,0-3_days,no,Lt_to_Rt,None,Normal,Low,yes
2996,no,Equal,Moderate,Normal,Oligaemic,no,no,5-12,5-12,<7.5,Oligaemic,PAIVS,no,0-3_days,no,Lt_to_Rt,Complete,Normal,Low,no
2997,no,Equal,Severe,Normal,Oligaemic,no,yes,<5,5-12,<7.5,Asy/Patchy,PAIVS,no,0-3_days,yes,Lt_to_Rt,Complete,Normal,Low,yes
2998,no,Equal,Moderate,Normal,Oligaemic,yes,yes,5-12,5-12,<7.5,Oligaemic,PAIVS,yes,0-3_days,yes,Lt_to_Rt,Complete,Normal,Low,yes
2999,no,Unequal,Moderate,Low,Normal,no,no,<5,<5,<7.5,Normal,PFC,no,0-3_days,no,Rt_to_Lt,Mild,Normal,Normal,yes
3000,no,Equal,Severe,Normal,Normal,no,no,5-12,<5,<7.5,Normal,TGA,no,4-10_days,no,Lt_to_Rt,Transp.,Normal,High,no
3001,no,Equal,Severe,Normal,Plethoric,yes,no,<5,<5,>=7.5,Plethoric,TAPVD,yes,0-3_days,no,Rt_to_Lt,Complete,Congested,High,yes
3002,no,Equal,Severe,Normal,Plethoric,no,no,12+,12+,<7.5,Plethoric,TGA,no,0-3_days,no,None,Transp.,Normal,High,no
3003,no,Equal,Moderate,Normal,Oligaemic,no,yes,12+,<5,<7.5,Normal,PAIVS,yes,0-3_days,yes,Lt_to_Rt,Complete,Normal,Low,yes
3004,no,Equal,Moderate,Normal,Plethoric,no,no,5-12,5-12,<7.5,Asy/Patchy,PFC,no,0-3_days,no,Lt_to_Rt,Mild,Normal,Normal,no
3005,no,Equal,Severe,High,Plethoric,no,no,<5,12+,>=7.5,Normal,TGA,no,0-3_days,no,None,Transp.,Abnormal,High,no
3006,yes,Equal,Mild,Normal,Plethoric,no,yes,12+,12+,<7.5,Plethoric,TGA,no,4-10_days,yes,None,Transp.,Normal,High,no
3007,yes,Equal,Moderate,Normal,Plethoric,no,no,5-12,5-12,<7.5,Plethoric,TGA,yes,4-10_days,no,None,Mild,Normal,High,no
3008,no,Equal,Moderate,Normal,Asy/Patch,yes,no,5-12,5-12,<7.5,Normal,Fallot,yes,4-10_days,no,None,Complete,Abnormal,Low,yes
3009,no,Equal,Moderate,Normal,Asy/Patch,yes,yes,<5,5-12,<7.5,Asy/Patchy,PAIVS,no,0-3_days,yes,Lt_to_Rt,Complete,Abnormal,Low,yes
3010,no,Equal,Moderate,Low,Oligaemic,no,yes,12+,5-12,<7.5,Oligaemic,PAIVS,yes,4-10_days,yes,Lt_to_Rt,Complete,Normal,Low,yes
3011,no,Equal,Moderate,Normal,Plethoric,no,yes,<5,<5,<7.5,Plethoric,TGA,no,0-3_days,yes,Rt_to_Lt,Mild,Normal,High,no
3012,yes,Equal,Moderate,Normal,Normal,no,no,12+,<5,<7.5,Normal,Fallot,no,0-3_days,no,None,Complete,Normal,Normal,yes
3013,no,Equal,Severe,High,Asy/Patch,no,no,5-12,12+,>=7.5,Asy/Patchy,Lung,no,0-3_days,no,Rt_to_Lt,Mild,Abnormal,Normal,yes
3014,no,Equal,Moderate,Normal,Plethoric,no,no,5-12,<5,<7.5,Plethoric,TGA,yes,0-3_days,no,None,Mild,Normal,High,yes
3015,no,Equal,Severe,Normal,Normal,no,no,<5,5-12,<7.5,Normal,TGA,no,0-3_days,no,None,Transp.,Normal,Normal,no
3016,no,Equal,Mild,High,Asy/Patch,yes,no,12+,12+,>=7.5,Normal,Fallot,yes,4-10_days,no,Lt_to_Rt,Complete,Abnormal,Low,no
3017,no,Equal,Severe,Low,Oligaemic,no,yes,5-12,<5,<7.5,Oligaemic,Fallot,no,11-30_days,yes,Lt_to_Rt,Complete,Normal,Low,no
3018,no,Equal,Moderate,High,Asy/Patch,yes,yes,5-12,5-12,>=7.5,Plethoric,Fallot,yes,11-30_days,yes,Lt_to_Rt,Complete,Abnormal,Low,no
3019,yes,Equal,Moderate,Normal,Asy/Patch,no,yes,5-12,<5,<7.5,Asy/Patchy,PFC,no,4-10_days,yes,Rt_to_Lt,Mild,Normal,Normal,no
3020,no,Equal,Severe,Normal,Oligaemic,no,no,<5,<5,<7.5,Oligaemic,TGA,no,0-3_days,no,None,Transp.,Congested,Low,no
3021,no,Equal,Moderate,High,Grd_Glass,yes,no,5-12,5-12,>=7.5,Grd_Glass,TAPVD,yes,0-3_days,no,Lt_to_Rt,Complete,Abnormal,High,no
3022,no,Equal,Moderate,Low,Oligaemic,no,no,5-12,5-12,<7.5,Oligaemic,Fallot,yes,0-3_days,no,Lt_to_Rt,Complete,Normal,Low,yes
3023,no,Equal,Severe,Normal,Normal,no,no,5-12,<5,<7.5,Normal,TGA,no,0-3_days,no,None,Transp.,Normal,Normal,yes
3024,no,Equal,Mild,Low,Oligaemic,no,no,12+,12+,<7.5,Oligaemic,Fallot,no,0-3_days,no,None,None,Normal,Low,no
3025,no,Equal,Severe,High,Plethoric,no,no,12+,<5,>=7.5,Normal,TGA,no,0-3_days,no,None,Transp.,Normal,High,no
3026,no,Equal,Severe,Normal,Plethoric,no,no,<5,<5,<7.5,Plethoric,TGA,no,0-3_days,no,None,Transp.,Normal,High,no
3027,no,Equal,Severe,Normal,Oligaemic,no,no,<5,5-12,<7.5,Grd_Glass,PAIVS,no,0-3_days,no,Lt_to_Rt,Complete,Normal,Low,yes
3028,no,Equal,Mild,Low,Plethoric,no,yes,12+,12+,<7.5,Plethoric,TGA,no,0-3_days,yes,None,Complete,Normal,High,yes
3029,no,Equal,Moderate,Normal,Asy/Patch,no,yes,12+,5-12,<7.5,Normal,PAIVS,no,4-10_days,yes,Lt_to_Rt,Complete,Normal,Low,no
3030,no,Equal,Mild,Normal,Grd_Glass,no,no,12+,<5,<7.5,Grd_Glass,TGA,no,0-3_days,no,None,Complete,Normal,High,no
3031,no,Equal,Moderate,Normal,Plethoric,no,no,5-12,5-12,<7.5,Plethoric,Fallot,no,11-30_days,no,Lt_to_Rt,Complete,Normal,High,no
3032,yes,Equal,Mild,Normal,Oligaemic,no,yes,12+,12+,<7.5,Oligaemic,PAIVS,no,0-3_days,yes,Lt_to_Rt,Complete,Normal,Low,yes
3033,no,Equal,Severe,Normal,Plethoric,no,no,5-12,<5,<7.5,Plethoric,TGA,no,0-3_days,no,None,Transp.,Normal,High,no
3034,no,Equal,Moderate,High,Oligaemic,no,no,12+,<5,>=7.5,Oligaemic,Fallot,no,0-3_days,no,Lt_to_Rt,Complete,Normal,Low,no
3035,no,Equal,Moderate,High,Grd_Glass,no,no,5-12,<5,>=7.5,Normal,TAPVD,no,4-10_days,no,Rt_to_Lt,Complete,Congested,Normal,no
3036,no,Equal,Moderate,High,Oligaemic,yes,no,<5,5-12,>=7.5,Oligaemic,TAPVD,yes,0-3_days,no,Rt_to_Lt,Complete,Abnormal,High,yes
3037,no,Equal,Moderate,Normal,Grd_Glass,yes,no,5-12,5-12,<7.5,Grd_Glass,TGA,yes,0-3_days,no,None,Transp.,Abnormal,High,yes
3038,no,Equal,Moderate,Normal,Oligaemic,no,yes,5-12,5-12,<7.5,Oligaemic,Fallot,no,11-30_days,yes,Lt_to_Rt,Complete,Normal,Low,no
3039,no,Equal,Moderate,Low,Oligaemic,yes,yes,<5,<5,<7.5,Oligaemic,PAIVS,yes,0-3_days,yes,Lt_to_Rt,Complete,Abnormal,Low,no
3040,yes,Equal,Moderate,Low,Oligaemic,no,no,5-12,<5,<7.5,Oligaemic,Fallot,yes,4-10_days,no,Lt_to_Rt,Complete,Normal,Low,no
3041,yes,Equal,Moderate,Normal,Normal,no,no,5-12,5-12,<7.5,Normal,PFC,no,0-3_days,no,Rt_to_Lt,Mild,Normal,Normal,yes
3042,no,Equal,Moderate,Normal,Oligaemic,no,yes,12+,5-12,>=7.5,Oligaemic,PAIVS,no,0-3_days,yes,Lt_to_Rt,Complete,Normal,Low,no
3043,no,Equal,Moderate,Normal,Asy/Patch,yes,no,5-12,<5,<7.5,Normal,Lung,yes,0-3_days,no,Rt_to_Lt,Mild,Abnormal,Normal,no
3044,no,Equal,Moderate,Normal,Oligaemic,no,no,5-12,5-12,<7.5,Oligaemic,Fallot,no,4-10_days,no,Lt_to_Rt,Complete,Normal,Low,no
3045,no,Equal,Moderate,Normal,Oligaemic,no,no,5-12,5-12,<7.5,Oligaemic,PAIVS,no,4-10_days,yes,Lt_to_Rt,Complete,Normal,Low,no
3046,no,Unequal,Severe,Normal,Oligaemic,no,no,5-12,<5,<7.5,Oligaemic,Fallot,no,0-3_days,no,Lt_to_Rt,Complete,Normal,Low,yes
3047,no,Equal,Moderate,Normal,Grd_Glass,yes,no,<5,5-12,>=7.5,Grd_Glass,TGA,yes,4-10_days,no,None,Mild,Abnormal,High,no
3048,no,Equal,Moderate,Normal,Normal,no,yes,<5,5-12,<7.5,Normal,PFC,no,0-3_days,no,Rt_to_Lt,Mild,Normal,Normal,yes
3049,no,Equal,Moderate,Normal,Oligaemic,no,yes,5-12,5-12,<7.5,Plethoric,PAIVS,no,0-3_days,yes,Lt_to_Rt,Complete,Normal,Low,no
3050,no,Equal,Moderate,High,Oligaemic,no,yes,5-12,<5,>=7.5,Oligaemic,PAIVS,no,11-30_days,yes,Lt_to_Rt,Complete,Normal,Low,yes
3051,no,Equal,Moderate,Low,Plethoric,no,no,5-12,<5,<7.5,Plethoric,TGA,no,0-3_days,no,None,Transp.,Congested,High,yes
3052,no,Equal,Moderate,Normal,Plethoric,no,no,5-12,5-12,<7.5,Plethoric,Fallot,yes,0-3_days,no,Lt_to_Rt,Complete,Normal,Low,yes
3053,no,Equal,Moderate,Low,Oligaemic,no,no,5-12,5-12,<7.5,Oligaemic,PAIVS,no,0-3_days,yes,Lt_to_Rt,Complete,Normal,Low,no
3054,yes,Equal,Moderate,Normal,Grd_Glass,yes,no,<5,5-12,<7.5,Grd_Glass,Fallot,yes,4-10_days,no,Lt_to_Rt,Complete,Normal,Low,no
3055,no,Equal,Moderate,Normal,Oligaemic,no,yes,5-12,<5,<7.5,Asy/Patchy,PAIVS,no,0-3_days,yes,Lt_to_Rt,Complete,Normal,Low,no
3056,no,Unequal,Mild,Normal,Normal,no,no,5-12,12+,<7.5,Normal,PFC,yes,0-3_days,no,Rt_to_Lt,None,Normal,Low,no
3057,yes,Equal,Mild,High,Oligaemic,yes,no,12+,12+,>=7.5,Oligaemic,Lung,yes,0-3_days,no,None,None,Abnormal,High,yes
3058,yes,Equal,Severe,Normal,Normal,no,no,<5,12+,<7.5,Normal,Fallot,no,11-30_days,no,Lt_to_Rt,Complete,Normal,Normal,no
3059,no,Equal,Moderate,Normal,Oligaemic,yes,yes,5-12,5-12,<7.5,Oligaemic,PAIVS,yes,0-3_days,yes,Lt_to_Rt,Complete,Normal,Low,yes
3060,yes,Equal,Severe,High,Normal,yes,no,<5,<5,>=7.5,Normal,TGA,yes,0-3_days,no,None,Transp.,Abnormal,High,no
3061,no,Equal,Mild,Normal,Oligaemic,yes,no,12+,12+,<7.5,Oligaemic,TGA,yes,11-30_days,no,None,None,Abnormal,High,no
3062,no,Equal,Moderate,Normal,Oligaemic,no,yes,<5,5-12,<7.5,Oligaemic,Fallot,no,11-30_days,yes,Lt_to_Rt,Complete,Normal,Low,no
3063,no,Equal,Severe,Normal,Normal,no,no,5-12,<5,<7.5,Normal,TGA,no,4-10_days,no,None,Transp.,Normal,High,no
3064,no,Equal,Moderate,Normal,Oligaemic,no,no,5-12,5-12,<7.5,Oligaemic,PAIVS,no,0-3_days,yes,Lt_to_Rt,Complete,Normal,Low,no
3065,no,Equal,Moderate,Normal,Plethoric,no,no,<5,5-12,<7.5,Plethoric,TGA,no,0-3_days,no,Rt_to_Lt,Mild,Normal,High,no
3066,no,Equal,Severe,Normal,Oligaemic,no,yes,<5,5-12,>=7.5,Oligaemic,PAIVS,no,11-30_days,yes,Lt_to_Rt,Complete,Normal,Low,no
3067,no,Unequal,Moderate,Normal,Plethoric,no,yes,5-12,5-12,<7.5,Plethoric,Lung,no,0-3_days,yes,Rt_to_Lt,None,Congested,Normal,no
3068,no,Equal,Moderate,Normal,Oligaemic,no,yes,<5,5-12,<7.5,Oligaemic,PAIVS,no,0-3_days,yes,Lt_to_Rt,Complete,Normal,Low,yes
3069,no,Equal,Severe,Normal,Oligaemic,yes,no,5-12,5-12,<7.5,Oligaemic,PAIVS,yes,11-30_days,no,Lt_to_Rt,Complete,Normal,Low,no
3070,yes,Equal,Mild,Low,Asy/Patch,yes,no,<5,12+,<7.5,Asy/Patchy,TAPVD,yes,11-30_days,no,Lt_to_Rt,Complete,Abnormal,Low,yes
3071,no,Equal,Severe,Normal,Grd_Glass,no,no,<5,<5,<7.5,Grd_Glass,TGA,no,0-3_days,no,Rt_to_Lt,Transp.,Normal,High,no
3072,no,Equal,Severe,Normal,Plethoric,no,no,5-12,5-12,<7.5,Normal,Fallot,yes,11-30_days,no,Lt_to_Rt,Complete,Normal,Low,no
3073,yes,Unequal,Severe,Normal,Normal,no,no,<5,<5,<7.5,Normal,TGA,no,0-3_days,no,None,Transp.,Normal,High,no
3074,no,Equal,Severe,Low,Plethoric,no,no,<5,<5,<7.5,Plethoric,TAPVD,no,0-3_days,no,Lt_to_Rt,Complete,Normal,High,yes
3075,yes,Equal,Moderate,Normal,Plethoric,no,yes,<5,5-12,<7.5,Plethoric,Fallot,no,4-10_days,yes,Lt_to_Rt,None,Normal,High,no
3076,no,Equal,Severe,Normal,Plethoric,no,yes,<5,<5,<7.5,Asy/Patchy,Fallot,no,11-30_days,yes,None,Complete,Congested,High,yes
3077,no,Equal,Severe,Low,Asy/Patch,no,no,<5,5-12,<7.5,Grd_Glass,Lung,no,0-3_days,no,Lt_to_Rt,Mild,Normal,Normal,no
3078,no,Equal,Mild,Normal,Oligaemic,no,no,12+,12+,<7.5,Oligaemic,Fallot,no,4-10_days,no,Lt_to_Rt,Complete,Normal,Low,no
3079,no,Equal,Moderate,High,Asy/Patch,yes,no,5-12,<5,>=7.5,Asy/Patchy,Lung,yes,0-3_days,no,None,Complete,Abnormal,Normal,yes
3080,no,Equal,Moderate,Normal,Normal,no,no,5-12,<5,<7.5,Normal,TGA,no,0-3_days,no,None,Complete,Normal,High,no
3081,no,Equal,Moderate,Normal,Plethoric,no,no,12+,12+,<7.5,Plethoric,TGA,no,11-30_days,no,None,Transp.,Normal,High,no
3082,no,Equal,Moderate,High,Normal,no,no,5-12,<5,>=7.5,Normal,Fallot,no,0-3_days,no,Lt_to_Rt,Complete,Normal,Low,no
3083,no,Equal,Severe,Normal,Plethoric,no,yes,<5,<5,<7.5,Plethoric,TGA,no,0-3_days,yes,Rt_to_Lt,Complete,Normal,High,yes
3084,no,Equal,Mild,Normal,Oligaemic,no,no,12+,12+,<7.5,Normal,Fallot,no,11-30_days,no,Lt_to_Rt,Complete,Normal,Low,no
3085,no,Equal,Severe,Normal,Plethoric,no,no,5-12,<5,<7.5,Plethoric,TGA,no,0-3_days,no,None,Transp.,Normal,High,no
3086,no,Equal,Moderate,High,Normal,no,no,<5,5-12,>=7.5,Normal,Fallot,no,0-3_days,no,None,Complete,Normal,Low,no
3087,no,Equal,Moderate,Normal,Oligaemic,yes,yes,12+,5-12,<7.5,Oligaemic,PAIVS,yes,4-10_days,yes,Lt_to_Rt,Complete,Normal,Low,yes
3088,yes,Equal,Moderate,Normal,Oligaemic,no,no,5-12,<5,<7.5,Oligaemic,Fallot,no,11-30_days,no,None,Complete,Normal,Low,no
3089,no,Equal,Severe,Normal,Oligaemic,no,no,<5,5-12,<7.5,Grd_Glass,Fallot,no,4-10_days,no,None,Complete,Normal,Low,no
3090,no,Equal,Moderate,Normal,Normal,no,yes,5-12,5-12,<7.5,Normal,PAIVS,no,0-3_days,yes,Lt_to_Rt,Complete,Normal,Low,no
3091,no,Equal,Mild,Normal,Oligaemic,no,no,5-12,5-12,<7.5,Oligaemic,Fallot,no,4-10_days,no,None,Complete,Normal,Low,no
3092,no,Equal,Moderate,Low,Plethoric,no,no,<5,5-12,<7.5,Plethoric,TGA,no,0-3_days,no,None,Transp.,Normal,High,no
3093,no,Equal,Severe,Normal,Oligaemic,yes,no,5-12,<5,<7.5,Oligaemic,TAPVD,yes,4-10_days,no,None,Complete,Abnormal,High,yes
3094,no,Equal,Moderate,Normal,Grd_Glass,yes,no,<5,5-12,<7.5,Normal,TGA,yes,11-30_days,no,None,Transp.,Abnormal,High,yes
3095,no,Equal,Mild,Normal,Plethoric,no,no,12+,12+,<7.5,Plethoric,PAIVS,no,0-3_days,yes,Lt_to_Rt,Complete,Normal,High,no
3096,no,Equal,Moderate,Normal,Oligaemic,no,yes,<5,<5,<7.5,Oligaemic,PAIVS,no,0-3_days,yes,Lt_to_Rt,Complete,Normal,Low,yes
3097,no,Equal,Severe,Normal,Plethoric,no,no,<5,5-12,<7.5,Normal,TGA,no,0-3_days,no,None,Transp.,Normal,High,no
3098,no,Unequal,Moderate,Normal,Asy/Patch,yes,no,5-12,5-12,<7.5,Asy/Patchy,Lung,yes,0-3_days,no,Rt_to_Lt,Mild,Abnormal,Normal,yes
3099,no,Equal,Moderate,Normal,Oligaemic,no,no,5-12,<5,>=7.5,Plethoric,Fallot,no,4-10_days,no,None,Complete,Normal,Low,no
3100,yes,Unequal,Mild,Low,Oligaemic,no,no,<5,12+,<7.5,Oligaemic,PFC,no,0-3_days,no,Rt_to_Lt,None,Normal,Low,yes
3101,no,Equal,Severe,Normal,Plethoric,no,no,5-12,5-12,>=7.5,Plethoric,TGA,no,11-30_days,no,None,Transp.,Normal,High,no
3102,no,Equal,Moderate,Normal,Oligaemic,no,no,<5,12+,>=7.5,Oligaemic,PAIVS,no,0-3_days,yes,Lt_to_Rt,Complete,Normal,Low,yes
3103,no,Equal,Moderate,Normal,Oligaemic,no,yes,5-12,5-12,<7.5,Oligaemic,PAIVS,no,0-3_days,yes,Lt_to_Rt,Complete,Normal,Low,no
3104,no,Equal,Severe,Normal,Oligaemic,no,yes,<5,<5,<7.5,Oligaemic,PAIVS,no,0-3_days,yes,Lt_to_Rt,Complete,Normal,Low,no
3105,no,Equal,Severe,Normal,Asy/Patch,no,no,5-12,<5,<7.5,Asy/Patchy,TGA,no,4-10_days,no,None,Transp.,Normal,High,no
3106,no,Equal,Moderate,High,Grd_Glass,yes,no,5-12,12+,>=7.5,Grd_Glass,TGA,yes,0-3_days,no,None,Complete,Abnormal,High,yes
3107,no,Unequal,Moderate,Normal,Grd_Glass,no,no,5-12,5-12,<7.5,Asy/Patchy,Lung,no,4-10_days,no,Rt_to_Lt,None,Congested,Normal,no
3108,yes,Unequal,Mild,Normal,Oligaemic,no,no,<5,12+,<7.5,Oligaemic,PFC,no,0-3_days,no,Rt_to_Lt,None,Normal,Low,no
3109,no,Equal,Severe,Normal,Oligaemic,no,yes,<5,5-12,<7.5,Oligaemic,PAIVS,no,0-3_days,yes,Lt_to_Rt,Complete,Normal,Low,yes
3110,no,Equal,Moderate,Normal,Oligaemic,no,yes,<5,5-12,<7.5,Normal,PAIVS,no,0-3_days,yes,Lt_to_Rt,Complete,Normal,Low,no
3111,no,Equal,Mild,Normal,Plethoric,yes,no,12+,12+,<7.5,Plethoric,TGA,yes,0-3_days,no,None,Transp.,Normal,High,yes
3112,no,Equal,Mild,Normal,Oligaemic,no,no,12+,12+,<7.5,Asy/Patchy,Fallot,no,0-3_days,no,Lt_to_Rt,None,Normal,Low,no
3113,no,Equal,Mild,Normal,Normal,no,no,5-12,12+,<7.5,Asy/Patchy,Fallot,no,11-30_days,no,None,Complete,Normal,Low,yes
3114,yes,Equal,Severe,Normal,Plethoric,no,yes,<5,<5,<7.5,Plethoric,TGA,no,0-3_days,yes,None,Transp.,Normal,High,no
3115,no,Equal,Moderate,Low,Oligaemic,no,yes,5-12,12+,<7.5,Grd_Glass,PAIVS,no,4-10_days,yes,Lt_to_Rt,Complete,Normal,Low,no
3116,no,Equal,Severe,Normal,Plethoric,no,no,5-12,12+,<7.5,Plethoric,TGA,no,0-3_days,no,None,Transp.,Normal,High,no
3117,no,Equal,Severe,Normal,Plethoric,yes,no,5-12,5-12,<7.5,Plethoric,TAPVD,yes,11-30_days,no,Lt_to_Rt,Complete,Congested,High,no
3118,no,Equal,Severe,Normal,Oligaemic,no,no,<5,<5,<7.5,Oligaemic,Fallot,no,4-10_days,no,Lt_to_Rt,Complete,Normal,Low,no
3119,no,Unequal,Moderate,Normal,Grd_Glass,no,no,<5,5-12,<7.5,Plethoric,TAPVD,no,4-10_days,no,Rt_to_Lt,Mild,Congested,High,no
3120,no,Equal,Severe,Normal,Plethoric,no,yes,5-12,5-12,<7.5,Plethoric,TGA,yes,4-10_days,yes,Lt_to_Rt,Transp.,Normal,High,no
3121,no,Equal,Moderate,Low,Oligaemic,no,yes,12+,<5,<7.5,Oligaemic,PAIVS,no,4-10_days,yes,Lt_to_Rt,Complete,Normal,Low,yes
3122,no,Equal,Moderate,Normal,Plethoric,no,no,5-12,5-12,<7.5,Plethoric,Fallot,no,4-10_days,no,Lt_to_Rt,Complete,Normal,High,no
3123,no,Equal,Severe,Normal,Plethoric,no,yes,5-12,12+,<7.5,Plethoric,TGA,no,0-3_days,yes,None,Transp.,Normal,High,no
3124,no,Unequal,Severe,Normal,Normal,no,no,12+,<5,<7.5,Normal,TGA,no,0-3_days,no,Rt_to_Lt,Transp.,Normal,Normal,yes
3125,no,Equal,Moderate,Normal,Normal,no,no,5-12,5-12,<7.5,Normal,TGA,no,0-3_days,no,None,Transp.,Normal,Normal,yes
3126,no,Equal,Severe,Normal,Oligaemic,no,no,5-12,<5,<7.5,Oligaemic,PFC,no,0-3_days,no,Rt_to_Lt,Complete,Normal,Low,yes
3127,no,Equal,Moderate,Normal,Plethoric,yes,no,5-12,5-12,<7.5,Plethoric,TAPVD,yes,4-10_days,no,Lt_to_Rt,Complete,Congested,High,yes
3128,no,Equal,Severe,High,Plethoric,no,no,12+,<5,>=7.5,Plethoric,TGA,no,0-3_days,no,None,Transp.,Normal,High,no
3129,no,Equal,Moderate,Normal,Normal,no,yes,<5,12+,<7.5,Normal,PAIVS,no,0-3_days,yes,Lt_to_Rt,Complete,Normal,Normal,yes
3130,no,Unequal,Moderate,Low,Oligaemic,no,no,<5,<5,<7.5,Oligaemic,PAIVS,no,0-3_days,no,Lt_to_Rt,Complete,Normal,Low,no
3131,no,Equal,Moderate,High,Asy/Patch,no,yes,<5,<5,>=7.5,Asy/Patchy,PAIVS,no,0-3_days,yes,Lt_to_Rt,Complete,Congested,Low,no
3132,no,Equal,Severe,Normal,Oligaemic,no,yes,<5,5-12,<7.5,Grd_Glass,PAIVS,no,0-3_days,yes,Lt_to_Rt,Complete,Normal,Low,no
3133,no,Unequal,Severe,Normal,Oligaemic,no,no,<5,<5,<7.5,Oligaemic,TGA,no,4-10_days,no,Rt_to_Lt,Transp.,Normal,Low,no
3134,yes,Unequal,Mild,Normal,Normal,no,yes,5-12,12+,<7.5,Normal,PFC,no,0-3_days,yes,Rt_to_Lt,None,Normal,Normal,yes
3135,no,Equal,Moderate,High,Plethoric,no,no,5-12,5-12,>=7.5,Plethoric,TAPVD,no,4-10_days,no,Rt_to_Lt,Complete,Congested,Normal,yes
3136,no,Equal,Severe,High,Plethoric,yes,yes,5-12,<5,>=7.5,Plethoric,TGA,no,0-3_days,yes,None,Transp.,Normal,High,no
3137,no,Equal,Mild,Normal,Oligaemic,yes,no,<5,12+,<7.5,Oligaemic,TGA,yes,0-3_days,no,None,Transp.,Abnormal,High,yes
3138,no,Equal,Moderate,High,Oligaemic,yes,no,5-12,5-12,>=7.5,Oligaemic,Fallot,yes,0-3_days,no,None,Mild,Abnormal,Low,no
3139,no,Equal,Severe,Normal,Normal,no,no,<5,<5,<7.5,Normal,TGA,no,0-3_days,no,Lt_to_Rt,Transp.,Normal,High,no
3140,no,Equal,Severe,Normal,Plethoric,no,no,12+,5-12,<7.5,Normal,TGA,no,0-3_days,no,Lt_to_Rt,Transp.,Normal,High,no
3141,no,Equal,Moderate,High,Grd_Glass,no,no,5-12,5-12,>=7.5,Grd_Glass,Fallot,no,11-30_days,no,Lt_to_Rt,Complete,Abnormal,Normal,no
3142,no,Equal,Moderate,Normal,Oligaemic,no,no,5-12,5-12,<7.5,Oligaemic,Fallot,no,11-30_days,no,Lt_to_Rt,Complete,Normal,Low,no
3143,no,Equal,Moderate,Normal,Oligaemic,no,no,5-12,5-12,<7.5,Oligaemic,Fallot,no,11-30_days,no,Lt_to_Rt,Mild,Normal,Low,no
3144,no,Equal,Mild,High,Oligaemic,no,no,12+,<5,>=7.5,Oligaemic,Fallot,no,4-10_days,no,Lt_to_Rt,Complete,Abnormal,Low,no
3145,no,Unequal,Moderate,Low,Grd_Glass,no,yes,<5,12+,<7.5,Normal,Fallot,no,11-30_days,no,Lt_to_Rt,Complete,Congested,Normal,no
3146,no,Equal,Mild,Normal,Asy/Patch,yes,no,12+,5-12,<7.5,Asy/Patchy,Fallot,yes,11-30_days,no,Lt_to_Rt,None,Abnormal,Low,no
3147,no,Equal,Mild,Low,Oligaemic,no,yes,12+,12+,<7.5,Oligaemic,PAIVS,yes,4-10_days,yes,Lt_to_Rt,Complete,Normal,Low,yes
3148,no,Equal,Moderate,Low,Plethoric,no,no,5-12,5-12,<7.5,Plethoric,TGA,no,4-10_days,no,None,Mild,Normal,High,no
3149,no,Equal,Moderate,Normal,Oligaemic,no,no,5-12,5-12,<7.5,Oligaemic,Fallot,no,4-10_days,no,None,Complete,Normal,Low,no
3150,no,Equal,Severe,Normal,Plethoric,no,yes,<5,<5,<7.5,Plethoric,TGA,no,0-3_days,yes,None,Transp.,Normal,High,yes
3151,no,Equal,Mild,Normal,Oligaemic,no,no,12+,12+,<7.5,Oligaemic,Fallot,no,11-30_days,no,Lt_to_Rt,Mild,Normal,Low,no
3152,no,Equal,Severe,Normal,Plethoric,no,no,5-12,5-12,>=7.5,Plethoric,TGA,no,0-3_days,no,Rt_to_Lt,Transp.,Normal,High,no
3153,no,Equal,Severe,Low,Oligaemic,no,yes,5-12,5-12,>=7.5,Normal,Fallot,no,11-30_days,yes,None,Complete,Normal,Low,no
3154,no,Equal,Moderate,Normal,Normal,no,no,12+,5-12,<7.5,Normal,Fallot,no,0-3_days,no,Lt_to_Rt,Complete,Normal,Low,no
3155,no,Equal,Moderate,Normal,Oligaemic,no,no,12+,<5,<7.5,Oligaemic,Fallot,no,0-3_days,no,None,Complete,Normal,Low,no
3156,no,Equal,Severe,Normal,Grd_Glass,no,no,<5,5-12,<7.5,Grd_Glass,TAPVD,no,0-3_days,no,Rt_to_Lt,Complete,Congested,High,yes
3157,no,Equal,Moderate,Normal,Oligaemic,no,yes,5-12,5-12,<7.5,Oligaemic,Fallot,no,0-3_days,yes,Lt_to_Rt,Mild,Normal,Low,yes
3158,no,Equal,Moderate,Low,Oligaemic,no,yes,5-12,5-12,<7.5,Asy/Patchy,PAIVS,no,0-3_days,yes,Lt_to_Rt,Complete,Normal,Low,no
3159,no,Equal,Severe,Normal,Plethoric,yes,no,<5,12+,<7.5,Asy/Patchy,TGA,yes,0-3_days,no,Lt_to_Rt,Transp.,Normal,High,yes
3160,no,Equal,Severe,Normal,Oligaemic,no,yes,5-12,<5,<7.5,Oligaemic,Fallot,no,0-3_days,yes,Lt_to_Rt,Mild,Normal,Low,yes
3161,no,Equal,Mild,Low,Normal,no,yes,<5,12+,<7.5,Oligaemic,PAIVS,no,0-3_days,yes,Lt_to_Rt,Mild,Normal,Low,no
3162,yes,Equal,Moderate,Normal,Oligaemic,no,no,5-12,5-12,<7.5,Asy/Patchy,PFC,no,0-3_days,no,Rt_to_Lt,Mild,Normal,Low,no
3163,yes,Equal,Severe,Low,Oligaemic,no,no,<5,<5,<7.5,Oligaemic,PFC,no,0-3_days,no,Lt_to_Rt,Complete,Normal,Low,no
3164,no,Equal,Moderate,High,Normal,yes,yes,12+,5-12,<7.5,Asy/Patchy,PAIVS,yes,11-30_days,yes,Lt_to_Rt,Complete,Normal,Normal,yes
3165,no,Equal,Severe,High,Normal,no,no,5-12,5-12,>=7.5,Normal,Fallot,no,0-3_days,no,Lt_to_Rt,Complete,Normal,Low,no
3166,no,Equal,Moderate,Normal,Plethoric,no,no,<5,5-12,<7.5,Plethoric,Fallot,no,11-30_days,no,Lt_to_Rt,Mild,Normal,High,no
3167,no,Equal,Moderate,Normal,Plethoric,no,no,12+,5-12,<7.5,Plethoric,TGA,no,0-3_days,no,None,Transp.,Normal,High,no
3168,no,Unequal,Moderate,High,Plethoric,no,no,5-12,12+,>=7.5,Plethoric,PFC,no,0-3_days,no,Rt_to_Lt,None,Congested,High,yes
3169,yes,Equal,Mild,High,Oligaemic,no,yes,12+,12+,>=7.5,Oligaemic,PAIVS,no,4-10_days,yes,Lt_to_Rt,Complete,Normal,Low,no
3170,no,Equal,Mild,High,Asy/Patch,yes,no,5-12,5-12,>=7.5,Asy/Patchy,Fallot,yes,4-10_days,no,Lt_to_Rt,Mild,Abnormal,Low,no
3171,no,Equal,Mild,Normal,Normal,no,yes,12+,5-12,<7.5,Normal,PAIVS,yes,0-3_days,yes,Lt_to_Rt,Complete,Normal,Low,no
3172,no,Unequal,Moderate,High,Grd_Glass,no,yes,5-12,5-12,>=7.5,Grd_Glass,Lung,no,4-10_days,no,Rt_to_Lt,None,Abnormal,Normal,no
3173,no,Equal,Severe,Normal,Asy/Patch,yes,no,5-12,<5,<7.5,Grd_Glass,Fallot,no,4-10_days,no,Lt_to_Rt,Complete,Abnormal,Low,no
3174,no,Equal,Severe,Normal,Plethoric,no,no,5-12,5-12,<7.5,Plethoric,TGA,no,0-3_days,no,None,Transp.,Normal,High,no
3175,yes,Equal,Moderate,Normal,Oligaemic,yes,no,<5,5-12,<7.5,Oligaemic,TGA,yes,0-3_days,no,None,Transp.,Normal,Low,yes
3176,no,Equal,Moderate,Normal,Plethoric,no,yes,5-12,5-12,<7.5,Plethoric,PAIVS,no,0-3_days,yes,Lt_to_Rt,Complete,Normal,High,no
3177,no,Equal,Severe,Normal,Oligaemic,no,no,5-12,5-12,<7.5,Oligaemic,PAIVS,no,0-3_days,yes,Lt_to_Rt,Complete,Normal,Low,no
3178,no,Equal,Moderate,Normal,Asy/Patch,no,no,5-12,5-12,<7.5,Plethoric,TAPVD,no,0-3_days,no,None,Complete,Abnormal,High,yes
3179,no,Unequal,Severe,Normal,Normal,no,no,5-12,<5,<7.5,Normal,TGA,no,0-3_days,no,Rt_to_Lt,Transp.,Normal,High,no
3180,no,Equal,Moderate,Normal,Plethoric,no,no,5-12,5-12,<7.5,Plethoric,TGA,no,0-3_days,no,None,Transp.,Normal,High,yes
3181,yes,Equal,Severe,Normal,Asy/Patch,yes,no,5-12,12+,<7.5,Asy/Patchy,TAPVD,yes,0-3_days,no,None,Complete,Abnormal,Normal,yes
3182,no,Equal,Severe,High,Oligaemic,no,yes,<5,<5,>=7.5,Oligaemic,TGA,no,0-3_days,yes,None,Transp.,Abnormal,High,no
3183,no,Equal,Severe,Low,Normal,no,no,5-12,5-12,<7.5,Normal,TGA,no,0-3_days,no,None,Mild,Normal,Normal,no
3184,no,Equal,Moderate,Normal,Oligaemic,no,yes,5-12,5-12,<7.5,Oligaemic,PAIVS,no,0-3_days,yes,Lt_to_Rt,Complete,Normal,Low,yes
3185,no,Equal,Severe,High,Oligaemic,yes,no,5-12,5-12,>=7.5,Oligaemic,TGA,yes,0-3_days,no,None,Transp.,Abnormal,High,yes
3186,no,Equal,Severe,Low,Grd_Glass,no,no,5-12,5-12,<7.5,Grd_Glass,TGA,no,0-3_days,no,None,Transp.,Abnormal,High,yes
3187,no,Equal,Moderate,Normal,Normal,no,yes,5-12,5-12,<7.5,Plethoric,PAIVS,no,4-10_days,yes,Lt_to_Rt,Complete,Normal,High,no
3188,no,Equal,Moderate,Low,Normal,no,yes,5-12,5-12,<7.5,Plethoric,PAIVS,no,0-3_days,yes,Lt_to_Rt,Complete,Abnormal,Low,no
3189,no,Equal,Moderate,Low,Oligaemic,no,yes,<5,5-12,<7.5,Asy/Patchy,Fallot,no,4-10_days,yes,Lt_to_Rt,Complete,Normal,Low,no
3190,no,Equal,Moderate,Low,Oligaemic,no,no,5-12,5-12,<7.5,Oligaemic,Fallot,no,4-10_days,no,Lt_to_Rt,Complete,Normal,Low,no
3191,no,Equal,Moderate,Normal,Normal,no,no,<5,12+,<7.5,Normal,Fallot,no,0-3_days,no,None,Complete,Normal,Normal,yes
3192,no,Equal,Moderate,Normal,Plethoric,no,yes,5-12,5-12,<7.5,Plethoric,PAIVS,no,0-3_days,yes,Lt_to_Rt,Complete,Normal,Low,no
3193,no,Equal,Moderate,Normal,Plethoric,no,no,<5,5-12,<7.5,Plethoric,TGA,no,0-3_days,no,Rt_to_Lt,Transp.,Normal,High,no
3194,no,Equal,Moderate,Normal,Plethoric,yes,no,<5,5-12,<7.5,Oligaemic,TAPVD,yes,0-3_days,no,Lt_to_Rt,Complete,Congested,High,yes
3195,no,Equal,Moderate,Normal,Oligaemic,no,yes,5-12,5-12,<7.5,Grd_Glass,PAIVS,no,0-3_days,yes,Lt_to_Rt,Complete,Normal,Low,no
3196,no,Equal,Moderate,Low,Plethoric,no,no,12+,5-12,<7.5,Asy/Patchy,Fallot,no,11-30_days,no,Lt_to_Rt,Mild,Normal,High,no
3197,no,Equal,Moderate,Normal,Normal,no,no,<5,5-12,<7.5,Normal,Fallot,no,11-30_days,no,None,Complete,Normal,Normal,no
3198,no,Unequal,Moderate,Low,Asy/Patch,yes,no,5-12,12+,<7.5,Asy/Patchy,TAPVD,yes,0-3_days,no,Lt_to_Rt,Complete,Abnormal,Normal,yes
3199,no,Equal,Moderate,High,Asy/Patch,yes,yes,5-12,5-12,>=7.5,Normal,TAPVD,yes,0-3_days,no,None,Complete,Congested,High,yes
3200,no,Equal,Severe,High,Grd_Glass,yes,yes,<5,12+,>=7.5,Asy/Patchy,PAIVS,yes,0-3_days,yes,Lt_to_Rt,Complete,Abnormal,Low,no
3201,no,Equal,Mild,High,Normal,yes,yes,12+,<5,>=7.5,Normal,Lung,no,0-3_days,yes,None,Mild,Abnormal,High,yes
3202,no,Equal,Moderate,Low,Plethoric,no,no,<5,5-12,<7.5,Normal,Lung,yes,0-3_days,no,Rt_to_Lt,Mild,Congested,Normal,no
3203,no,Equal,Severe,Normal,Asy/Patch,yes,no,5-12,<5,<7.5,Plethoric,TGA,yes,0-3_days,no,None,Transp.,Abnormal,Normal,no
3204,no,Equal,Moderate,Normal,Oligaemic,no,yes,5-12,5-12,<7.5,Oligaemic,PAIVS,no,11-30_days,yes,Lt_to_Rt,Complete,Normal,Low,no
3205,no,Unequal,Mild,Normal,Oligaemic,no,no,<5,5-12,>=7.5,Oligaemic,PFC,no,4-10_days,no,Rt_to_Lt,None,Normal,Low,no
3206,no,Equal,Moderate,Low,Oligaemic,no,yes,5-12,5-12,<7.5,Oligaemic,PAIVS,no,0-3_days,yes,Lt_to_Rt,Transp.,Normal,Low,yes
3207,no,Unequal,Moderate,High,Asy/Patch,yes,yes,5-12,<5,>=7.5,Plethoric,Lung,yes,0-3_days,no,Rt_to_Lt,Mild,Abnormal,Normal,yes
3208,no,Equal,Moderate,Normal,Oligaemic,no,no,5-12,5-12,<7.5,Oligaemic,PAIVS,no,0-3_days,no,Lt_to_Rt,Complete,Normal,Low,no
3209,no,Equal,Moderate,Normal,Grd_Glass,no,no,12+,5-12,<7.5,Normal,PAIVS,no,0-3_days,yes,Lt_to_Rt,Complete,Normal,Low,no
3210,no,Equal,Moderate,Low,Normal,no,no,5-12,5-12,<7.5,Normal,Fallot,yes,11-30_days,no,None,Complete,Normal,Low,no
3211,no,Equal,Severe,Normal,Plethoric,no,no,5-12,<5,<7.5,Plethoric,TGA,no,0-3_days,no,None,Transp.,Normal,High,no
3212,no,Equal,Moderate,Normal,Normal,no,no,5-12,5-12,>=7.5,Normal,Fallot,no,0-3_days,no,None,Mild,Normal,Normal,no
3213,no,Equal,Severe,Normal,Plethoric,no,no,12+,<5,>=7.5,Plethoric,TGA,no,0-3_days,no,Lt_to_Rt,Transp.,Normal,High,no
3214,no,Equal,Severe,Normal,Normal,no,yes,5-12,<5,<7.5,Normal,PAIVS,no,0-3_days,yes,Lt_to_Rt,Complete,Normal,Low,no
3215,no,Equal,Severe,High,Asy/Patch,no,no,<5,5-12,>=7.5,Asy/Patchy,TGA,no,0-3_days,no,None,Transp.,Abnormal,Normal,yes
3216,no,Equal,Moderate,High,Oligaemic,no,no,<5,5-12,>=7.5,Oligaemic,PAIVS,no,0-3_days,no,Lt_to_Rt,Complete,Normal,Low,no
3217,no,Equal,Severe,Normal,Plethoric,no,no,12+,<5,<7.5,Plethoric,TGA,no,0-3_days,no,None,Transp.,Normal,High,no
3218,no,Equal,Severe,Low,Oligaemic,no,no,12+,<5,<7.5,Oligaemic,Fallot,no,4-10_days,no,Lt_to_Rt,Complete,Normal,Low,no
3219,no,Equal,Severe,Normal,Normal,no,no,<5,<5,<7.5,Normal,Fallot,yes,0-3_days,no,Lt_to_Rt,Transp.,Normal,Low,no
3220,no,Equal,Moderate,Normal,Normal,yes,no,5-12,5-12,<7.5,Normal,Fallot,yes,11-30_days,no,None,Complete,Abnormal,Low,no
3221,no,Equal,Moderate,Normal,Oligaemic,no,yes,12+,<5,<7.5,Normal,PAIVS,no,4-10_days,yes,Lt_to_Rt,Complete,Normal,Low,yes
3222,no,Unequal,Severe,Normal,Plethoric,no,no,<5,<5,>=7.5,Plethoric,TGA,no,0-3_days,no,None,Transp.,Normal,High,no
3223,no,Equal,Moderate,High,Asy/Patch,no,no,5-12,<5,>=7.5,Asy/Patchy,Lung,yes,0-3_days,no,None,Mild,Abnormal,Normal,yes
3224,no,Unequal,Moderate,Normal,Oligaemic,no,yes,<5,5-12,<7.5,Oligaemic,PAIVS,no,0-3_days,yes,Lt_to_Rt,Complete,Normal,Low,no
3225,no,Equal,Severe,Normal,Grd_Glass,no,yes,<5,5-12,<7.5,Asy/Patchy,TGA,no,0-3_days,yes,None,Transp.,Normal,High,yes
3226,no,Equal,Severe,Normal,Plethoric,no,no,5-12,<5,<7.5,Plethoric,TGA,no,4-10_days,no,None,Transp.,Normal,High,no
3227,no,Equal,Mild,Normal,Asy/Patch,yes,no,12+,12+,>=7.5,Asy/Patchy,TAPVD,yes,0-3_days,no,Rt_to_Lt,Complete,Abnormal,Normal,yes
3228,no,Equal,Moderate,Normal,Oligaemic,no,no,5-12,5-12,<7.5,Oligaemic,Fallot,no,0-3_days,no,Lt_to_Rt,Complete,Normal,Low,yes
3229,no,Equal,Moderate,Normal,Oligaemic,no,no,5-12,5-12,>=7.5,Oligaemic,Fallot,no,0-3_days,no,Lt_to_Rt,Complete,Normal,Low,yes
3230,no,Equal,Moderate,Normal,Oligaemic,no,yes,<5,5-12,<7.5,Asy/Patchy,PAIVS,no,0-3_days,yes,Lt_to_Rt,Complete,Normal,Low,no
3231,no,Equal,Moderate,Normal,Oligaemic,no,yes,5-12,5-12,>=7.5,Oligaemic,PAIVS,no,0-3_days,yes,Lt_to_Rt,Complete,Normal,Low,no
3232,no,Equal,Severe,Normal,Normal,yes,no,12+,<5,>=7.5,Oligaemic,TGA,yes,0-3_days,no,None,Transp.,Normal,Normal,yes
3233,no,Equal,Severe,Normal,Normal,no,no,5-12,5-12,<7.5,Normal,Fallot,no,11-30_days,no,Lt_to_Rt,Complete,Normal,Low,no
3234,no,Equal,Severe,Normal,Plethoric,no,no,<5,5-12,<7.5,Plethoric,TGA,no,0-3_days,no,None,Transp.,Normal,High,no
3235,no,Equal,Moderate,Normal,Plethoric,no,no,5-12,5-12,<7.5,Plethoric,TGA,no,4-10_days,no,None,Complete,Normal,High,no
3236,no,Equal,Moderate,Normal,Plethoric,no,no,5-12,5-12,<7.5,Plethoric,TGA,no,4-10_days,no,None,Transp.,Normal,High,yes
3237,no,Equal,Severe,Normal,Oligaemic,no,yes,5-12,5-12,<7.5,Oligaemic,PAIVS,no,0-3_days,yes,Lt_to_Rt,Complete,Normal,Low,no
3238,no,Equal,Moderate,Normal,Normal,no,no,<5,<5,<7.5,Normal,TGA,no,0-3_days,no,None,Transp.,Normal,High,yes
3239,yes,Equal,Severe,Normal,Oligaemic,no,yes,5-12,5-12,<7.5,Oligaemic,PAIVS,no,0-3_days,yes,Lt_to_Rt,Complete,Normal,Low,no
3240,no,Equal,Moderate,Normal,Plethoric,yes,no,<5,5-12,<7.5,Plethoric,TGA,no,0-3_days,no,None,Mild,Normal,High,yes
3241,yes,Equal,Moderate,Normal,Normal,no,no,5-12,5-12,<7.5,Normal,TGA,no,4-10_days,no,None,Transp.,Normal,High,no
3242,no,Equal,Severe,Normal,Normal,no,no,5-12,5-12,<7.5,Normal,TGA,no,4-10_days,no,None,Transp.,Normal,Normal,yes
3243,no,Unequal,Severe,Normal,Oligaemic,no,yes,<5,12+,<7.5,Normal,PAIVS,no,0-3_days,yes,Lt_to_Rt,Complete,Normal,Low,yes
3244,yes,Equal,Mild,Normal,Normal,no,no,5-12,12+,<7.5,Normal,TGA,no,0-3_days,no,None,Mild,Normal,High,no
3245,no,Unequal,Severe,Normal,Grd_Glass,no,no,<5,<5,<7.5,Normal,PAIVS,no,4-10_days,no,Lt_to_Rt,Complete,Abnormal,Low,yes
3246,no,Unequal,Severe,High,Normal,no,no,<5,5-12,>=7.5,Normal,PAIVS,no,0-3_days,no,Lt_to_Rt,Complete,Normal,High,no
3247,no,Equal,Severe,Low,Grd_Glass,no,no,<5,5-12,<7.5,Asy/Patchy,TGA,no,4-10_days,no,None,Transp.,Normal,Low,yes
3248,no,Equal,Severe,Normal,Normal,yes,no,<5,<5,<7.5,Asy/Patchy,TGA,yes,0-3_days,no,None,Transp.,Congested,High,no
3249,no,Equal,Severe,Normal,Normal,no,no,<5,<5,<7.5,Normal,Fallot,no,11-30_days,no,Lt_to_Rt,Complete,Normal,Normal,no
3250,no,Equal,Severe,Normal,Oligaemic,no,yes,<5,<5,<7.5,Normal,PAIVS,yes,0-3_days,yes,Lt_to_Rt,Complete,Normal,Low,no
3251,no,Equal,Moderate,Normal,Oligaemic,no,no,5-12,12+,<7.5,Oligaemic,Fallot,no,4-10_days,no,None,Complete,Normal,Low,no
3252,no,Equal,Severe,High,Plethoric,no,no,<5,5-12,>=7.5,Plethoric,TGA,no,4-10_days,no,None,Transp.,Normal,High,yes
3253,no,Equal,Mild,Normal,Oligaemic,no,no,12+,5-12,>=7.5,Normal,PFC,no,0-3_days,no,Lt_to_Rt,None,Normal,Low,yes
3254,no,Equal,Mild,Normal,Oligaemic,no,no,<5,12+,<7.5,Oligaemic,Fallot,no,0-3_days,no,None,Complete,Normal,Low,yes
3255,no,Equal,Moderate,High,Asy/Patch,no,no,5-12,5-12,>=7.5,Asy/Patchy,Fallot,no,11-30_days,no,Lt_to_Rt,Complete,Abnormal,Low,no
3256,no,Equal,Moderate,Normal,Plethoric,no,no,12+,12+,<7.5,Plethoric,PAIVS,no,11-30_days,yes,Lt_to_Rt,Complete,Normal,High,no
3257,no,Equal,Mild,High,Plethoric,yes,no,12+,12+,>=7.5,Grd_Glass,Lung,yes,0-3_days,no,Lt_to_Rt,Mild,Abnormal,Normal,no
3258,no,Equal,Moderate,High,Oligaemic,no,no,5-12,5-12,>=7.5,Oligaemic,PFC,no,0-3_days,no,Rt_to_Lt,Complete,Normal,Low,yes
3259,no,Equal,Moderate,Normal,Oligaemic,no,no,<5,<5,<7.5,Oligaemic,Fallot,no,11-30_days,no,Lt_to_Rt,Complete,Normal,Low,no
3260,no,Equal,Severe,Normal,Plethoric,no,no,<5,5-12,<7.5,Plethoric,TGA,no,0-3_days,no,Rt_to_Lt,Transp.,Normal,High,no
3261,no,Unequal,Moderate,Low,Oligaemic,yes,no,5-12,5-12,<7.5,Oligaemic,Fallot,yes,4-10_days,no,Lt_to_Rt,Complete,Normal,Low,yes
3262,no,Equal,Severe,Normal,Normal,no,no,<5,5-12,<7.5,Normal,Fallot,no,11-30_days,no,None,Complete,Normal,Normal,no
3263,no,Equal,Moderate,High,Asy/Patch,yes,no,<5,<5,>=7.5,Asy/Patchy,Lung,yes,0-3_days,no,None,Mild,Abnormal,Normal,yes
3264,no,Equal,Severe,Normal,Plethoric,no,no,<5,5-12,<7.5,Normal,TGA,no,0-3_days,no,None,Transp.,Normal,High,yes
3265,no,Equal,Severe,High,Oligaemic,yes,no,<5,<5,>=7.5,Grd_Glass,Fallot,yes,11-30_days,no,Lt_to_Rt,Complete,Abnormal,Low,no
3266,no,Equal,Severe,High,Grd_Glass,yes,no,5-12,<5,>=7.5,Grd_Glass,PAIVS,yes,4-10_days,no,Lt_to_Rt,Complete,Abnormal,Low,no
3267,no,Equal,Severe,Normal,Oligaemic,yes,yes,<5,<5,<7.5,Oligaemic,PAIVS,yes,0-3_days,yes,Lt_to_Rt,Complete,Congested,Low,yes
3268,no,Equal,Severe,Low,Normal,no,no,5-12,<5,<7.5,Normal,TGA,no,0-3_days,no,Rt_to_Lt,Transp.,Normal,High,yes
3269,no,Equal,Moderate,Normal,Oligaemic,no,no,5-12,12+,<7.5,Normal,Fallot,no,11-30_days,no,Lt_to_Rt,Complete,Normal,Low,no
3270,no,Equal,Moderate,Normal,Normal,no,yes,5-12,<5,<7.5,Oligaemic,PFC,no,0-3_days,yes,Lt_to_Rt,Complete,Normal,Normal,no
3271,no,Equal,Severe,Low,Oligaemic,no,no,<5,5-12,<7.5,Oligaemic,Fallot,yes,11-30_days,no,Lt_to_Rt,Complete,Normal,Low,no
3272,no,Equal,Moderate,Normal,Oligaemic,no,yes,<5,<5,<7.5,Oligaemic,PAIVS,no,0-3_days,yes,Lt_to_Rt,Complete,Normal,Low,no
3273,no,Equal,Severe,Normal,Oligaemic,yes,no,<5,5-12,<7.5,Normal,TAPVD,no,0-3_days,no,Lt_to_Rt,Complete,Abnormal,High,yes
3274,yes,Equal,Severe,Normal,Plethoric,yes,no,5-12,5-12,<7.5,Normal,TGA,yes,0-3_days,no,Lt_to_Rt,Transp.,Normal,High,yes
3275,no,Equal,Moderate,Normal,Normal,no,no,12+,5-12,<7.5,Asy/Patchy,Fallot,no,11-30_days,no,Lt_to_Rt,Complete,Normal,Low,no
3276,no,Equal,Mild,Normal,Oligaemic,no,yes,12+,12+,<7.5,Oligaemic,PAIVS,no,0-3_days,yes,Lt_to_Rt,Complete,Normal,Low,no
3277,no,Unequal,Moderate,Normal,Oligaemic,yes,no,5-12,5-12,<7.5,Oligaemic,TAPVD,yes,0-3_days,no,Lt_to_Rt,Complete,Abnormal,Low,yes
3278,no,Unequal,Severe,Normal,Plethoric,no,no,5-12,<5,<7.5,Plethoric,TGA,yes,0-3_days,no,Rt_to_Lt,Transp.,Normal,High,no
3279,no,Equal,Severe,Normal,Oligaemic,no,yes,5-12,5-12,<7.5,Oligaemic,PAIVS,no,0-3_days,yes,Lt_to_Rt,Complete,Normal,Low,no
3280,yes,Equal,Moderate,Normal,Plethoric,yes,no,5-12,12+,<7.5,Normal,TGA,yes,0-3_days,no,None,Complete,Normal,High,yes
3281,no,Equal,Moderate,High,Oligaemic,yes,no,5-12,5-12,>=7.5,Oligaemic,PAIVS,yes,0-3_days,yes,Lt_to_Rt,Complete,Congested,Low,yes
3282,no,Equal,Moderate,Normal,Oligaemic,no,yes,<5,5-12,<7.5,Plethoric,PAIVS,no,0-3_days,yes,Lt_to_Rt,Complete,Normal,Low,yes
3283,no,Equal,Moderate,Normal,Plethoric,no,no,12+,<5,<7.5,Plethoric,TGA,yes,0-3_days,no,None,Transp.,Normal,High,no
3284,no,Equal,Severe,Normal,Normal,yes,no,<5,<5,<7.5,Normal,Fallot,yes,0-3_days,no,None,Transp.,Normal,Normal,yes
3285,no,Equal,Severe,High,Oligaemic,no,no,<5,<5,>=7.5,Oligaemic,PAIVS,no,0-3_days,no,Lt_to_Rt,Complete,Normal,Low,no
3286,no,Equal,Moderate,Normal,Oligaemic,no,no,5-12,5-12,<7.5,Oligaemic,TGA,no,0-3_days,no,None,Transp.,Normal,Normal,no
3287,no,Equal,Severe,Normal,Normal,no,no,5-12,12+,>=7.5,Normal,PAIVS,no,0-3_days,no,Lt_to_Rt,Complete,Normal,Low,no
3288,no,Equal,Moderate,High,Asy/Patch,no,yes,12+,5-12,>=7.5,Grd_Glass,PAIVS,no,0-3_days,yes,Lt_to_Rt,Complete,Abnormal,Low,no
3289,no,Equal,Mild,High,Oligaemic,no,no,12+,12+,>=7.5,Oligaemic,Fallot,no,0-3_days,no,Lt_to_Rt,Complete,Normal,Low,no
3290,no,Equal,Moderate,Normal,Oligaemic,no,yes,5-12,<5,<7.5,Oligaemic,PAIVS,no,4-10_days,yes,Lt_to_Rt,Complete,Normal,Low,no
3291,no,Equal,Moderate,Normal,Normal,yes,no,5-12,5-12,<7.5,Normal,TAPVD,yes,11-30_days,no,Rt_to_Lt,Complete,Abnormal,High,no
3292,no,Equal,Severe,Normal,Oligaemic,no,yes,12+,12+,>=7.5,Oligaemic,PAIVS,no,0-3_days,yes,Lt_to_Rt,Complete,Normal,Low,no
3293,no,Equal,Moderate,Normal,Oligaemic,no,no,5-12,5-12,<7.5,Oligaemic,Fallot,no,4-10_days,no,Lt_to_Rt,Complete,Normal,Low,no
3294,no,Equal,Moderate,Normal,Plethoric,no,no,<5,<5,<7.5,Normal,TGA,no,4-10_days,no,None,Transp.,Congested,High,yes
3295,no,Equal,Moderate,Normal,Oligaemic,no,no,<5,5-12,<7.5,Oligaemic,PAIVS,no,0-3_days,no,Lt_to_Rt,Complete,Normal,Low,yes
3296,no,Equal,Severe,Normal,Plethoric,yes,yes,<5,12+,<7.5,Plethoric,TGA,yes,4-10_days,yes,Lt_to_Rt,Transp.,Normal,High,no
3297,no,Equal,Moderate,Normal,Oligaemic,no,no,5-12,<5,<7.5,Oligaemic,Fallot,no,4-10_days,no,None,Complete,Normal,Low,no
3298,no,Equal,Severe,Normal,Plethoric,no,no,<5,<5,<7.5,Plethoric,TGA,no,0-3_days,no,None,Transp.,Normal,High,no
3299,yes,Equal,Moderate,High,Plethoric,no,no,<5,5-12,<7.5,Plethoric,TAPVD,no,0-3_days,no,Rt_to_Lt,Complete,Congested,High,yes
3300,no,Unequal,Moderate,High,Plethoric,no,no,5-12,5-12,<7.5,Plethoric,TGA,no,0-3_days,no,None,Complete,Normal,High,no
3301,no,Equal,Mild,Normal,Oligaemic,no,yes,12+,5-12,<7.5,Oligaemic,PAIVS,no,0-3_days,yes,Lt_to_Rt,Complete,Normal,Low,no
3302,no,Unequal,Moderate,Normal,Oligaemic,yes,no,<5,5-12,<7.5,Oligaemic,TGA,no,0-3_days,no,Rt_to_Lt,Complete,Normal,Low,yes
3303,no,Equal,Severe,Normal,Grd_Glass,yes,no,<5,5-12,<7.5,Grd_Glass,TAPVD,yes,11-30_days,no,Rt_to_Lt,Complete,Abnormal,High,yes
3304,no,Equal,Moderate,Normal,Oligaemic,no,no,5-12,5-12,>=7.5,Oligaemic,Fallot,no,0-3_days,no,None,Complete,Normal,Low,yes
3305,no,Equal,Severe,Low,Plethoric,no,yes,5-12,5-12,<7.5,Plethoric,PAIVS,no,0-3_days,yes,Lt_to_Rt,Complete,Normal,Low,no
3306,no,Equal,Severe,Normal,Plethoric,no,no,<5,5-12,<7.5,Normal,TGA,no,0-3_days,no,None,Transp.,Normal,High,yes
3307,no,Equal,Severe,High,Asy/Patch,yes,yes,<5,<5,>=7.5,Asy/Patchy,PAIVS,yes,0-3_days,yes,Lt_to_Rt,Transp.,Abnormal,Low,no
3308,yes,Equal,Moderate,Normal,Plethoric,no,no,5-12,5-12,<7.5,Plethoric,TGA,no,4-10_days,no,None,Transp.,Normal,High,yes
3309,no,Equal,Moderate,Normal,Oligaemic,yes,yes,5-12,5-12,<7.5,Normal,PAIVS,no,0-3_days,yes,Lt_to_Rt,Complete,Normal,Low,no
3310,no,Equal,Moderate,Normal,Normal,no,no,5-12,5-12,<7.5,Normal,Fallot,no,0-3_days,no,None,Complete,Normal,Normal,yes
3311,no,Equal,Moderate,Normal,Plethoric,no,no,<5,<5,<7.5,Normal,TGA,no,11-30_days,no,None,Mild,Normal,High,yes
3312,no,Equal,Severe,High,Plethoric,no,no,<5,<5,>=7.5,Plethoric,TGA,no,0-3_days,no,None,Transp.,Normal,High,yes
3313,no,Equal,Moderate,Normal,Oligaemic,yes,no,5-12,5-12,<7.5,Oligaemic,Fallot,yes,0-3_days,no,None,Complete,Normal,Low,yes
3314,no,Equal,Severe,Normal,Oligaemic,no,no,<5,<5,>=7.5,Oligaemic,Fallot,no,11-30_days,no,Lt_to_Rt,Complete,Normal,Low,yes
3315,no,Equal,Mild,High,Oligaemic,yes,yes,12+,5-12,>=7.5,Oligaemic,PAIVS,yes,0-3_days,yes,Lt_to_Rt,Complete,Normal,Low,no
3316,no,Equal,Severe,High,Plethoric,no,no,5-12,<5,>=7.5,Plethoric,TGA,yes,0-3_days,no,None,Transp.,Normal,High,no
3317,no,Equal,Moderate,Low,Oligaemic,no,no,5-12,<5,<7.5,Oligaemic,Fallot,no,11-30_days,no,None,Mild,Normal,Low,no
3318,no,Equal,Moderate,Normal,Normal,no,no,5-12,5-12,<7.5,Normal,Fallot,no,0-3_days,no,Lt_to_Rt,Complete,Normal,Normal,no
3319,no,Equal,Moderate,Normal,Oligaemic,no,no,<5,12+,<7.5,Oligaemic,Fallot,no,4-10_days,no,Lt_to_Rt,Complete,Normal,Low,no
3320,no,Equal,Moderate,High,Oligaemic,no,yes,<5,5-12,<7.5,Normal,PAIVS,no,11-30_days,yes,Lt_to_Rt,Complete,Normal,Low,no
3321,no,Equal,Severe,Normal,Plethoric,no,no,<5,12+,<7.5,Asy/Patchy,TGA,no,4-10_days,no,None,Transp.,Normal,High,no
3322,no,Equal,Severe,Normal,Asy/Patch,no,no,<5,5-12,<7.5,Asy/Patchy,Fallot,no,11-30_days,no,Lt_to_Rt,Complete,Normal,Low,no
3323,no,Equal,Severe,Normal,Normal,no,no,5-12,<5,<7.5,Normal,TGA,no,4-10_days,no,None,Transp.,Normal,High,no
3324,no,Equal,Severe,Normal,Normal,yes,yes,5-12,5-12,<7.5,Normal,Fallot,yes,11-30_days,no,Lt_to_Rt,Complete,Normal,Normal,no
3325,no,Equal,Moderate,High,Asy/Patch,no,no,<5,5-12,>=7.5,Asy/Patchy,Fallot,no,11-30_days,no,Lt_to_Rt,Mild,Congested,Low,no
3326,no,Unequal,Moderate,Normal,Asy/Patch,no,no,5-12,<5,<7.5,Asy/Patchy,PFC,no,0-3_days,no,Rt_to_Lt,None,Congested,Normal,no
3327,no,Equal,Moderate,Normal,Oligaemic,no,no,5-12,5-12,>=7.5,Oligaemic,Fallot,no,0-3_days,no,None,Complete,Normal,Low,yes
3328,no,Equal,Moderate,Normal,Oligaemic,no,no,<5,5-12,<7.5,Oligaemic,TGA,no,4-10_days,no,Lt_to_Rt,Transp.,Normal,Low,no
3329,no,Equal,Moderate,Normal,Oligaemic,no,yes,5-12,5-12,<7.5,Oligaemic,Fallot,no,11-30_days,no,Lt_to_Rt,Complete,Normal,Low,no
3330,no,Unequal,Moderate,Normal,Oligaemic,no,no,5-12,<5,<7.5,Oligaemic,PFC,yes,0-3_days,no,Rt_to_Lt,Mild,Normal,Normal,yes
3331,no,Equal,Moderate,Normal,Normal,no,no,<5,<5,<7.5,Normal,PFC,no,0-3_days,no,Rt_to_Lt,Mild,Normal,Normal,yes
3332,no,Equal,Severe,Normal,Plethoric,no,no,5-12,12+,<7.5,Plethoric,TGA,no,11-30_days,no,Lt_to_Rt,Transp.,Normal,High,no
3333,no,Equal,Moderate,Normal,Oligaemic,yes,no,5-12,5-12,<7.5,Oligaemic,Fallot,yes,11-30_days,no,Lt_to_Rt,Complete,Normal,Low,no
3334,no,Equal,Moderate,Normal,Oligaemic,no,yes,5-12,<5,<7.5,Oligaemic,Fallot,no,4-10_days,yes,Lt_to_Rt,Complete,Normal,Low,no
3335,no,Equal,Severe,Low,Normal,yes,no,5-12,<5,<7.5,Plethoric,Fallot,yes,0-3_days,no,Lt_to_Rt,Transp.,Normal,Normal,yes
3336,no,Equal,Severe,Normal,Oligaemic,no,no,5-12,<5,<7.5,Oligaemic,Fallot,no,11-30_days,no,Lt_to_Rt,Mild,Normal,Low,no
3337,no,Equal,Moderate,Normal,Oligaemic,no,yes,<5,5-12,<7.5,Oligaemic,PAIVS,no,0-3_days,yes,Lt_to_Rt,Complete,Normal,Low,no
3338,no,Equal,Mild,Normal,Normal,yes,no,12+,12+,<7.5,Normal,Lung,yes,0-3_days,no,Lt_to_Rt,Mild,Abnormal,High,yes
3339,no,Equal,Moderate,High,Grd_Glass,yes,no,5-12,5-12,>=7.5,Grd_Glass,TAPVD,no,0-3_days,no,None,Complete,Abnormal,Normal,yes
3340,no,Equal,Moderate,Normal,Oligaemic,no,no,5-12,5-12,<7.5,Asy/Patchy,Fallot,yes,0-3_days,no,Lt_to_Rt,Complete,Normal,Low,no
3341,no,Unequal,Moderate,Normal,Normal,no,no,5-12,<5,<7.5,Normal,TGA,no,0-3_days,no,None,Transp.,Normal,Normal,no
3342,no,Equal,Mild,Normal,Oligaemic,no,no,<5,12+,<7.5,Oligaemic,PAIVS,no,11-30_days,yes,Lt_to_Rt,Complete,Normal,Low,no
3343,no,Equal,Moderate,Normal,Oligaemic,no,no,5-12,5-12,>=7.5,Oligaemic,Fallot,no,0-3_days,no,Lt_to_Rt,Complete,Normal,Low,no
3344,no,Equal,Moderate,High,Normal,no,no,5-12,5-12,>=7.5,Normal,Fallot,no,0-3_days,no,Lt_to_Rt,Complete,Normal,Low,no
3345,no,Equal,Severe,Normal,Normal,no,no,5-12,12+,<7.5,Normal,TGA,no,4-10_days,no,None,Transp.,Normal,Normal,no
3346,no,Unequal,Moderate,Normal,Normal,yes,no,5-12,<5,<7.5,Normal,TGA,yes,4-10_days,no,None,Complete,Normal,Normal,no
3347,no,Equal,Moderate,Normal,Plethoric,no,no,5-12,5-12,<7.5,Plethoric,TGA,no,11-30_days,no,None,Transp.,Normal,High,no
3348,no,Equal,Moderate,Normal,Oligaemic,no,no,<5,5-12,<7.5,Oligaemic,Fallot,no,11-30_days,no,None,Complete,Normal,Low,no
3349,no,Equal,Moderate,Normal,Oligaemic,yes,no,<5,<5,<7.5,Oligaemic,Fallot,yes,11-30_days,no,Lt_to_Rt,Complete,Normal,Low,no
3350,no,Equal,Mild,Low,Oligaemic,no,no,12+,12+,<7.5,Oligaemic,TGA,no,0-3_days,yes,None,None,Abnormal,High,no
3351,no,Equal,Severe,Low,Oligaemic,no,no,5-12,<5,<7.5,Asy/Patchy,Fallot,no,11-30_days,no,Lt_to_Rt,Complete,Normal,Low,no
3352,no,Equal,Moderate,Normal,Asy/Patch,yes,no,<5,5-12,<7.5,Asy/Patchy,PFC,no,0-3_days,no,Rt_to_Lt,None,Abnormal,Low,no
3353,no,Unequal,Severe,Normal,Oligaemic,no,yes,<5,5-12,>=7.5,Oligaemic,Fallot,no,4-10_days,no,Lt_to_Rt,Complete,Normal,Low,yes
3354,no,Equal,Moderate,Low,Normal,yes,no,5-12,5-12,<7.5,Asy/Patchy,Fallot,yes,0-3_days,no,Lt_to_Rt,Complete,Normal,Normal,no
3355,no,Equal,Moderate,Normal,Grd_Glass,yes,no,<5,5-12,<7.5,Grd_Glass,Fallot,yes,0-3_days,no,Lt_to_Rt,Complete,Congested,Low,yes
3356,no,Unequal,Moderate,Normal,Normal,no,no,5-12,<5,<7.5,Normal,Fallot,no,0-3_days,no,Lt_to_Rt,Complete,Normal,Low,yes
3357,no,Equal,Moderate,Normal,Oligaemic,no,no,5-12,5-12,<7.5,Oligaemic,Fallot,yes,11-30_days,no,Lt_to_Rt,Complete,Normal,Low,no
3358,no,Equal,Moderate,Normal,Oligaemic,no,no,5-12,<5,<7.5,Oligaemic,PAIVS,no,0-3_days,yes,Lt_to_Rt,Complete,Normal,Low,no
3359,no,Equal,Moderate,Normal,Plethoric,no,no,5-12,<5,>=7.5,Plethoric,TGA,no,0-3_days,no,None,Transp.,Normal,High,yes
3360,no,Equal,Severe,Normal,Normal,no,yes,5-12,<5,<7.5,Normal,TGA,no,0-3_days,no,None,Transp.,Normal,Normal,no
3361,yes,Equal,Severe,Normal,Oligaemic,no,yes,5-12,<5,<7.5,Oligaemic,TAPVD,no,0-3_days,yes,Rt_to_Lt,Complete,Abnormal,High,no
3362,no,Equal,Severe,Normal,Plethoric,no,no,5-12,<5,>=7.5,Asy/Patchy,TGA,no,11-30_days,no,None,Transp.,Normal,High,no
3363,no,Unequal,Moderate,Normal,Plethoric,no,yes,<5,5-12,<7.5,Plethoric,TGA,yes,0-3_days,yes,None,Transp.,Normal,High,no
3364,no,Equal,Moderate,Normal,Oligaemic,no,no,<5,5-12,>=7.5,Oligaemic,Fallot,no,0-3_days,no,None,Mild,Congested,Low,no
3365,no,Equal,Severe,Normal,Normal,yes,no,<5,5-12,<7.5,Normal,TGA,yes,0-3_days,no,None,Transp.,Abnormal,High,yes
3366,no,Equal,Severe,Normal,Normal,no,no,<5,<5,<7.5,Normal,TGA,no,0-3_days,no,None,Transp.,Normal,Normal,no
3367,no,Equal,Moderate,High,Oligaemic,no,no,<5,<5,>=7.5,Normal,Fallot,yes,11-30_days,no,Lt_to_Rt,Complete,Normal,Low,no
3368,yes,Equal,Moderate,Normal,Normal,no,no,5-12,5-12,>=7.5,Normal,PFC,yes,0-3_days,no,Rt_to_Lt,Complete,Normal,Normal,no
3369,no,Equal,Severe,Normal,Oligaemic,no,no,<5,5-12,<7.5,Oligaemic,Fallot,no,0-3_days,no,Lt_to_Rt,Complete,Normal,Low,no
3370,no,Equal,Moderate,Normal,Oligaemic,no,yes,5-12,<5,<7.5,Oligaemic,Fallot,no,11-30_days,yes,None,Complete,Normal,Low,no
3371,no,Unequal,Mild,Normal,Oligaemic,no,no,5-12,12+,<7.5,Oligaemic,PFC,no,0-3_days,no,Rt_to_Lt,None,Normal,Low,yes
3372,no,Equal,Moderate,Low,Plethoric,no,no,<5,5-12,<7.5,Plethoric,TGA,no,0-3_days,no,None,Mild,Normal,High,yes
3373,no,Equal,Moderate,Normal,Plethoric,no,no,5-12,12+,<7.5,Grd_Glass,TGA,no,0-3_days,no,Lt_to_Rt,Complete,Normal,High,no
3374,no,Equal,Severe,Normal,Plethoric,no,no,<5,<5,<7.5,Oligaemic,TGA,no,0-3_days,no,Lt_to_Rt,Transp.,Normal,High,yes
3375,yes,Unequal,Mild,High,Normal,yes,no,12+,12+,>=7.5,Normal,Lung,yes,0-3_days,no,Rt_to_Lt,None,Abnormal,High,yes
3376,no,Equal,Moderate,Normal,Normal,no,yes,5-12,<5,<7.5,Normal,PAIVS,no,0-3_days,yes,Lt_to_Rt,Complete,Normal,Normal,no
3377,no,Equal,Moderate,Normal,Normal,no,no,<5,5-12,<7.5,Plethoric,TGA,no,0-3_days,no,Lt_to_Rt,Transp.,Normal,High,no
3378,no,Equal,Moderate,Normal,Oligaemic,no,yes,5-12,5-12,<7.5,Oligaemic,PAIVS,no,4-10_days,yes,Lt_to_Rt,Complete,Normal,Low,yes
3379,yes,Equal,Moderate,Normal,Plethoric,no,no,5-12,5-12,<7.5,Asy/Patchy,PFC,no,0-3_days,no,Rt_to_Lt,Mild,Normal,High,yes
3380,yes,Equal,Moderate,Normal,Plethoric,no,no,<5,5-12,<7.5,Plethoric,TGA,no,0-3_days,no,None,Mild,Normal,High,no
3381,no,Equal,Mild,Normal,Plethoric,no,no,12+,12+,<7.5,Plethoric,TGA,no,0-3_days,no,None,Transp.,Normal,High,yes
3382,no,Equal,Severe,Normal,Oligaemic,no,yes,5-12,<5,<7.5,Oligaemic,PAIVS,no,0-3_days,yes,Lt_to_Rt,Complete,Normal,Low,yes
3383,no,Equal,Severe,High,Grd_Glass,yes,yes,5-12,<5,>=7.5,Grd_Glass,Lung,yes,0-3_days,yes,Lt_to_Rt,None,Abnormal,Normal,yes
3384,no,Equal,Moderate,Normal,Oligaemic,no,yes,5-12,5-12,>=7.5,Asy/Patchy,PAIVS,no,4-10_days,yes,Lt_to_Rt,Complete,Normal,Low,no
3385,no,Equal,Moderate,High,Normal,no,no,<5,5-12,<7.5,Normal,TGA,no,0-3_days,no,Rt_to_Lt,Transp.,Normal,Normal,no
3386,no,Equal,Moderate,Normal,Normal,no,no,5-12,5-12,<7.5,Asy/Patchy,Fallot,no,0-3_days,no,Lt_to_Rt,Complete,Normal,Low,no
3387,no,Equal,Moderate,Low,Oligaemic,no,yes,12+,5-12,<7.5,Oligaemic,Fallot,no,11-30_days,yes,Lt_to_Rt,Complete,Normal,Low,no
3388,no,Equal,Severe,Normal,Plethoric,no,no,5-12,5-12,>=7.5,Plethoric,TGA,no,0-3_days,no,None,Transp.,Normal,High,no
3389,yes,Equal,Moderate,Normal,Oligaemic,no,no,5-12,5-12,<7.5,Oligaemic,PFC,no,11-30_days,no,Rt_to_Lt,Complete,Normal,Low,yes
3390,no,Equal,Moderate,Normal,Oligaemic,no,yes,12+,5-12,<7.5,Oligaemic,PAIVS,no,0-3_days,yes,Lt_to_Rt,Complete,Normal,High,no
3391,no,Equal,Moderate,Normal,Asy/Patch,yes,yes,<5,5-12,>=7.5,Asy/Patchy,Lung,yes,0-3_days,no,Lt_to_Rt,Mild,Abnormal,Normal,yes
3392,no,Equal,Moderate,Normal,Oligaemic,no,no,<5,5-12,<7.5,Oligaemic,Fallot,no,11-30_days,no,Lt_to_Rt,Complete,Normal,Low,no
3393,no,Equal,Mild,Normal,Oligaemic,no,yes,12+,5-12,<7.5,Normal,Fallot,no,11-30_days,yes,Lt_to_Rt,Mild,Normal,Low,no
3394,yes,Equal,Moderate,High,Asy/Patch,yes,yes,12+,5-12,>=7.5,Asy/Patchy,PFC,yes,0-3_days,yes,Lt_to_Rt,Mild,Abnormal,Low,yes
3395,no,Equal,Severe,Low,Asy/Patch,yes,yes,<5,<5,<7.5,Asy/Patchy,PAIVS,yes,0-3_days,yes,Lt_to_Rt,Complete,Abnormal,Normal,yes
3396,no,Equal,Moderate,High,Plethoric,no,no,12+,5-12,>=7.5,Normal,TAPVD,no,0-3_days,no,Rt_to_Lt,Complete,Congested,High,yes
3397,yes,Equal,Mild,Normal,Oligaemic,no,yes,12+,12+,<7.5,Oligaemic,PAIVS,no,0-3_days,yes,Lt_to_Rt,Complete,Normal,Low,no
3398,no,Unequal,Moderate,Normal,Normal,no,no,5-12,5-12,<7.5,Asy/Patchy,TGA,no,0-3_days,no,Rt_to_Lt,Mild,Normal,High,no
3399,no,Equal,Severe,Normal,Asy/Patch,no,no,5-12,<5,<7.5,Grd_Glass,Fallot,no,11-30_days,no,None,Complete,Congested,Low,no
3400,no,Equal,Severe,Normal,Oligaemic,no,no,<5,5-12,<7.5,Oligaemic,Fallot,no,11-30_days,no,None,Complete,Normal,Low,no
3401,no,Equal,Mild,Normal,Oligaemic,no,no,12+,<5,<7.5,Oligaemic,Fallot,no,11-30_days,no,None,Mild,Normal,Low,no
3402,no,Equal,Moderate,Normal,Oligaemic,no,yes,5-12,5-12,<7.5,Oligaemic,PAIVS,no,4-10_days,yes,Lt_to_Rt,Complete,Normal,Low,no
3403,no,Equal,Moderate,Normal,Oligaemic,no,yes,<5,<5,<7.5,Oligaemic,PAIVS,no,0-3_days,yes,Lt_to_Rt,Complete,Normal,Low,no
3404,no,Equal,Moderate,Normal,Oligaemic,no,yes,5-12,5-12,>=7.5,Asy/Patchy,PAIVS,no,0-3_days,yes,Lt_to_Rt,Complete,Normal,Low,yes
3405,no,Equal,Severe,Normal,Plethoric,no,no,<5,12+,<7.5,Asy/Patchy,TGA,no,0-3_days,no,None,Transp.,Normal,High,no
3406,no,Equal,Moderate,Normal,Oligaemic,no,no,5-12,12+,<7.5,Oligaemic,Fallot,no,11-30_days,no,None,Complete,Normal,Low,no
3407,no,Equal,Moderate,Normal,Normal,no,yes,5-12,<5,<7.5,Normal,PAIVS,no,0-3_days,yes,Lt_to_Rt,Complete,Normal,Low,yes
3408,no,Equal,Moderate,Normal,Oligaemic,yes,no,5-12,5-12,<7.5,Oligaemic,Fallot,yes,0-3_days,no,None,Mild,Normal,Low,no
3409,no,Equal,Severe,High,Normal,yes,yes,<5,<5,>=7.5,Normal,TGA,yes,0-3_days,no,None,Transp.,Abnormal,High,yes
3410,no,Unequal,Moderate,High,Asy/Patch,yes,no,5-12,5-12,>=7.5,Asy/Patchy,PFC,no,0-3_days,no,Rt_to_Lt,Mild,Abnormal,Low,no
3411,no,Unequal,Mild,Normal,Asy/Patch,no,no,5-12,12+,<7.5,Asy/Patchy,PFC,no,0-3_days,no,Rt_to_Lt,None,Abnormal,Normal,no
3412,no,Equal,Severe,Normal,Plethoric,no,no,<5,<5,<7.5,Normal,TGA,no,0-3_days,no,None,Transp.,Normal,High,no
3413,no,Unequal,Moderate,Normal,Oligaemic,no,no,5-12,5-12,<7.5,Oligaemic,PFC,yes,4-10_days,no,Rt_to_Lt,Mild,Normal,Low,yes
3414,no,Equal,Moderate,Normal,Normal,no,yes,5-12,5-12,<7.5,Normal,PAIVS,yes,0-3_days,yes,Lt_to_Rt,Complete,Normal,Low,no
3415,no,Equal,Severe,Normal,Oligaemic,no,no,<5,<5,<7.5,Oligaemic,TGA,no,0-3_days,no,None,Transp.,Normal,Low,yes
3416,no,Equal,Moderate,High,Grd_Glass,yes,no,5-12,5-12,>=7.5,Grd_Glass,TAPVD,yes,0-3_days,no,None,Complete,Abnormal,High,no
3417,no,Equal,Severe,Normal,Oligaemic,no,no,5-12,<5,<7.5,Oligaemic,TGA,no,0-3_days,no,Lt_to_Rt,Transp.,Normal,High,no
3418,no,Equal,Mild,Normal,Plethoric,no,no,12+,<5,<7.5,Plethoric,TGA,no,11-30_days,no,None,None,Normal,High,no
3419,no,Unequal,Moderate,Normal,Oligaemic,no,no,5-12,<5,<7.5,Oligaemic,Fallot,no,0-3_days,no,None,Complete,Normal,Low,no
3420,no,Equal,Moderate,Normal,Oligaemic,no,no,12+,5-12,<7.5,Oligaemic,Fallot,no,11-30_days,no,Lt_to_Rt,Complete,Normal,Low,no
3421,no,Equal,Severe,Normal,Grd_Glass,no,no,<5,<5,>=7.5,Grd_Glass,Fallot,yes,0-3_days,no,Lt_to_Rt,Complete,Normal,Low,yes
3422,no,Equal,Moderate,Normal,Oligaemic,yes,no,5-12,5-12,<7.5,Oligaemic,Fallot,yes,11-30_days,no,Lt_to_Rt,Mild,Normal,Low,no
3423,no,Equal,Moderate,Normal,Normal,no,yes,5-12,5-12,>=7.5,Plethoric,PAIVS,yes,0-3_days,yes,Lt_to_Rt,Complete,Normal,Normal,yes
3424,no,Equal,Moderate,High,Oligaemic,no,no,5-12,12+,<7.5,Plethoric,Fallot,no,4-10_days,no,Lt_to_Rt,Complete,Normal,Low,no
3425,no,Equal,Severe,Normal,Asy/Patch,no,yes,<5,5-12,>=7.5,Asy/Patchy,PAIVS,no,0-3_days,yes,Lt_to_Rt,Complete,Abnormal,Low,no
3426,no,Equal,Moderate,Normal,Plethoric,no,no,5-12,<5,>=7.5,Plethoric,TAPVD,no,0-3_days,no,None,Complete,Normal,High,yes
3427,no,Equal,Moderate,Normal,Normal,no,yes,5-12,<5,<7.5,Normal,PAIVS,no,4-10_days,yes,Lt_to_Rt,Complete,Normal,Low,yes
3428,no,Equal,Moderate,High,Plethoric,yes,yes,12+,5-12,>=7.5,Plethoric,PAIVS,yes,4-10_days,yes,Lt_to_Rt,Complete,Normal,High,no
3429,yes,Equal,Moderate,Normal,Oligaemic,no,no,5-12,5-12,>=7.5,Oligaemic,Fallot,yes,0-3_days,no,Lt_to_Rt,Complete,Normal,Low,no
3430,no,Equal,Severe,Normal,Plethoric,no,no,12+,<5,<7.5,Plethoric,Fallot,yes,0-3_days,no,None,Complete,Normal,Low,yes
3431,no,Equal,Severe,Low,Grd_Glass,yes,no,5-12,5-12,<7.5,Plethoric,TGA,yes,0-3_days,no,None,Transp.,Abnormal,High,no
3432,no,Unequal,Mild,High,Oligaemic,yes,no,5-12,5-12,>=7.5,Asy/Patchy,Fallot,yes,11-30_days,no,Lt_to_Rt,None,Abnormal,Low,no
3433,no,Equal,Severe,High,Normal,no,no,12+,5-12,>=7.5,Asy/Patchy,TGA,no,0-3_days,no,None,Transp.,Normal,High,yes
3434,no,Equal,Moderate,Normal,Plethoric,no,no,5-12,<5,<7.5,Plethoric,TAPVD,no,0-3_days,no,None,Complete,Normal,High,no
3435,no,Equal,Severe,Normal,Grd_Glass,no,yes,5-12,12+,<7.5,Grd_Glass,TGA,no,0-3_days,yes,None,Transp.,Abnormal,High,no
3436,no,Equal,Severe,Low,Plethoric,no,yes,5-12,<5,<7.5,Plethoric,TGA,no,11-30_days,yes,Lt_to_Rt,Transp.,Normal,High,no
3437,no,Equal,Moderate,Normal,Asy/Patch,yes,no,5-12,5-12,<7.5,Plethoric,Fallot,no,11-30_days,no,Lt_to_Rt,Complete,Congested,Low,no
3438,no,Unequal,Severe,Normal,Normal,no,no,<5,5-12,<7.5,Normal,TGA,no,0-3_days,no,None,Transp.,Normal,High,no
3439,yes,Unequal,Moderate,Normal,Oligaemic,no,no,5-12,5-12,<7.5,Oligaemic,PFC,no,0-3_days,no,Rt_to_Lt,Mild,Normal,Low,no
3440,no,Equal,Moderate,Normal,Asy/Patch,no,no,5-12,5-12,<7.5,Asy/Patchy,TGA,no,0-3_days,no,None,Transp.,Abnormal,Normal,no
3441,no,Equal,Severe,High,Normal,no,yes,12+,5-12,>=7.5,Normal,PAIVS,no,0-3_days,yes,Lt_to_Rt,Complete,Normal,Low,yes
3442,no,Equal,Severe,Normal,Plethoric,no,no,<5,<5,<7.5,Plethoric,TGA,no,0-3_days,no,None,Transp.,Normal,High,no
3443,yes,Equal,Moderate,Normal,Oligaemic,no,yes,5-12,5-12,<7.5,Oligaemic,PAIVS,no,0-3_days,yes,Lt_to_Rt,Complete,Normal,Low,no
3444,yes,Equal,Moderate,Normal,Plethoric,no,yes,<5,5-12,<7.5,Plethoric,PAIVS,no,0-3_days,yes,Lt_to_Rt,Complete,Normal,High,yes
3445,no,Equal,Moderate,Normal,Oligaemic,no,no,5-12,5-12,>=7.5,Oligaemic,Fallot,no,4-10_days,no,Lt_to_Rt,Mild,Normal,Low,no
3446,yes,Equal,Moderate,Normal,Oligaemic,no,no,<5,12+,<7.5,Oligaemic,PFC,no,4-10_days,no,Lt_to_Rt,Mild,Normal,Low,no
3447,yes,Equal,Moderate,Normal,Oligaemic,no,no,5-12,12+,<7.5,Oligaemic,PFC,no,0-3_days,no,Rt_to_Lt,Mild,Normal,Normal,no
3448,no,Equal,Moderate,Normal,Oligaemic,no,no,5-12,<5,>=7.5,Oligaemic,Fallot,no,4-10_days,no,Lt_to_Rt,Complete,Normal,Low,no
3449,no,Equal,Severe,Normal,Normal,no,yes,5-12,12+,>=7.5,Normal,PAIVS,no,0-3_days,yes,Lt_to_Rt,Complete,Normal,Normal,no
3450,no,Equal,Moderate,Normal,Plethoric,no,no,5-12,<5,<7.5,Plethoric,Fallot,no,4-10_days,no,Lt_to_Rt,Mild,Congested,Low,no
3451,no,Equal,Severe,Normal,Oligaemic,no,no,5-12,<5,<7.5,Oligaemic,Fallot,no,11-30_days,no,Lt_to_Rt,Complete,Normal,Low,no
3452,no,Equal,Severe,Normal,Plethoric,no,no,5-12,12+,<7.5,Plethoric,TGA,no,11-30_days,no,None,Transp.,Normal,High,no
3453,no,Equal,Severe,Normal,Asy/Patch,no,no,<5,<5,<7.5,Grd_Glass,Fallot,no,4-10_days,no,Lt_to_Rt,Complete,Abnormal,Low,no
3454,no,Equal,Severe,High,Asy/Patch,yes,no,<5,12+,>=7.5,Asy/Patchy,TGA,yes,0-3_days,no,None,Transp.,Abnormal,Normal,no
3455,no,Equal,Severe,Normal,Plethoric,no,no,<5,5-12,<7.5,Normal,TGA,no,0-3_days,no,None,Transp.,Normal,High,no
3456,no,Equal,Severe,Normal,Plethoric,no,no,<5,<5,<7.5,Plethoric,TGA,no,4-10_days,no,None,Transp.,Normal,High,no
3457,no,Equal,Severe,High,Asy/Patch,no,no,<5,<5,>=7.5,Normal,TAPVD,no,4-10_days,no,Lt_to_Rt,Complete,Congested,High,yes
3458,no,Equal,Severe,Normal,Normal,no,no,<5,<5,<7.5,Normal,TGA,yes,4-10_days,no,None,Transp.,Normal,Normal,no
3459,no,Equal,Moderate,Normal,Grd_Glass,no,no,<5,5-12,<7.5,Asy/Patchy,TAPVD,no,0-3_days,no,Lt_to_Rt,Complete,Congested,Normal,yes
3460,no,Unequal,Severe,High,Asy/Patch,no,no,<5,<5,>=7.5,Asy/Patchy,Lung,no,0-3_days,no,Rt_to_Lt,Mild,Abnormal,Normal,no
3461,yes,Unequal,Severe,Normal,Plethoric,no,no,<5,<5,<7.5,Plethoric,TGA,no,0-3_days,no,Rt_to_Lt,Transp.,Normal,High,no
3462,no,Equal,Mild,Normal,Oligaemic,no,no,<5,12+,<7.5,Oligaemic,Fallot,no,0-3_days,no,Lt_to_Rt,None,Normal,Low,no
3463,no,Unequal,Moderate,Normal,Oligaemic,no,yes,<5,<5,>=7.5,Normal,PAIVS,no,0-3_days,yes,Lt_to_Rt,Complete,Normal,Low,no
3464,no,Equal,Severe,High,Normal,yes,no,<5,12+,>=7.5,Normal,Fallot,yes,4-10_days,no,Lt_to_Rt,Complete,Normal,Normal,no
3465,no,Equal,Moderate,Normal,Plethoric,yes,no,12+,5-12,<7.5,Plethoric,TGA,yes,0-3_days,no,None,Transp.,Congested,High,no
3466,yes,Equal,Mild,High,Asy/Patch,yes,yes,12+,12+,<7.5,Grd_Glass,Lung,yes,0-3_days,no,None,None,Abnormal,Normal,yes
3467,no,Equal,Moderate,Normal,Normal,no,yes,<5,5-12,<7.5,Oligaemic,PAIVS,no,0-3_days,yes,Lt_to_Rt,Complete,Normal,Normal,no
3468,no,Equal,Moderate,High,Plethoric,yes,no,<5,12+,>=7.5,Plethoric,TGA,yes,0-3_days,no,None,Mild,Normal,High,no
3469,no,Unequal,Moderate,Normal,Normal,no,no,<5,5-12,<7.5,Oligaemic,Fallot,no,0-3_days,no,Lt_to_Rt,Complete,Normal,Normal,no
3470,no,Equal,Mild,Low,Oligaemic,no,no,12+,12+,<7.5,Oligaemic,Fallot,no,11-30_days,no,Lt_to_Rt,Complete,Normal,Low,no
3471,no,Equal,Severe,Normal,Oligaemic,no,no,12+,<5,<7.5,Oligaemic,TGA,no,11-30_days,no,None,Transp.,Normal,Low,no
3472,no,Equal,Mild,Normal,Oligaemic,no,yes,12+,5-12,<7.5,Oligaemic,PAIVS,no,0-3_days,yes,Lt_to_Rt,Complete,Normal,Low,no
3473,no,Equal,Moderate,Normal,Oligaemic,no,yes,5-12,5-12,<7.5,Oligaemic,PAIVS,no,4-10_days,yes,Lt_to_Rt,Complete,Normal,Low,no
3474,no,Unequal,Moderate,Normal,Normal,no,yes,<5,5-12,<7.5,Normal,PAIVS,no,0-3_days,yes,Lt_to_Rt,Complete,Normal,Normal,no
3475,no,Equal,Mild,Normal,Oligaemic,no,yes,12+,12+,<7.5,Oligaemic,PAIVS,no,0-3_days,yes,Lt_to_Rt,Complete,Normal,Low,no
3476,no,Equal,Moderate,High,Normal,no,yes,12+,<5,>=7.5,Normal,PAIVS,no,0-3_days,yes,Lt_to_Rt,Complete,Normal,Low,no
3477,yes,Equal,Severe,High,Normal,yes,yes,<5,<5,>=7.5,Normal,PAIVS,yes,0-3_days,yes,Lt_to_Rt,Transp.,Abnormal,High,yes
3478,no,Equal,Moderate,Normal,Asy/Patch,no,no,<5,12+,<7.5,Asy/Patchy,Lung,no,0-3_days,no,Rt_to_Lt,Mild,Abnormal,Normal,yes
3479,no,Equal,Severe,Normal,Asy/Patch,no,no,5-12,5-12,<7.5,Asy/Patchy,Lung,no,0-3_days,no,None,Complete,Abnormal,Normal,no
3480,no,Equal,Moderate,Normal,Asy/Patch,yes,no,5-12,12+,<7.5,Asy/Patchy,Fallot,yes,11-30_days,no,Lt_to_Rt,Complete,Abnormal,Low,no
3481,no,Equal,Moderate,Normal,Normal,no,yes,5-12,<5,<7.5,Normal,PAIVS,no,11-30_days,yes,Lt_to_Rt,Complete,Normal,Normal,yes
3482,no,Unequal,Moderate,Normal,Normal,no,no,5-12,5-12,>=7.5,Normal,Lung,no,0-3_days,no,Rt_to_Lt,None,Congested,Low,no
3483,no,Unequal,Moderate,High,Asy/Patch,yes,no,5-12,<5,>=7.5,Asy/Patchy,Lung,yes,0-3_days,no,Rt_to_Lt,Mild,Abnormal,Normal,yes
3484,no,Equal,Severe,Normal,Normal,no,no,<5,<5,<7.5,Normal,Fallot,no,4-10_days,no,Lt_to_Rt,Complete,Normal,Normal,no
3485,no,Equal,Severe,Normal,Oligaemic,no,no,<5,<5,<7.5,Normal,Fallot,no,11-30_days,no,Lt_to_Rt,Complete,Normal,Low,no
3486,no,Equal,Moderate,Normal,Oligaemic,no,no,5-12,5-12,<7.5,Oligaemic,Fallot,no,0-3_days,no,Lt_to_Rt,Complete,Normal,Low,yes
3487,no,Equal,Moderate,Normal,Oligaemic,no,no,<5,<5,<7.5,Oligaemic,PAIVS,no,0-3_days,yes,Lt_to_Rt,Complete,Normal,Low,no
3488,no,Equal,Moderate,Normal,Oligaemic,no,yes,<5,5-12,<7.5,Oligaemic,PAIVS,no,0-3_days,yes,Lt_to_Rt,Complete,Normal,Low,yes
3489,no,Equal,Moderate,Normal,Oligaemic,no,yes,5-12,5-12,<7.5,Oligaemic,PAIVS,no,0-3_days,yes,Lt_to_Rt,Complete,Normal,Low,no
3490,no,Equal,Moderate,Normal,Oligaemic,no,no,5-12,5-12,<7.5,Oligaemic,Fallot,no,0-3_days,no,Lt_to_Rt,Complete,Normal,Low,yes
3491,no,Equal,Moderate,Normal,Normal,no,yes,5-12,5-12,<7.5,Normal,PAIVS,no,0-3_days,yes,Lt_to_Rt,Complete,Normal,Low,no
3492,no,Equal,Moderate,Normal,Oligaemic,yes,yes,<5,5-12,<7.5,Oligaemic,PAIVS,no,0-3_days,yes,Lt_to_Rt,Complete,Normal,Low,yes
3493,no,Equal,Severe,Normal,Normal,yes,no,<5,<5,<7.5,Normal,TGA,yes,0-3_days,no,None,Transp.,Normal,Normal,yes
3494,no,Equal,Severe,Normal,Plethoric,yes,no,5-12,<5,<7.5,Plethoric,TGA,yes,0-3_days,no,Rt_to_Lt,Transp.,Normal,High,yes
3495,no,Equal,Mild,High,Plethoric,no,yes,12+,12+,>=7.5,Plethoric,PAIVS,no,0-3_days,yes,Lt_to_Rt,Complete,Congested,Low,no
3496,yes,Equal,Moderate,High,Oligaemic,no,yes,5-12,5-12,>=7.5,Oligaemic,PAIVS,no,0-3_days,yes,Lt_to_Rt,Complete,Normal,Low,yes
3497,no,Equal,Severe,Normal,Normal,yes,no,<5,<5,<7.5,Normal,TGA,yes,0-3_days,no,None,Transp.,Abnormal,High,yes
3498,no,Equal,Moderate,Normal,Plethoric,no,no,5-12,5-12,<7.5,Plethoric,TGA,no,4-10_days,no,None,Mild,Normal,High,no
3499,no,Equal,Severe,Normal,Plethoric,no,no,<5,5-12,<7.5,Plethoric,TGA,no,4-10_days,no,None,Transp.,Normal,High,no
3500,no,Equal,Severe,Normal,Plethoric,no,no,<5,5-12,<7.5,Plethoric,TGA,no,0-3_days,no,None,Transp.,Normal,High,no
3501,no,Equal,Moderate,Normal,Normal,no,no,12+,5-12,<7.5,Normal,PAIVS,no,0-3_days,yes,Lt_to_Rt,Complete,Normal,Low,yes
3502,yes,Equal,Moderate,Normal,Oligaemic,no,yes,<5,5-12,<7.5,Asy/Patchy,PAIVS,no,0-3_days,yes,Lt_to_Rt,Complete,Normal,Low,no
3503,no,Equal,Moderate,Normal,Oligaemic,no,yes,12+,5-12,<7.5,Oligaemic,PAIVS,no,11-30_days,yes,Lt_to_Rt,Complete,Normal,Low,no
3504,no,Equal,Moderate,Normal,Grd_Glass,yes,yes,5-12,5-12,<7.5,Grd_Glass,PAIVS,yes,0-3_days,yes,Lt_to_Rt,Complete,Abnormal,Low,no
3505,no,Equal,Mild,Normal,Oligaemic,no,no,<5,5-12,<7.5,Oligaemic,Fallot,no,0-3_days,no,Lt_to_Rt,None,Normal,Low,no
3506,no,Equal,Severe,Low,Plethoric,no,no,<5,5-12,<7.5,Plethoric,TAPVD,no,0-3_days,no,Rt_to_Lt,Complete,Normal,High,no
3507,no,Equal,Moderate,Normal,Oligaemic,no,no,<5,<5,<7.5,Oligaemic,Fallot,no,0-3_days,no,Lt_to_Rt,Complete,Normal,Low,no
3508,no,Equal,Moderate,Normal,Oligaemic,no,no,5-12,5-12,<7.5,Oligaemic,Fallot,no,0-3_days,no,Lt_to_Rt,Mild,Normal,Low,yes
3509,yes,Equal,Moderate,High,Normal,no,no,<5,5-12,>=7.5,Asy/Patchy,Fallot,no,11-30_days,no,Lt_to_Rt,Complete,Normal,Normal,no
3510,no,Unequal,Mild,Normal,Grd_Glass,no,no,<5,12+,<7.5,Grd_Glass,PAIVS,no,11-30_days,yes,Lt_to_Rt,Complete,Congested,Low,no
3511,no,Equal,Severe,Normal,Oligaemic,no,no,12+,<5,<7.5,Oligaemic,Fallot,no,4-10_days,no,None,Complete,Normal,Low,no
3512,no,Equal,Moderate,High,Asy/Patch,no,no,5-12,<5,>=7.5,Plethoric,Fallot,no,11-30_days,no,Lt_to_Rt,Mild,Abnormal,Normal,no
3513,no,Equal,Moderate,High,Asy/Patch,yes,no,<5,5-12,>=7.5,Asy/Patchy,TAPVD,yes,0-3_days,no,Rt_to_Lt,Complete,Abnormal,Normal,yes
3514,no,Equal,Severe,Normal,Grd_Glass,no,no,12+,<5,<7.5,Grd_Glass,PAIVS,no,0-3_days,no,Lt_to_Rt,Complete,Congested,Low,no
3515,no,Unequal,Severe,Normal,Plethoric,no,no,<5,12+,<7.5,Plethoric,TGA,no,0-3_days,no,None,Transp.,Normal,High,no
3516,no,Equal,Severe,Normal,Oligaemic,no,no,<5,<5,<7.5,Oligaemic,Fallot,no,11-30_days,no,Lt_to_Rt,Complete,Normal,Low,no
3517,no,Equal,Severe,Normal,Plethoric,no,no,5-12,5-12,<7.5,Plethoric,TGA,no,11-30_days,no,None,Complete,Normal,High,no
3518,no,Equal,Moderate,High,Plethoric,no,no,<5,5-12,>=7.5,Plethoric,TAPVD,no,0-3_days,no,Lt_to_Rt,Complete,Normal,High,no
3519,yes,Equal,Moderate,Normal,Oligaemic,no,yes,<5,5-12,<7.5,Grd_Glass,PAIVS,no,11-30_days,yes,Lt_to_Rt,Complete,Normal,Low,no
3520,no,Equal,Severe,Normal,Normal,no,no,<5,<5,<7.5,Normal,TGA,no,0-3_days,no,None,Transp.,Normal,Normal,no
3521,no,Equal,Severe,Normal,Grd_Glass,yes,yes,<5,5-12,<7.5,Normal,TGA,yes,0-3_days,yes,None,Transp.,Normal,High,yes
3522,yes,Equal,Moderate,Low,Plethoric,no,yes,5-12,5-12,<7.5,Plethoric,TGA,no,0-3_days,yes,Lt_to_Rt,Transp.,Normal,High,no
3523,yes,Equal,Moderate,Normal,Normal,no,no,5-12,5-12,>=7.5,Normal,PFC,no,0-3_days,no,Rt_to_Lt,Complete,Normal,Normal,no
3524,no,Equal,Moderate,Normal,Plethoric,no,no,5-12,5-12,<7.5,Plethoric,TAPVD,no,0-3_days,no,None,Complete,Congested,High,yes
3525,no,Equal,Moderate,High,Oligaemic,no,no,5-12,<5,>=7.5,Oligaemic,Fallot,no,0-3_days,no,Lt_to_Rt,Complete,Normal,Low,no
3526,no,Equal,Moderate,Normal,Oligaemic,no,yes,5-12,5-12,<7.5,Oligaemic,PAIVS,yes,0-3_days,yes,Lt_to_Rt,Complete,Normal,Low,no
3527,no,Equal,Severe,Normal,Oligaemic,yes,no,<5,5-12,<7.5,Oligaemic,Fallot,no,11-30_days,no,None,Complete,Normal,Low,no
3528,no,Equal,Moderate,High,Oligaemic,no,no,12+,<5,>=7.5,Oligaemic,Fallot,no,11-30_days,no,None,Complete,Normal,Low,no
3529,no,Equal,Moderate,Low,Plethoric,yes,no,<5,5-12,<7.5,Plethoric,Lung,no,0-3_days,no,None,Mild,Congested,High,no
3530,no,Unequal,Severe,High,Asy/Patch,yes,no,5-12,<5,>=7.5,Asy/Patchy,PFC,yes,0-3_days,no,Rt_to_Lt,None,Abnormal,Low,no
3531,no,Equal,Moderate,Low,Plethoric,no,no,<5,5-12,<7.5,Plethoric,TAPVD,no,0-3_days,no,Lt_to_Rt,Complete,Congested,High,yes
3532,no,Equal,Moderate,Low,Plethoric,no,yes,<5,5-12,<7.5,Plethoric,TGA,no,4-10_days,yes,None,Mild,Normal,High,no
3533,yes,Equal,Moderate,Normal,Plethoric,no,yes,5-12,5-12,<7.5,Plethoric,TGA,no,0-3_days,no,Rt_to_Lt,Mild,Normal,High,no
3534,no,Equal,Moderate,Normal,Normal,no,yes,5-12,12+,<7.5,Normal,PAIVS,no,0-3_days,yes,Lt_to_Rt,Complete,Abnormal,High,no
3535,no,Equal,Moderate,Normal,Plethoric,yes,no,5-12,5-12,<7.5,Asy/Patchy,TAPVD,yes,0-3_days,no,Lt_to_Rt,Complete,Congested,High,yes
3536,yes,Equal,Mild,Normal,Oligaemic,yes,no,12+,12+,<7.5,Oligaemic,PFC,yes,0-3_days,no,Rt_to_Lt,None,Normal,Low,yes
3537,no,Equal,Moderate,High,Plethoric,no,no,<5,5-12,>=7.5,Plethoric,TGA,no,0-3_days,no,None,Transp.,Normal,High,no
3538,no,Equal,Mild,Normal,Oligaemic,no,no,12+,12+,<7.5,Oligaemic,Fallot,no,11-30_days,no,Lt_to_Rt,None,Normal,Low,no
3539,no,Equal,Moderate,Normal,Grd_Glass,no,no,<5,5-12,<7.5,Plethoric,TGA,no,0-3_days,no,None,Transp.,Abnormal,High,yes
3540,yes,Equal,Moderate,Low,Normal,no,no,5-12,<5,>=7.5,Normal,TGA,no,0-3_days,no,None,Transp.,Normal,High,no
3541,no,Equal,Moderate,Normal,Oligaemic,no,no,<5,5-12,<7.5,Oligaemic,Fallot,yes,4-10_days,no,Lt_to_Rt,Complete,Normal,Low,no
3542,no,Equal,Moderate,Normal,Normal,no,yes,12+,<5,<7.5,Oligaemic,Fallot,no,0-3_days,yes,None,Complete,Normal,Low,no
3543,no,Equal,Moderate,Normal,Oligaemic,no,no,<5,<5,<7.5,Oligaemic,Fallot,no,4-10_days,no,Lt_to_Rt,Mild,Normal,Low,no
3544,no,Equal,Mild,Normal,Oligaemic,no,yes,12+,12+,<7.5,Oligaemic,PAIVS,no,4-10_days,yes,Lt_to_Rt,Complete,Normal,Low,yes
3545,no,Equal,Moderate,High,Plethoric,yes,no,5-12,5-12,>=7.5,Plethoric,Lung,yes,0-3_days,no,Lt_to_Rt,Mild,Congested,High,yes
3546,no,Equal,Moderate,Normal,Normal,no,yes,5-12,12+,<7.5,Asy/Patchy,Fallot,no,11-30_days,no,None,Complete,Normal,Normal,no
3547,no,Equal,Severe,Normal,Normal,no,no,5-12,5-12,<7.5,Grd_Glass,TGA,no,4-10_days,no,Lt_to_Rt,Transp.,Normal,Normal,no
3548,no,Equal,Moderate,Normal,Oligaemic,no,no,<5,5-12,<7.5,Oligaemic,Fallot,no,11-30_days,no,Lt_to_Rt,Complete,Normal,Low,no
3549,no,Equal,Moderate,High,Oligaemic,no,yes,5-12,5-12,>=7.5,Normal,Fallot,no,11-30_days,no,Lt_to_Rt,Complete,Normal,Low,no
3550,no,Equal,Moderate,Normal,Oligaemic,no,yes,5-12,<5,<7.5,Oligaemic,Fallot,no,4-10_days,yes,Lt_to_Rt,Complete,Normal,Low,no
3551,no,Equal,Mild,Normal,Oligaemic,yes,yes,12+,12+,<7.5,Oligaemic,PAIVS,no,0-3_days,yes,Lt_to_Rt,Complete,Normal,Low,yes
3552,no,Equal,Mild,High,Oligaemic,yes,no,12+,12+,>=7.5,Oligaemic,Lung,yes,0-3_days,no,Lt_to_Rt,Mild,Abnormal,High,yes
3553,no,Equal,Severe,Low,Normal,no,no,12+,12+,<7.5,Normal,TGA,no,0-3_days,no,None,Transp.,Normal,Normal,no
3554,no,Equal,Severe,Normal,Oligaemic,yes,no,12+,<5,<7.5,Oligaemic,TGA,no,4-10_days,no,None,Complete,Abnormal,High,no
3555,no,Equal,Severe,Normal,Oligaemic,yes,yes,5-12,5-12,<7.5,Oligaemic,PAIVS,no,0-3_days,yes,Lt_to_Rt,Complete,Normal,Low,yes
3556,no,Equal,Severe,Normal,Oligaemic,yes,no,5-12,12+,<7.5,Oligaemic,TAPVD,yes,0-3_days,no,None,Complete,Abnormal,High,yes
3557,yes,Equal,Moderate,Normal,Grd_Glass,no,no,5-12,5-12,<7.5,Grd_Glass,PFC,no,0-3_days,no,Rt_to_Lt,Complete,Congested,High,no
3558,no,Equal,Severe,Normal,Plethoric,no,no,<5,<5,<7.5,Normal,TGA,yes,0-3_days,no,None,Transp.,Normal,High,no
3559,no,Equal,Severe,Normal,Plethoric,no,no,<5,<5,>=7.5,Plethoric,TGA,no,0-3_days,no,None,Transp.,Normal,High,yes
3560,no,Equal,Moderate,High,Oligaemic,no,no,<5,5-12,>=7.5,Oligaemic,Fallot,no,4-10_days,no,None,Complete,Normal,Low,no
3561,no,Equal,Moderate,Normal,Oligaemic,no,no,<5,5-12,<7.5,Oligaemic,Fallot,yes,0-3_days,no,Lt_to_Rt,Complete,Normal,Low,no
3562,no,Equal,Moderate,Normal,Oligaemic,no,yes,5-12,<5,<7.5,Plethoric,PAIVS,no,0-3_days,yes,Lt_to_Rt,Complete,Normal,Low,no
3563,no,Equal,Moderate,Normal,Plethoric,no,no,5-12,5-12,<7.5,Normal,TGA,no,0-3_days,no,None,Transp.,Normal,High,yes
3564,no,Equal,Moderate,Normal,Oligaemic,no,yes,<5,5-12,<7.5,Oligaemic,Fallot,no,0-3_days,yes,Lt_to_Rt,Complete,Normal,Low,no
3565,no,Equal,Mild,Normal,Plethoric,no,no,5-12,<5,<7.5,Plethoric,TAPVD,no,0-3_days,no,None,Complete,Normal,High,no
3566,no,Equal,Moderate,Normal,Normal,yes,no,<5,<5,<7.5,Oligaemic,PAIVS,yes,4-10_days,no,Lt_to_Rt,Complete,Normal,Normal,no
3567,no,Equal,Moderate,Normal,Grd_Glass,no,no,5-12,<5,>=7.5,Grd_Glass,Fallot,no,11-30_days,no,Lt_to_Rt,Complete,Congested,Low,no
3568,no,Equal,Moderate,Normal,Oligaemic,no,no,<5,5-12,<7.5,Normal,TGA,no,0-3_days,no,None,Mild,Normal,High,yes
3569,no,Unequal,Mild,Normal,Asy/Patch,no,no,<5,12+,<7.5,Asy/Patchy,PFC,no,0-3_days,no,Rt_to_Lt,None,Abnormal,Normal,yes
3570,no,Equal,Moderate,Normal,Oligaemic,no,no,12+,5-12,<7.5,Oligaemic,Fallot,yes,4-10_days,no,Lt_to_Rt,Complete,Normal,Low,no
3571,no,Equal,Moderate,Normal,Plethoric,no,yes,5-12,5-12,<7.5,Normal,PAIVS,no,0-3_days,yes,Lt_to_Rt,Complete,Normal,Low,no
3572,no,Equal,Moderate,High,Asy/Patch,no,no,5-12,5-12,>=7.5,Asy/Patchy,Fallot,yes,11-30_days,no,Lt_to_Rt,Complete,Abnormal,Low,no
3573,no,Equal,Severe,Normal,Normal,no,yes,12+,<5,<7.5,Normal,TGA,no,0-3_days,yes,None,Transp.,Normal,High,no
3574,no,Equal,Severe,Normal,Plethoric,no,yes,5-12,<5,<7.5,Plethoric,TGA,no,0-3_days,no,None,Transp.,Normal,High,no
3575,no,Equal,Severe,Normal,Plethoric,no,no,<5,<5,<7.5,Plethoric,TGA,no,0-3_days,yes,None,Transp.,Normal,High,yes
3576,no,Equal,Moderate,Normal,Asy/Patch,no,yes,12+,5-12,<7.5,Grd_Glass,PAIVS,no,0-3_days,yes,Lt_to_Rt,Complete,Normal,Low,no
3577,no,Equal,Moderate,Normal,Oligaemic,yes,yes,<5,5-12,<7.5,Oligaemic,PAIVS,yes,0-3_days,yes,Lt_to_Rt,Complete,Normal,Low,yes
3578,no,Equal,Severe,Normal,Normal,no,no,<5,5-12,<7.5,Normal,TGA,no,0-3_days,no,None,Transp.,Normal,Normal,no
3579,no,Unequal,Moderate,High,Oligaemic,no,no,5-12,<5,>=7.5,Normal,Fallot,no,0-3_days,no,None,Mild,Normal,Low,yes
3580,no,Equal,Severe,Normal,Grd_Glass,yes,no,5-12,<5,<7.5,Asy/Patchy,Lung,yes,0-3_days,no,Lt_to_Rt,Mild,Abnormal,High,yes
3581,no,Equal,Moderate,Normal,Oligaemic,no,yes,5-12,5-12,<7.5,Oligaemic,Fallot,no,4-10_days,yes,Lt_to_Rt,Mild,Normal,Low,no
3582,no,Equal,Severe,High,Grd_Glass,yes,no,<5,<5,>=7.5,Normal,TAPVD,yes,0-3_days,no,Lt_to_Rt,Complete,Abnormal,High,yes
3583,no,Equal,Severe,High,Plethoric,no,yes,<5,<5,>=7.5,Plethoric,PAIVS,no,0-3_days,yes,Lt_to_Rt,Complete,Normal,High,no
3584,no,Equal,Moderate,High,Oligaemic,no,no,5-12,<5,>=7.5,Oligaemic,Fallot,no,0-3_days,no,None,Complete,Normal,Low,yes
3585,no,Equal,Moderate,Normal,Normal,no,yes,<5,5-12,<7.5,Normal,PAIVS,no,4-10_days,yes,Lt_to_Rt,Complete,Normal,Normal,no
3586,no,Equal,Moderate,Normal,Normal,yes,no,<5,5-12,<7.5,Normal,TGA,yes,0-3_days,no,None,Mild,Normal,Normal,no
3587,no,Equal,Moderate,Normal,Normal,no,no,<5,5-12,>=7.5,Normal,TGA,no,11-30_days,no,None,Mild,Normal,Normal,no
3588,no,Equal,Moderate,Normal,Oligaemic,no,no,<5,5-12,<7.5,Asy/Patchy,Lung,no,0-3_days,no,Rt_to_Lt,Mild,Normal,Low,no
3589,no,Equal,Moderate,Normal,Plethoric,no,no,5-12,5-12,<7.5,Plethoric,TGA,no,4-10_days,no,None,Complete,Normal,High,no
3590,yes,Equal,Severe,Normal,Oligaemic,no,no,5-12,5-12,<7.5,Oligaemic,Fallot,yes,0-3_days,no,None,Complete,Normal,Low,no
3591,no,Equal,Moderate,Normal,Oligaemic,no,no,5-12,12+,<7.5,Grd_Glass,TGA,no,0-3_days,no,None,Transp.,Normal,High,yes
3592,no,Equal,Moderate,Normal,Grd_Glass,no,no,5-12,5-12,<7.5,Grd_Glass,Fallot,no,0-3_days,no,Lt_to_Rt,Complete,Congested,Low,no
3593,no,Equal,Severe,Normal,Asy/Patch,yes,yes,12+,5-12,<7.5,Asy/Patchy,PAIVS,yes,0-3_days,yes,Lt_to_Rt,Complete,Abnormal,Low,no
3594,no,Equal,Moderate,High,Grd_Glass,no,no,5-12,5-12,>=7.5,Grd_Glass,TAPVD,no,0-3_days,no,Lt_to_Rt,Complete,Congested,Normal,no
3595,no,Equal,Mild,Normal,Normal,no,yes,12+,12+,<7.5,Oligaemic,PAIVS,yes,0-3_days,yes,Lt_to_Rt,Complete,Normal,Low,no
3596,no,Equal,Moderate,Low,Grd_Glass,no,yes,5-12,<5,<7.5,Plethoric,PAIVS,no,0-3_days,yes,Lt_to_Rt,Complete,Congested,Low,yes
3597,yes,Equal,Moderate,Normal,Grd_Glass,no,no,12+,<5,<7.5,Grd_Glass,Fallot,no,11-30_days,no,Lt_to_Rt,Complete,Normal,Low,no
3598,no,Equal,Moderate,Normal,Asy/Patch,no,no,12+,<5,<7.5,Asy/Patchy,Fallot,no,4-10_days,no,Lt_to_Rt,Complete,Normal,Low,no
3599,no,Equal,Moderate,Normal,Plethoric,no,no,5-12,5-12,<7.5,Plethoric,TGA,no,0-3_days,no,None,Transp.,Normal,High,yes
3600,no,Equal,Severe,Low,Asy/Patch,yes,no,<5,<5,<7.5,Asy/Patchy,PAIVS,yes,0-3_days,yes,Lt_to_Rt,Complete,Abnormal,Low,no
3601,no,Equal,Severe,High,Plethoric,no,no,12+,<5,>=7.5,Asy/Patchy,TGA,no,0-3_days,no,None,Transp.,Normal,High,yes
3602,no,Equal,Moderate,Low,Grd_Glass,no,no,5-12,<5,<7.5,Normal,TAPVD,no,0-3_days,no,None,Complete,Abnormal,High,yes
3603,no,Equal,Moderate,Normal,Grd_Glass,no,yes,<5,5-12,>=7.5,Grd_Glass,PAIVS,no,0-3_days,yes,Lt_to_Rt,Complete,Normal,Low,no
3604,no,Equal,Moderate,Normal,Normal,no,no,5-12,5-12,<7.5,Normal,PAIVS,no,0-3_days,yes,Lt_to_Rt,Complete,Normal,Low,no
3605,no,Equal,Moderate,Normal,Normal,no,yes,<5,5-12,<7.5,Normal,PAIVS,no,0-3_days,yes,Lt_to_Rt,Complete,Normal,Normal,no
3606,no,Equal,Moderate,Normal,Oligaemic,no,no,<5,5-12,<7.5,Oligaemic,PAIVS,no,4-10_days,yes,Lt_to_Rt,Complete,Normal,Low,yes
3607,no,Equal,Moderate,Normal,Plethoric,no,no,5-12,<5,<7.5,Normal,TGA,no,0-3_days,no,None,Transp.,Normal,High,no
3608,yes,Equal,Moderate,Low,Normal,no,no,<5,5-12,>=7.5,Normal,Fallot,no,0-3_days,no,None,Complete,Normal,Low,no
3609,yes,Equal,Moderate,Low,Oligaemic,no,yes,5-12,12+,>=7.5,Normal,Fallot,no,11-30_days,no,Lt_to_Rt,Complete,Normal,Low,yes
3610,yes,Equal,Severe,High,Normal,no,no,5-12,<5,>=7.5,Normal,TGA,no,0-3_days,no,None,Transp.,Normal,High,yes
3611,no,Unequal,Moderate,Normal,Plethoric,yes,no,<5,12+,<7.5,Plethoric,TGA,yes,0-3_days,no,None,Transp.,Congested,High,no
3612,no,Equal,Moderate,Normal,Grd_Glass,yes,no,5-12,5-12,<7.5,Grd_Glass,Lung,yes,0-3_days,no,Lt_to_Rt,None,Congested,Normal,yes
3613,no,Equal,Severe,Normal,Asy/Patch,no,yes,<5,<5,<7.5,Asy/Patchy,Lung,no,0-3_days,yes,Lt_to_Rt,Complete,Abnormal,Normal,no
3614,no,Unequal,Mild,Normal,Oligaemic,no,no,<5,12+,<7.5,Oligaemic,Fallot,no,11-30_days,no,Lt_to_Rt,Complete,Normal,Low,no
3615,no,Equal,Severe,High,Grd_Glass,no,yes,5-12,5-12,>=7.5,Grd_Glass,PAIVS,no,0-3_days,yes,Lt_to_Rt,Complete,Abnormal,Low,no
3616,no,Equal,Severe,Normal,Normal,yes,no,5-12,12+,<7.5,Normal,TGA,no,0-3_days,no,None,Transp.,Normal,Normal,no
3617,no,Equal,Mild,High,Oligaemic,no,yes,12+,12+,>=7.5,Oligaemic,PAIVS,no,0-3_days,yes,Lt_to_Rt,Complete,Normal,Low,no
3618,no,Equal,Severe,Low,Plethoric,no,no,<5,<5,<7.5,Plethoric,TGA,no,0-3_days,no,Lt_to_Rt,Transp.,Normal,High,no
3619,no,Equal,Mild,Low,Normal,yes,no,5-12,12+,<7.5,Plethoric,Fallot,no,0-3_days,no,Lt_to_Rt,Complete,Normal,Low,no
3620,no,Equal,Mild,Normal,Plethoric,no,no,12+,12+,<7.5,Plethoric,TGA,yes,0-3_days,no,None,Mild,Normal,High,no
3621,no,Unequal,Severe,Normal,Plethoric,no,no,<5,5-12,<7.5,Plethoric,TGA,no,0-3_days,no,None,Transp.,Normal,High,yes
3622,no,Equal,Moderate,Normal,Asy/Patch,no,yes,<5,<5,<7.5,Asy/Patchy,PAIVS,no,0-3_days,yes,Lt_to_Rt,Complete,Abnormal,Low,no
3623,no,Equal,Moderate,Normal,Normal,no,yes,5-12,5-12,<7.5,Asy/Patchy,PAIVS,no,0-3_days,yes,Lt_to_Rt,Complete,Normal,Low,no
3624,no,Equal,Moderate,Normal,Oligaemic,no,no,5-12,5-12,<7.5,Oligaemic,TGA,no,0-3_days,no,None,Mild,Normal,Low,no
3625,no,Equal,Moderate,Normal,Normal,no,yes,12+,5-12,<7.5,Normal,Fallot,no,0-3_days,no,Lt_to_Rt,Complete,Normal,Normal,no
3626,no,Equal,Moderate,Normal,Oligaemic,no,no,5-12,<5,<7.5,Oligaemic,Fallot,no,0-3_days,no,Lt_to_Rt,Complete,Normal,Low,no
3627,no,Equal,Severe,Normal,Normal,no,no,<5,<5,<7.5,Normal,TGA,no,0-3_days,no,None,Transp.,Normal,Normal,yes
3628,no,Equal,Moderate,High,Normal,no,no,5-12,5-12,>=7.5,Normal,Fallot,no,0-3_days,no,None,Complete,Normal,Low,no
3629,no,Equal,Moderate,Normal,Oligaemic,no,yes,5-12,5-12,<7.5,Oligaemic,PAIVS,no,0-3_days,yes,Lt_to_Rt,Complete,Normal,Low,no
3630,no,Equal,Severe,Normal,Normal,yes,no,5-12,<5,<7.5,Oligaemic,TGA,yes,0-3_days,no,None,Transp.,Normal,Normal,yes
3631,no,Equal,Moderate,Normal,Oligaemic,no,yes,5-12,12+,<7.5,Oligaemic,PAIVS,no,0-3_days,yes,Lt_to_Rt,Complete,Normal,Low,no
3632,no,Equal,Severe,Normal,Oligaemic,no,no,5-12,<5,<7.5,Oligaemic,Fallot,no,11-30_days,no,Lt_to_Rt,Complete,Normal,Low,no
3633,no,Equal,Moderate,Normal,Oligaemic,no,no,<5,5-12,<7.5,Plethoric,PAIVS,no,0-3_days,no,Lt_to_Rt,Complete,Normal,Low,no
3634,no,Equal,Mild,Low,Asy/Patch,no,yes,12+,<5,<7.5,Asy/Patchy,PAIVS,no,0-3_days,yes,Lt_to_Rt,Complete,Normal,Low,no
3635,no,Equal,Moderate,Normal,Oligaemic,no,yes,5-12,5-12,<7.5,Oligaemic,PAIVS,no,0-3_days,yes,Lt_to_Rt,Complete,Normal,Low,no
3636,no,Equal,Moderate,Normal,Plethoric,yes,no,5-12,<5,<7.5,Plethoric,TAPVD,yes,0-3_days,no,Rt_to_Lt,Complete,Congested,High,yes
3637,no,Unequal,Severe,Normal,Oligaemic,no,no,12+,<5,>=7.5,Normal,Fallot,no,11-30_days,no,Lt_to_Rt,Complete,Normal,Low,no
3638,yes,Unequal,Severe,High,Plethoric,no,yes,<5,12+,>=7.5,Plethoric,TGA,no,11-30_days,yes,Rt_to_Lt,Transp.,Normal,High,yes
3639,no,Equal,Moderate,Low,Oligaemic,no,yes,5-12,5-12,<7.5,Oligaemic,Fallot,yes,0-3_days,no,Lt_to_Rt,Complete,Normal,Normal,yes
3640,no,Equal,Moderate,Normal,Oligaemic,no,no,5-12,5-12,<7.5,Oligaemic,Fallot,no,11-30_days,no,Lt_to_Rt,Mild,Normal,Low,no
3641,yes,Equal,Severe,Normal,Normal,no,no,<5,<5,<7.5,Normal,TGA,no,0-3_days,no,None,Transp.,Normal,High,no
3642,no,Equal,Moderate,Low,Normal,no,no,<5,5-12,<7.5,Normal,TGA,no,0-3_days,no,None,Transp.,Normal,Normal,yes
3643,yes,Equal,Mild,Low,Asy/Patch,yes,yes,12+,12+,<7.5,Asy/Patchy,PFC,no,0-3_days,yes,Lt_to_Rt,None,Abnormal,Low,no
3644,no,Equal,Moderate,Low,Plethoric,no,yes,5-12,5-12,<7.5,Plethoric,PAIVS,no,0-3_days,yes,Lt_to_Rt,Complete,Normal,Low,no
3645,no,Equal,Severe,Normal,Plethoric,no,no,<5,<5,<7.5,Plethoric,TGA,no,0-3_days,no,Rt_to_Lt,Transp.,Normal,High,yes
3646,no,Equal,Severe,Normal,Plethoric,yes,yes,12+,5-12,<7.5,Plethoric,TGA,yes,11-30_days,yes,None,Transp.,Congested,High,yes
3647,no,Equal,Severe,Normal,Plethoric,no,no,5-12,<5,<7.5,Plethoric,TAPVD,no,0-3_days,no,None,Complete,Congested,High,yes
3648,no,Equal,Moderate,Low,Oligaemic,no,no,5-12,5-12,<7.5,Oligaemic,Fallot,no,0-3_days,no,Lt_to_Rt,Complete,Normal,Low,yes
3649,no,Equal,Moderate,High,Asy/Patch,yes,yes,<5,<5,>=7.5,Asy/Patchy,PAIVS,yes,4-10_days,yes,Lt_to_Rt,Complete,Abnormal,Low,yes
3650,no,Equal,Moderate,High,Asy/Patch,yes,no,5-12,5-12,>=7.5,Asy/Patchy,PFC,yes,11-30_days,no,None,Mild,Abnormal,Low,no
3651,no,Equal,Moderate,Normal,Plethoric,no,no,5-12,<5,<7.5,Plethoric,TGA,no,0-3_days,no,None,Transp.,Congested,High,yes
3652,no,Equal,Moderate,Normal,Plethoric,no,no,<5,<5,<7.5,Asy/Patchy,TGA,no,4-10_days,no,None,Mild,Normal,High,no
3653,no,Equal,Moderate,Normal,Normal,yes,no,5-12,<5,<7.5,Normal,TGA,yes,0-3_days,no,None,Transp.,Normal,High,no
3654,no,Equal,Moderate,Normal,Normal,no,yes,5-12,<5,<7.5,Asy/Patchy,PAIVS,no,0-3_days,yes,Lt_to_Rt,Complete,Normal,Low,no
3655,no,Equal,Severe,Normal,Oligaemic,no,yes,<5,<5,<7.5,Oligaemic,PAIVS,no,0-3_days,yes,Lt_to_Rt,Complete,Normal,Low,no
3656,no,Equal,Mild,High,Asy/Patch,no,yes,5-12,12+,>=7.5,Asy/Patchy,PAIVS,no,0-3_days,yes,Lt_to_Rt,Complete,Abnormal,Low,no
3657,no,Equal,Severe,Normal,Normal,no,no,5-12,5-12,<7.5,Oligaemic,TGA,no,0-3_days,no,Lt_to_Rt,Transp.,Normal,High,no
3658,no,Equal,Severe,High,Plethoric,yes,no,<5,<5,>=7.5,Plethoric,TGA,no,0-3_days,no,Lt_to_Rt,Transp.,Normal,High,yes
3659,no,Equal,Severe,Normal,Oligaemic,yes,no,<5,<5,<7.5,Oligaemic,TGA,yes,0-3_days,no,None,Transp.,Abnormal,High,no
3660,no,Equal,Moderate,Low,Oligaemic,no,no,5-12,5-12,<7.5,Normal,Fallot,no,0-3_days,no,None,Complete,Normal,Low,yes
3661,yes,Equal,Severe,High,Asy/Patch,no,no,5-12,5-12,>=7.5,Asy/Patchy,PFC,no,0-3_days,no,None,Mild,Abnormal,Low,no
3662,no,Equal,Moderate,Low,Asy/Patch,no,no,<5,5-12,<7.5,Asy/Patchy,Fallot,yes,4-10_days,no,Lt_to_Rt,Complete,Abnormal,Low,no
3663,yes,Equal,Severe,Normal,Normal,yes,no,<5,<5,<7.5,Normal,TGA,yes,0-3_days,no,None,Transp.,Normal,High,yes
3664,no,Equal,Severe,High,Plethoric,no,no,5-12,12+,<7.5,Plethoric,TGA,no,0-3_days,no,None,Transp.,Normal,High,yes
3665,no,Equal,Moderate,High,Plethoric,yes,yes,5-12,5-12,>=7.5,Plethoric,PAIVS,yes,0-3_days,yes,Lt_to_Rt,Complete,Abnormal,Low,yes
3666,no,Equal,Moderate,Normal,Plethoric,no,no,5-12,<5,<7.5,Plethoric,TGA,no,0-3_days,no,None,Transp.,Normal,High,no
3667,no,Equal,Moderate,Normal,Normal,no,yes,5-12,5-12,<7.5,Normal,Fallot,no,0-3_days,no,Lt_to_Rt,Mild,Normal,Normal,no
3668,no,Equal,Severe,Normal,Plethoric,no,no,<5,<5,<7.5,Plethoric,TGA,no,11-30_days,no,None,Transp.,Normal,High,no
3669,yes,Unequal,Moderate,Normal,Plethoric,no,no,5-12,5-12,<7.5,Plethoric,PAIVS,no,0-3_days,yes,Lt_to_Rt,Complete,Normal,High,yes
3670,no,Equal,Moderate,Normal,Plethoric,no,no,5-12,<5,<7.5,Plethoric,TGA,no,0-3_days,no,None,Mild,Normal,High,yes
3671,no,Equal,Moderate,Normal,Plethoric,no,no,5-12,5-12,>=7.5,Plethoric,Fallot,no,11-30_days,no,Lt_to_Rt,Complete,Normal,High,no
3672,no,Equal,Severe,Low,Plethoric,no,no,<5,12+,<7.5,Normal,TGA,no,0-3_days,no,None,Transp.,Normal,High,no
3673,yes,Equal,Moderate,Normal,Plethoric,no,no,5-12,5-12,<7.5,Plethoric,TAPVD,no,0-3_days,no,Lt_to_Rt,Complete,Normal,High,yes
3674,no,Equal,Moderate,Normal,Plethoric,no,no,5-12,5-12,<7.5,Plethoric,TGA,no,0-3_days,no,Lt_to_Rt,Mild,Normal,High,no
3675,no,Equal,Severe,High,Grd_Glass,yes,no,<5,<5,>=7.5,Grd_Glass,TGA,no,0-3_days,no,None,Transp.,Abnormal,High,no
3676,no,Equal,Moderate,Normal,Grd_Glass,no,yes,12+,<5,<7.5,Grd_Glass,PAIVS,no,0-3_days,yes,Lt_to_Rt,Complete,Congested,Normal,no
3677,yes,Unequal,Mild,Normal,Normal,no,no,<5,5-12,<7.5,Normal,PFC,no,0-3_days,no,Rt_to_Lt,None,Normal,Low,yes
3678,no,Equal,Mild,Normal,Oligaemic,no,yes,12+,12+,<7.5,Normal,PAIVS,no,0-3_days,yes,Lt_to_Rt,Complete,Normal,Low,yes
3679,no,Equal,Moderate,Normal,Oligaemic,no,yes,5-12,5-12,<7.5,Oligaemic,PAIVS,no,0-3_days,yes,Lt_to_Rt,Complete,Normal,Low,no
3680,no,Equal,Moderate,High,Asy/Patch,yes,yes,5-12,5-12,>=7.5,Asy/Patchy,PAIVS,yes,0-3_days,yes,Lt_to_Rt,Complete,Abnormal,Low,no
3681,no,Equal,Moderate,Normal,Oligaemic,no,no,5-12,<5,<7.5,Oligaemic,PAIVS,no,0-3_days,yes,Lt_to_Rt,Complete,Normal,Low,no
3682,no,Equal,Severe,High,Normal,no,no,12+,<5,>=7.5,Plethoric,TGA,no,4-10_days,no,None,Transp.,Normal,High,no
3683,no,Equal,Severe,Normal,Asy/Patch,yes,no,12+,<5,<7.5,Asy/Patchy,TAPVD,yes,0-3_days,no,None,Complete,Abnormal,Normal,yes
3684,no,Equal,Severe,Normal,Normal,no,no,5-12,<5,<7.5,Normal,TGA,no,0-3_days,no,None,Transp.,Normal,High,no
3685,no,Equal,Moderate,Normal,Grd_Glass,no,yes,12+,5-12,<7.5,Grd_Glass,PAIVS,no,0-3_days,yes,Lt_to_Rt,Complete,Congested,Low,no
3686,yes,Unequal,Moderate,Normal,Asy/Patch,yes,no,<5,5-12,<7.5,Normal,Lung,no,0-3_days,no,Rt_to_Lt,None,Abnormal,Low,yes
3687,no,Unequal,Severe,Normal,Grd_Glass,yes,yes,5-12,<5,>=7.5,Grd_Glass,TGA,yes,0-3_days,no,Rt_to_Lt,Transp.,Abnormal,High,no
3688,no,Equal,Severe,Low,Asy/Patch,yes,yes,<5,5-12,>=7.5,Asy/Patchy,PAIVS,yes,0-3_days,yes,Lt_to_Rt,Complete,Abnormal,Low,yes
3689,no,Equal,Severe,Normal,Normal,no,no,<5,<5,<7.5,Normal,PAIVS,no,0-3_days,yes,Lt_to_Rt,Complete,Normal,Normal,no
3690,no,Equal,Moderate,Normal,Normal,no,yes,<5,5-12,<7.5,Asy/Patchy,Fallot,no,0-3_days,no,Lt_to_Rt,Complete,Normal,Normal,yes
3691,no,Unequal,Moderate,High,Grd_Glass,no,no,<5,<5,<7.5,Asy/Patchy,Lung,no,0-3_days,no,Rt_to_Lt,None,Abnormal,High,no
3692,no,Equal,Moderate,Normal,Oligaemic,no,no,5-12,12+,<7.5,Oligaemic,Fallot,no,0-3_days,no,Lt_to_Rt,Complete,Normal,Low,yes
3693,yes,Unequal,Mild,Normal,Oligaemic,no,no,<5,12+,<7.5,Oligaemic,PFC,no,0-3_days,no,Rt_to_Lt,None,Normal,Low,yes
3694,no,Equal,Severe,Normal,Normal,no,yes,5-12,<5,<7.5,Normal,TGA,no,0-3_days,no,None,Transp.,Normal,Normal,no
3695,no,Equal,Severe,Normal,Asy/Patch,yes,no,12+,5-12,<7.5,Asy/Patchy,Fallot,yes,4-10_days,no,Lt_to_Rt,Complete,Abnormal,Low,no
3696,no,Equal,Severe,High,Plethoric,no,no,<5,<5,>=7.5,Plethoric,TGA,no,0-3_days,no,Rt_to_Lt,Transp.,Abnormal,High,no
3697,yes,Unequal,Mild,Normal,Asy/Patch,yes,no,5-12,5-12,<7.5,Grd_Glass,PFC,no,0-3_days,no,Rt_to_Lt,None,Abnormal,Low,yes
3698,no,Equal,Moderate,Normal,Asy/Patch,yes,yes,5-12,12+,<7.5,Asy/Patchy,PAIVS,yes,0-3_days,yes,Lt_to_Rt,Complete,Congested,Low,no
3699,no,Equal,Severe,Normal,Normal,no,no,<5,<5,<7.5,Normal,Fallot,no,4-10_days,no,Lt_to_Rt,Complete,Normal,Low,no
3700,no,Equal,Severe,Normal,Plethoric,no,no,<5,<5,<7.5,Plethoric,TGA,no,4-10_days,no,None,Transp.,Normal,High,no
3701,no,Unequal,Moderate,Normal,Oligaemic,no,yes,5-12,<5,<7.5,Oligaemic,PAIVS,no,0-3_days,yes,Lt_to_Rt,Complete,Normal,Low,no
3702,no,Equal,Moderate,Normal,Oligaemic,no,no,12+,<5,<7.5,Oligaemic,Fallot,no,4-10_days,no,Lt_to_Rt,Complete,Normal,Low,no
3703,no,Equal,Severe,Normal,Oligaemic,no,yes,5-12,5-12,<7.5,Oligaemic,PAIVS,no,0-3_days,yes,Lt_to_Rt,Complete,Normal,Low,yes
3704,no,Equal,Severe,High,Asy/Patch,yes,yes,<5,5-12,>=7.5,Asy/Patchy,PAIVS,yes,0-3_days,yes,Lt_to_Rt,Complete,Abnormal,Normal,yes
3705,no,Equal,Severe,High,Normal,no,no,5-12,12+,>=7.5,Normal,TGA,no,0-3_days,no,None,Transp.,Normal,High,no
3706,no,Equal,Moderate,Normal,Grd_Glass,no,yes,5-12,5-12,<7.5,Grd_Glass,TAPVD,no,0-3_days,yes,None,Complete,Congested,Low,no
3707,no,Equal,Moderate,Normal,Oligaemic,no,no,<5,5-12,>=7.5,Oligaemic,Fallot,no,0-3_days,no,Lt_to_Rt,Mild,Normal,Low,yes
3708,no,Equal,Severe,Low,Plethoric,no,yes,<5,12+,<7.5,Plethoric,PAIVS,yes,0-3_days,yes,Lt_to_Rt,Complete,Normal,High,yes
3709,yes,Equal,Moderate,Normal,Asy/Patch,yes,no,12+,<5,<7.5,Grd_Glass,TAPVD,yes,0-3_days,no,None,Complete,Abnormal,High,yes
3710,no,Equal,Moderate,Normal,Oligaemic,no,no,<5,5-12,<7.5,Oligaemic,Fallot,no,4-10_days,no,Lt_to_Rt,Complete,Normal,Low,no
3711,no,Equal,Severe,Normal,Oligaemic,yes,no,<5,5-12,<7.5,Oligaemic,TGA,yes,0-3_days,no,None,Transp.,Normal,Low,no
3712,no,Equal,Moderate,Normal,Normal,yes,no,<5,<5,<7.5,Asy/Patchy,Fallot,yes,11-30_days,no,Lt_to_Rt,Complete,Abnormal,Low,no
3713,no,Equal,Severe,Normal,Oligaemic,no,no,5-12,<5,<7.5,Oligaemic,TGA,no,0-3_days,no,None,Transp.,Normal,Low,no
3714,no,Equal,Mild,High,Oligaemic,no,no,5-12,12+,>=7.5,Asy/Patchy,Fallot,no,4-10_days,no,Lt_to_Rt,None,Normal,Low,no
3715,yes,Equal,Moderate,Normal,Normal,no,yes,5-12,5-12,<7.5,Normal,PAIVS,no,0-3_days,yes,Lt_to_Rt,Complete,Normal,Low,no
3716,yes,Equal,Severe,High,Plethoric,no,yes,5-12,5-12,>=7.5,Plethoric,TGA,no,4-10_days,no,None,Transp.,Normal,High,no
3717,no,Equal,Severe,High,Oligaemic,no,no,5-12,<5,>=7.5,Normal,TGA,no,0-3_days,no,Lt_to_Rt,Transp.,Abnormal,High,no
3718,no,Unequal,Severe,Normal,Oligaemic,no,no,5-12,<5,<7.5,Oligaemic,PFC,no,0-3_days,no,Rt_to_Lt,Mild,Normal,Low,yes
3719,no,Equal,Moderate,Normal,Oligaemic,no,yes,5-12,5-12,<7.5,Oligaemic,Fallot,no,11-30_days,yes,Lt_to_Rt,Mild,Normal,Low,no
3720,no,Equal,Mild,Normal,Oligaemic,no,yes,12+,12+,<7.5,Oligaemic,PAIVS,no,4-10_days,yes,Lt_to_Rt,Complete,Normal,Low,no
3721,no,Equal,Severe,Normal,Asy/Patch,yes,no,5-12,<5,<7.5,Asy/Patchy,PFC,yes,0-3_days,no,Lt_to_Rt,Mild,Abnormal,Low,yes
3722,no,Equal,Moderate,Normal,Asy/Patch,no,yes,5-12,5-12,<7.5,Asy/Patchy,PAIVS,no,0-3_days,yes,Lt_to_Rt,Complete,Abnormal,Low,yes
3723,no,Equal,Moderate,Normal,Grd_Glass,yes,no,5-12,<5,<7.5,Grd_Glass,TAPVD,no,0-3_days,no,Rt_to_Lt,Complete,Congested,Normal,yes
3724,yes,Equal,Mild,Low,Oligaemic,no,no,12+,12+,>=7.5,Oligaemic,Fallot,no,0-3_days,no,Lt_to_Rt,Mild,Normal,Low,yes
3725,yes,Unequal,Severe,Normal,Plethoric,no,no,<5,<5,<7.5,Plethoric,TGA,no,0-3_days,no,None,Transp.,Normal,High,no
3726,no,Equal,Moderate,Normal,Oligaemic,no,no,5-12,12+,<7.5,Oligaemic,Fallot,no,4-10_days,no,Lt_to_Rt,Mild,Normal,Low,yes
3727,no,Equal,Moderate,High,Oligaemic,no,no,5-12,5-12,>=7.5,Oligaemic,Fallot,no,11-30_days,no,Lt_to_Rt,Complete,Normal,Low,no
3728,no,Equal,Moderate,Normal,Plethoric,no,yes,5-12,5-12,<7.5,Plethoric,TGA,no,4-10_days,yes,None,Transp.,Normal,High,no
3729,no,Equal,Severe,Normal,Plethoric,no,no,5-12,5-12,<7.5,Plethoric,TGA,no,0-3_days,no,None,Transp.,Normal,High,no
3730,no,Equal,Severe,Low,Oligaemic,no,no,<5,12+,<7.5,Oligaemic,Fallot,yes,11-30_days,no,Lt_to_Rt,Complete,Congested,Low,no
3731,no,Equal,Moderate,Normal,Normal,no,no,<5,5-12,<7.5,Normal,Fallot,no,4-10_days,no,Lt_to_Rt,Complete,Normal,Low,no
3732,no,Equal,Moderate,Low,Plethoric,no,no,5-12,5-12,<7.5,Plethoric,TGA,no,0-3_days,no,None,Transp.,Normal,High,no
3733,no,Equal,Moderate,Normal,Oligaemic,no,no,5-12,<5,<7.5,Oligaemic,Fallot,yes,11-30_days,no,Lt_to_Rt,Complete,Normal,Low,no
3734,no,Equal,Moderate,Normal,Plethoric,yes,no,<5,5-12,<7.5,Plethoric,TGA,no,0-3_days,no,None,Mild,Normal,High,yes
3735,no,Unequal,Severe,Normal,Plethoric,no,no,12+,<5,<7.5,Plethoric,TGA,no,4-10_days,no,Rt_to_Lt,Transp.,Normal,High,yes
3736,no,Equal,Moderate,Normal,Normal,no,no,5-12,<5,<7.5,Normal,TGA,no,0-3_days,no,None,Transp.,Normal,High,no
3737,no,Equal,Moderate,High,Grd_Glass,no,no,<5,5-12,>=7.5,Grd_Glass,TGA,no,0-3_days,no,None,Transp.,Abnormal,High,no
3738,no,Equal,Severe,Normal,Plethoric,no,no,<5,5-12,<7.5,Normal,TGA,no,4-10_days,no,None,Transp.,Normal,High,no
3739,no,Equal,Severe,Normal,Grd_Glass,no,no,<5,5-12,<7.5,Grd_Glass,TGA,no,11-30_days,no,None,Transp.,Normal,High,yes
3740,yes,Equal,Moderate,Normal,Oligaemic,no,yes,5-12,5-12,<7.5,Oligaemic,Fallot,no,11-30_days,yes,Lt_to_Rt,Complete,Normal,Low,no
3741,no,Equal,Moderate,Normal,Oligaemic,no,no,<5,12+,<7.5,Oligaemic,Fallot,no,0-3_days,no,Lt_to_Rt,Complete,Normal,Low,yes
3742,no,Equal,Moderate,Normal,Plethoric,no,yes,5-12,5-12,<7.5,Plethoric,TGA,no,0-3_days,no,None,Complete,Normal,High,no
3743,no,Equal,Moderate,Normal,Oligaemic,no,no,5-12,5-12,<7.5,Oligaemic,Fallot,yes,11-30_days,no,Lt_to_Rt,Complete,Normal,Low,no
3744,no,Equal,Severe,Normal,Normal,no,no,<5,<5,<7.5,Normal,Fallot,no,0-3_days,no,Lt_to_Rt,Complete,Normal,Normal,no
3745,no,Equal,Moderate,Normal,Oligaemic,no,yes,5-12,5-12,<7.5,Grd_Glass,PAIVS,yes,0-3_days,yes,Lt_to_Rt,Complete,Normal,Low,no
3746,no,Equal,Moderate,Normal,Oligaemic,no,no,5-12,5-12,<7.5,Oligaemic,Fallot,no,11-30_days,no,Lt_to_Rt,Complete,Normal,Low,no
3747,no,Equal,Moderate,Normal,Oligaemic,no,no,5-12,5-12,<7.5,Oligaemic,Fallot,no,11-30_days,no,Lt_to_Rt,Complete,Normal,Low,no
3748,no,Equal,Mild,Normal,Normal,no,no,<5,12+,<7.5,Grd_Glass,TGA,no,4-10_days,no,None,Mild,Normal,High,no
3749,no,Equal,Severe,High,Asy/Patch,no,no,5-12,5-12,>=7.5,Asy/Patchy,Fallot,no,0-3_days,no,Lt_to_Rt,Complete,Abnormal,Low,yes
3750,no,Equal,Severe,Normal,Oligaemic,no,no,<5,5-12,<7.5,Oligaemic,PAIVS,no,4-10_days,yes,Lt_to_Rt,Complete,Normal,Low,no
3751,no,Equal,Severe,High,Normal,no,yes,<5,<5,>=7.5,Normal,PAIVS,no,0-3_days,yes,Lt_to_Rt,Complete,Normal,Low,no
3752,no,Equal,Mild,Normal,Oligaemic,no,no,12+,12+,<7.5,Oligaemic,Fallot,no,11-30_days,no,None,None,Normal,Low,yes
3753,no,Equal,Severe,Normal,Plethoric,no,no,<5,5-12,<7.5,Plethoric,TGA,yes,0-3_days,no,Lt_to_Rt,Transp.,Normal,High,yes
3754,no,Equal,Severe,High,Asy/Patch,yes,no,12+,5-12,>=7.5,Asy/Patchy,Fallot,no,0-3_days,no,Lt_to_Rt,Mild,Abnormal,Low,no
3755,no,Equal,Moderate,Low,Oligaemic,no,yes,12+,<5,<7.5,Oligaemic,PAIVS,no,0-3_days,yes,Lt_to_Rt,Complete,Normal,Low,no
3756,yes,Unequal,Moderate,Normal,Oligaemic,yes,no,5-12,5-12,<7.5,Oligaemic,PFC,no,0-3_days,yes,Rt_to_Lt,Mild,Congested,Low,no
3757,no,Equal,Moderate,Normal,Oligaemic,no,no,12+,5-12,<7.5,Oligaemic,Fallot,no,11-30_days,no,Lt_to_Rt,Complete,Normal,Low,no
3758,no,Equal,Moderate,Normal,Oligaemic,no,yes,5-12,5-12,>=7.5,Asy/Patchy,Fallot,no,11-30_days,yes,Lt_to_Rt,Complete,Normal,Low,no
3759,no,Equal,Severe,Normal,Oligaemic,no,no,<5,<5,<7.5,Oligaemic,PAIVS,no,0-3_days,no,Lt_to_Rt,Complete,Congested,Low,no
3760,no,Equal,Moderate,Normal,Oligaemic,no,yes,5-12,12+,<7.5,Oligaemic,PAIVS,no,0-3_days,yes,Lt_to_Rt,Complete,Normal,Low,yes
3761,no,Equal,Moderate,Normal,Oligaemic,no,yes,<5,5-12,<7.5,Oligaemic,PAIVS,no,0-3_days,yes,Lt_to_Rt,Complete,Normal,Low,no
3762,no,Equal,Moderate,High,Asy/Patch,yes,no,5-12,5-12,>=7.5,Asy/Patchy,Fallot,no,11-30_days,no,Lt_to_Rt,Complete,Abnormal,Normal,no
3763,no,Equal,Moderate,Normal,Oligaemic,no,yes,<5,<5,<7.5,Asy/Patchy,PAIVS,no,0-3_days,yes,Lt_to_Rt,Complete,Normal,Low,no
3764,no,Equal,Severe,Normal,Oligaemic,no,no,<5,<5,<7.5,Oligaemic,Fallot,no,11-30_days,no,Lt_to_Rt,Complete,Normal,Low,no
3765,no,Equal,Severe,Normal,Plethoric,yes,no,5-12,5-12,<7.5,Plethoric,Fallot,yes,0-3_days,no,Lt_to_Rt,Complete,Abnormal,Low,no
3766,no,Equal,Moderate,Normal,Plethoric,no,no,5-12,5-12,<7.5,Plethoric,TGA,no,0-3_days,no,None,Transp.,Normal,High,no
3767,yes,Unequal,Moderate,High,Asy/Patch,yes,no,5-12,5-12,>=7.5,Asy/Patchy,Lung,no,0-3_days,no,Rt_to_Lt,None,Abnormal,Normal,yes
3768,no,Equal,Moderate,Normal,Grd_Glass,no,no,<5,<5,<7.5,Grd_Glass,TAPVD,no,0-3_days,no,Lt_to_Rt,Complete,Congested,Normal,yes
3769,no,Equal,Mild,Normal,Normal,no,no,12+,12+,<7.5,Normal,Fallot,no,0-3_days,no,Lt_to_Rt,Complete,Normal,Low,yes
3770,no,Equal,Moderate,Normal,Normal,no,yes,<5,5-12,<7.5,Normal,PAIVS,no,4-10_days,yes,Lt_to_Rt,Complete,Normal,Normal,no
3771,no,Equal,Severe,Normal,Plethoric,no,no,5-12,<5,<7.5,Plethoric,TGA,no,0-3_days,no,None,Transp.,Normal,High,no
3772,no,Equal,Severe,High,Grd_Glass,yes,no,5-12,<5,>=7.5,Grd_Glass,Fallot,yes,0-3_days,no,None,Complete,Abnormal,Low,yes
3773,no,Equal,Moderate,Normal,Oligaemic,no,yes,5-12,<5,<7.5,Normal,PAIVS,no,4-10_days,yes,Lt_to_Rt,Complete,Normal,Low,no
3774,yes,Equal,Severe,Normal,Plethoric,yes,no,12+,5-12,<7.5,Plethoric,TGA,yes,0-3_days,no,None,Transp.,Normal,High,no
3775,no,Equal,Moderate,Normal,Plethoric,no,no,<5,<5,<7.5,Plethoric,TAPVD,no,0-3_days,no,None,Complete,Normal,High,no
3776,yes,Equal,Mild,Normal,Plethoric,no,yes,5-12,12+,<7.5,Plethoric,TGA,no,0-3_days,yes,Lt_to_Rt,None,Normal,High,no
3777,no,Equal,Severe,Normal,Plethoric,no,no,<5,5-12,<7.5,Plethoric,TGA,no,0-3_days,no,None,Transp.,Normal,High,no
3778,no,Equal,Moderate,Normal,Plethoric,no,no,5-12,5-12,<7.5,Plethoric,TGA,no,0-3_days,no,None,Transp.,Normal,High,no
3779,no,Equal,Severe,Low,Asy/Patch,yes,no,5-12,<5,<7.5,Asy/Patchy,PAIVS,yes,0-3_days,no,Lt_to_Rt,Complete,Abnormal,Low,yes
3780,no,Equal,Mild,Normal,Oligaemic,no,no,12+,5-12,<7.5,Oligaemic,Fallot,no,0-3_days,no,Lt_to_Rt,Complete,Normal,Low,yes
3781,no,Equal,Severe,High,Plethoric,no,yes,<5,<5,>=7.5,Plethoric,TGA,no,0-3_days,yes,None,Transp.,Normal,High,no
3782,no,Unequal,Mild,Normal,Asy/Patch,yes,no,<5,5-12,<7.5,Asy/Patchy,Lung,yes,0-3_days,no,Rt_to_Lt,None,Abnormal,Normal,yes
3783,no,Equal,Mild,Normal,Plethoric,no,no,12+,5-12,<7.5,Plethoric,TGA,no,11-30_days,no,Rt_to_Lt,Transp.,Normal,High,no
3784,no,Equal,Moderate,Normal,Plethoric,no,no,12+,5-12,<7.5,Plethoric,TGA,yes,0-3_days,no,None,Complete,Normal,High,no
3785,no,Equal,Severe,High,Grd_Glass,yes,no,<5,<5,>=7.5,Asy/Patchy,TAPVD,yes,4-10_days,no,None,Complete,Abnormal,High,no
3786,no,Equal,Severe,Normal,Oligaemic,no,no,5-12,<5,<7.5,Oligaemic,Fallot,no,0-3_days,no,None,Complete,Normal,Low,no
3787,no,Equal,Severe,Normal,Normal,no,yes,<5,<5,<7.5,Asy/Patchy,TGA,no,0-3_days,yes,None,Transp.,Normal,High,no
3788,no,Equal,Moderate,Normal,Normal,no,yes,5-12,5-12,<7.5,Normal,PAIVS,no,4-10_days,yes,Lt_to_Rt,Complete,Normal,Low,no
3789,no,Equal,Mild,High,Plethoric,no,no,5-12,<5,>=7.5,Plethoric,Fallot,no,4-10_days,no,Lt_to_Rt,Complete,Normal,Normal,no
3790,no,Equal,Moderate,Normal,Plethoric,no,no,<5,5-12,<7.5,Plethoric,Fallot,no,4-10_days,no,Lt_to_Rt,Complete,Normal,Normal,no
3791,yes,Equal,Severe,Normal,Normal,no,no,<5,5-12,<7.5,Normal,TGA,no,0-3_days,no,None,Transp.,Normal,Normal,yes
3792,no,Unequal,Mild,High,Asy/Patch,yes,no,<5,5-12,>=7.5,Asy/Patchy,PFC,yes,0-3_days,no,Rt_to_Lt,None,Abnormal,Low,no
3793,no,Equal,Moderate,Normal,Plethoric,no,no,5-12,<5,<7.5,Plethoric,TGA,no,4-10_days,no,Lt_to_Rt,Complete,Normal,High,no
3794,no,Equal,Mild,High,Asy/Patch,yes,no,12+,5-12,>=7.5,Asy/Patchy,Lung,yes,0-3_days,no,None,None,Abnormal,Normal,yes
3795,no,Unequal,Severe,Normal,Plethoric,yes,no,<5,12+,<7.5,Plethoric,TGA,yes,11-30_days,no,Rt_to_Lt,Transp.,Normal,High,yes
3796,no,Equal,Moderate,Normal,Oligaemic,no,no,5-12,5-12,<7.5,Oligaemic,Fallot,no,11-30_days,no,Lt_to_Rt,Complete,Normal,Low,no
3797,no,Equal,Moderate,Normal,Oligaemic,no,yes,5-12,5-12,<7.5,Oligaemic,PAIVS,no,0-3_days,yes,Lt_to_Rt,Complete,Normal,Low,yes
3798,no,Equal,Moderate,Normal,Oligaemic,no,no,5-12,<5,<7.5,Oligaemic,Fallot,yes,11-30_days,no,Lt_to_Rt,Complete,Normal,Low,no
3799,no,Equal,Severe,Normal,Plethoric,no,no,<5,12+,<7.5,Asy/Patchy,TGA,no,0-3_days,no,None,Transp.,Normal,High,no
3800,yes,Unequal,Moderate,Normal,Asy/Patch,yes,no,5-12,<5,<7.5,Asy/Patchy,Fallot,yes,11-30_days,no,None,Complete,Abnormal,Low,no
3801,no,Equal,Moderate,Normal,Oligaemic,no,no,5-12,<5,<7.5,Oligaemic,Fallot,no,4-10_days,no,Lt_to_Rt,Complete,Normal,Low,no
3802,no,Equal,Severe,Normal,Plethoric,no,no,<5,<5,<7.5,Plethoric,TGA,no,0-3_days,no,None,Transp.,Normal,High,no
3803,no,Equal,Severe,Normal,Plethoric,no,yes,12+,<5,<7.5,Plethoric,TGA,yes,0-3_days,yes,Lt_to_Rt,Transp.,Normal,High,yes
3804,no,Equal,Moderate,High,Asy/Patch,yes,no,5-12,5-12,>=7.5,Asy/Patchy,TAPVD,yes,4-10_days,no,Lt_to_Rt,Complete,Congested,Normal,yes
3805,yes,Equal,Severe,Normal,Plethoric,no,no,<5,<5,>=7.5,Plethoric,TGA,no,0-3_days,no,None,Transp.,Normal,High,yes
3806,no,Equal,Severe,Normal,Plethoric,no,no,5-12,5-12,<7.5,Normal,TGA,no,0-3_days,no,None,Transp.,Normal,High,no
3807,no,Equal,Moderate,Normal,Normal,no,yes,5-12,<5,<7.5,Normal,TGA,no,0-3_days,yes,None,Transp.,Normal,High,no
3808,no,Unequal,Moderate,Normal,Normal,no,no,5-12,5-12,<7.5,Normal,Fallot,no,0-3_days,no,Lt_to_Rt,Mild,Normal,High,yes
3809,no,Unequal,Mild,High,Normal,no,no,5-12,12+,>=7.5,Normal,PFC,no,0-3_days,no,Rt_to_Lt,None,Normal,Normal,no
3810,no,Equal,Severe,Normal,Normal,no,yes,<5,<5,<7.5,Oligaemic,TGA,no,0-3_days,no,None,Transp.,Normal,High,yes
3811,no,Equal,Moderate,Low,Oligaemic,no,yes,5-12,5-12,<7.5,Oligaemic,PAIVS,no,0-3_days,yes,Lt_to_Rt,Complete,Normal,Low,no
3812,no,Unequal,Moderate,Normal,Asy/Patch,yes,no,5-12,<5,<7.5,Asy/Patchy,PFC,no,11-30_days,no,Rt_to_Lt,Mild,Abnormal,Low,yes
3813,no,Equal,Severe,Normal,Normal,no,no,5-12,<5,<7.5,Normal,TGA,no,0-3_days,no,None,Transp.,Normal,Normal,no
3814,no,Equal,Severe,Normal,Asy/Patch,yes,no,<5,<5,<7.5,Asy/Patchy,Fallot,yes,11-30_days,no,None,Complete,Abnormal,Low,no
3815,no,Equal,Severe,Normal,Plethoric,no,no,<5,<5,<7.5,Plethoric,TGA,no,0-3_days,no,None,Transp.,Normal,High,no
3816,no,Equal,Severe,Normal,Normal,no,no,5-12,<5,<7.5,Plethoric,TGA,no,0-3_days,no,None,Transp.,Normal,Normal,no
3817,no,Equal,Moderate,Normal,Grd_Glass,no,no,<5,5-12,<7.5,Grd_Glass,PFC,yes,0-3_days,no,Rt_to_Lt,Complete,Normal,Normal,yes
3818,no,Equal,Moderate,Normal,Oligaemic,no,yes,<5,5-12,<7.5,Oligaemic,PAIVS,no,0-3_days,yes,Lt_to_Rt,Complete,Normal,Low,no
3819,no,Unequal,Moderate,Normal,Asy/Patch,yes,no,<5,5-12,<7.5,Oligaemic,Fallot,no,0-3_days,no,Lt_to_Rt,Complete,Abnormal,Normal,no
3820,no,Equal,Moderate,Normal,Plethoric,no,yes,<5,5-12,>=7.5,Normal,TGA,no,0-3_days,no,Lt_to_Rt,Complete,Normal,High,no
3821,no,Equal,Severe,Normal,Plethoric,no,no,<5,12+,<7.5,Plethoric,TGA,no,0-3_days,no,None,Transp.,Normal,High,no
3822,no,Equal,Severe,Normal,Plethoric,no,no,5-12,<5,<7.5,Plethoric,TGA,no,0-3_days,no,None,Transp.,Normal,High,no
3823,no,Equal,Severe,High,Asy/Patch,yes,yes,5-12,<5,>=7.5,Plethoric,PAIVS,yes,0-3_days,yes,Lt_to_Rt,Complete,Abnormal,Low,no
3824,no,Equal,Mild,High,Oligaemic,no,no,12+,12+,>=7.5,Oligaemic,Fallot,no,4-10_days,no,None,Complete,Normal,Low,no
3825,no,Equal,Mild,High,Plethoric,no,no,12+,12+,>=7.5,Plethoric,PAIVS,no,0-3_days,yes,Lt_to_Rt,Complete,Normal,High,no
3826,no,Equal,Moderate,Normal,Oligaemic,no,yes,<5,5-12,<7.5,Oligaemic,PAIVS,no,0-3_days,yes,Lt_to_Rt,Complete,Normal,Low,yes
3827,no,Equal,Severe,Normal,Asy/Patch,no,no,<5,<5,<7.5,Asy/Patchy,TGA,no,0-3_days,no,None,Transp.,Abnormal,Low,yes
3828,no,Equal,Moderate,Low,Oligaemic,no,no,<5,<5,<7.5,Oligaemic,PAIVS,no,0-3_days,no,Lt_to_Rt,Complete,Normal,Low,no
3829,no,Equal,Severe,Normal,Plethoric,no,no,12+,12+,<7.5,Plethoric,TGA,no,0-3_days,no,None,Transp.,Normal,High,yes
3830,no,Equal,Severe,High,Asy/Patch,yes,no,5-12,<5,>=7.5,Asy/Patchy,TGA,yes,4-10_days,no,None,Transp.,Abnormal,Normal,no
3831,no,Equal,Severe,Normal,Oligaemic,no,no,<5,<5,<7.5,Oligaemic,Fallot,no,0-3_days,no,Lt_to_Rt,Complete,Normal,Low,no
3832,no,Equal,Mild,High,Plethoric,no,no,12+,5-12,>=7.5,Plethoric,TGA,no,0-3_days,no,None,None,Normal,High,no
3833,no,Equal,Moderate,Normal,Normal,no,no,<5,5-12,<7.5,Normal,Fallot,no,0-3_days,no,Lt_to_Rt,Complete,Normal,Low,yes
3834,no,Equal,Moderate,Normal,Normal,yes,no,5-12,<5,<7.5,Normal,Fallot,yes,0-3_days,no,None,Complete,Normal,High,no
3835,no,Equal,Moderate,High,Asy/Patch,yes,no,5-12,5-12,>=7.5,Oligaemic,TGA,yes,11-30_days,no,None,Mild,Abnormal,Normal,yes
3836,no,Equal,Severe,Normal,Plethoric,no,no,<5,<5,<7.5,Plethoric,TGA,no,0-3_days,no,None,Transp.,Normal,High,no
3837,no,Equal,Moderate,Normal,Oligaemic,no,yes,5-12,5-12,<7.5,Oligaemic,Fallot,no,11-30_days,yes,Lt_to_Rt,Complete,Normal,Low,no
3838,yes,Equal,Mild,Normal,Plethoric,no,no,12+,12+,<7.5,Normal,TGA,no,11-30_days,no,Lt_to_Rt,Complete,Normal,High,no
3839,no,Equal,Severe,Normal,Normal,no,no,<5,5-12,<7.5,Normal,TAPVD,no,0-3_days,no,Lt_to_Rt,Complete,Congested,Low,yes
3840,no,Equal,Severe,Normal,Oligaemic,no,no,<5,<5,<7.5,Oligaemic,Fallot,yes,0-3_days,no,Lt_to_Rt,Complete,Normal,Low,no
3841,no,Equal,Moderate,Normal,Normal,no,yes,5-12,<5,<7.5,Normal,PAIVS,no,0-3_days,yes,Lt_to_Rt,Complete,Normal,Low,no
3842,no,Equal,Moderate,Normal,Plethoric,no,no,5-12,5-12,<7.5,Plethoric,TGA,no,0-3_days,no,None,Complete,Normal,High,no
3843,no,Equal,Moderate,Normal,Normal,yes,no,5-12,<5,<7.5,Normal,TGA,no,0-3_days,no,None,Transp.,Abnormal,High,yes
3844,no,Equal,Moderate,Normal,Oligaemic,no,yes,12+,5-12,<7.5,Oligaemic,PAIVS,yes,4-10_days,yes,Lt_to_Rt,Complete,Normal,Low,no
3845,no,Equal,Moderate,Normal,Normal,no,no,5-12,<5,>=7.5,Normal,TGA,no,0-3_days,no,None,Complete,Normal,Normal,no
3846,no,Equal,Moderate,Low,Oligaemic,no,yes,5-12,5-12,<7.5,Oligaemic,PAIVS,no,4-10_days,yes,Lt_to_Rt,Complete,Normal,Low,no
3847,yes,Equal,Moderate,Normal,Asy/Patch,no,no,5-12,<5,<7.5,Asy/Patchy,TAPVD,yes,4-10_days,no,Rt_to_Lt,Complete,Congested,High,no
3848,no,Equal,Moderate,Normal,Asy/Patch,no,no,5-12,5-12,<7.5,Grd_Glass,TGA,no,0-3_days,no,None,Complete,Normal,Normal,no
3849,no,Equal,Severe,High,Oligaemic,yes,no,<5,<5,<7.5,Oligaemic,TGA,no,0-3_days,no,None,Complete,Abnormal,High,yes
3850,no,Equal,Severe,Normal,Oligaemic,no,no,5-12,5-12,>=7.5,Oligaemic,Fallot,no,0-3_days,no,Lt_to_Rt,Complete,Normal,Low,no
3851,no,Equal,Moderate,Normal,Asy/Patch,no,no,<5,5-12,<7.5,Asy/Patchy,TAPVD,no,4-10_days,no,Lt_to_Rt,Complete,Congested,High,no
3852,yes,Equal,Moderate,Normal,Plethoric,no,no,12+,5-12,<7.5,Plethoric,TGA,no,0-3_days,no,None,Complete,Normal,High,no
3853,no,Equal,Moderate,High,Normal,no,no,<5,<5,>=7.5,Normal,Fallot,no,11-30_days,no,Lt_to_Rt,Complete,Normal,Low,no
3854,no,Equal,Severe,Normal,Plethoric,no,no,5-12,<5,<7.5,Grd_Glass,TGA,no,0-3_days,no,None,Transp.,Normal,High,yes
3855,no,Equal,Moderate,Low,Asy/Patch,yes,no,<5,5-12,>=7.5,Asy/Patchy,Fallot,yes,4-10_days,no,Lt_to_Rt,Complete,Abnormal,Normal,no
3856,no,Equal,Severe,Normal,Asy/Patch,yes,no,<5,5-12,<7.5,Asy/Patchy,TGA,no,0-3_days,no,None,Transp.,Abnormal,Normal,no
3857,no,Equal,Moderate,Normal,Oligaemic,no,yes,5-12,<5,<7.5,Oligaemic,PAIVS,no,0-3_days,yes,Lt_to_Rt,Complete,Normal,Low,no
3858,no,Equal,Severe,Normal,Normal,no,no,12+,5-12,<7.5,Normal,TGA,yes,0-3_days,no,Lt_to_Rt,Transp.,Normal,Normal,no
3859,no,Equal,Severe,Normal,Oligaemic,no,no,<5,<5,>=7.5,Oligaemic,TGA,no,0-3_days,no,None,Transp.,Normal,Low,no
3860,yes,Unequal,Severe,Normal,Plethoric,no,no,12+,5-12,<7.5,Plethoric,TGA,no,0-3_days,no,Rt_to_Lt,Transp.,Normal,High,no
3861,no,Equal,Moderate,Normal,Oligaemic,no,yes,<5,5-12,<7.5,Oligaemic,Fallot,no,0-3_days,no,Lt_to_Rt,Complete,Normal,Low,yes
3862,yes,Equal,Moderate,Normal,Oligaemic,no,yes,5-12,5-12,<7.5,Oligaemic,PAIVS,no,0-3_days,yes,Lt_to_Rt,Complete,Normal,Low,no
3863,no,Equal,Moderate,Normal,Oligaemic,no,no,5-12,<5,<7.5,Oligaemic,Fallot,no,0-3_days,no,None,Complete,Normal,Low,yes
3864,no,Equal,Severe,Normal,Plethoric,no,no,<5,<5,<7.5,Plethoric,TGA,no,4-10_days,no,Lt_to_Rt,Transp.,Normal,High,no
3865,yes,Equal,Severe,Low,Normal,no,no,<5,5-12,<7.5,Normal,PAIVS,no,0-3_days,no,Lt_to_Rt,Complete,Congested,Low,yes
3866,no,Equal,Moderate,High,Plethoric,no,no,5-12,<5,>=7.5,Normal,TGA,yes,0-3_days,no,None,Transp.,Normal,High,no
3867,no,Equal,Moderate,High,Grd_Glass,no,no,12+,<5,>=7.5,Asy/Patchy,PAIVS,no,0-3_days,no,Lt_to_Rt,Complete,Congested,Low,no
3868,no,Equal,Severe,Normal,Oligaemic,no,yes,12+,5-12,<7.5,Oligaemic,PAIVS,no,0-3_days,yes,Lt_to_Rt,Complete,Normal,Low,no
3869,no,Equal,Severe,Normal,Plethoric,no,no,<5,<5,<7.5,Plethoric,TGA,no,0-3_days,no,None,Transp.,Normal,High,no
3870,no,Equal,Severe,High,Asy/Patch,yes,no,<5,5-12,>=7.5,Normal,PAIVS,yes,0-3_days,yes,Lt_to_Rt,Complete,Abnormal,Low,no
3871,no,Equal,Mild,Low,Oligaemic,no,no,12+,12+,<7.5,Oligaemic,Fallot,no,0-3_days,no,Lt_to_Rt,Complete,Normal,Low,yes
3872,no,Equal,Severe,Normal,Grd_Glass,no,no,<5,5-12,<7.5,Grd_Glass,TGA,no,11-30_days,no,None,Transp.,Abnormal,High,no
3873,no,Equal,Mild,Normal,Grd_Glass,no,no,12+,<5,>=7.5,Grd_Glass,Lung,no,4-10_days,no,Lt_to_Rt,Mild,Abnormal,Normal,no
3874,yes,Equal,Severe,High,Asy/Patch,yes,yes,<5,<5,>=7.5,Asy/Patchy,PAIVS,yes,4-10_days,yes,Lt_to_Rt,Complete,Abnormal,Low,no
3875,no,Equal,Moderate,Normal,Asy/Patch,no,no,5-12,5-12,<7.5,Asy/Patchy,Fallot,no,4-10_days,no,Lt_to_Rt,Complete,Normal,Low,no
3876,no,Equal,Moderate,Normal,Normal,no,yes,5-12,5-12,<7.5,Normal,PAIVS,no,4-10_days,yes,Lt_to_Rt,Complete,Normal,Normal,no
3877,no,Equal,Moderate,Low,Plethoric,no,yes,<5,<5,<7.5,Plethoric,PAIVS,yes,0-3_days,yes,Lt_to_Rt,Complete,Normal,High,yes
3878,yes,Equal,Moderate,Normal,Plethoric,no,no,5-12,5-12,<7.5,Plethoric,Fallot,no,11-30_days,no,Lt_to_Rt,Complete,Normal,High,no
3879,no,Unequal,Moderate,High,Asy/Patch,yes,no,12+,5-12,>=7.5,Asy/Patchy,Lung,yes,0-3_days,no,Rt_to_Lt,Mild,Abnormal,Normal,no
3880,no,Equal,Mild,Normal,Oligaemic,no,no,5-12,12+,<7.5,Oligaemic,Fallot,no,4-10_days,no,Lt_to_Rt,Complete,Normal,Low,no
3881,no,Equal,Mild,Normal,Normal,no,no,12+,5-12,<7.5,Normal,TGA,no,4-10_days,no,None,Mild,Normal,Normal,no
3882,no,Equal,Moderate,Normal,Oligaemic,no,yes,<5,<5,<7.5,Oligaemic,PAIVS,no,0-3_days,yes,Lt_to_Rt,Complete,Normal,Low,no
3883,no,Equal,Mild,High,Plethoric,no,yes,12+,5-12,>=7.5,Plethoric,TGA,no,0-3_days,yes,None,Complete,Normal,High,no
3884,no,Equal,Moderate,Normal,Plethoric,no,no,<5,5-12,<7.5,Normal,TGA,no,4-10_days,no,None,Transp.,Normal,High,no
3885,no,Equal,Severe,Normal,Plethoric,no,no,<5,12+,<7.5,Plethoric,TGA,no,11-30_days,no,Lt_to_Rt,Transp.,Normal,High,no
3886,no,Equal,Severe,Normal,Normal,no,no,5-12,12+,<7.5,Normal,Fallot,no,0-3_days,no,Lt_to_Rt,Mild,Normal,Normal,yes
3887,no,Equal,Severe,Normal,Normal,yes,no,<5,<5,<7.5,Normal,TGA,yes,4-10_days,no,None,Transp.,Normal,High,no
3888,no,Equal,Moderate,Normal,Asy/Patch,yes,no,5-12,5-12,<7.5,Asy/Patchy,Fallot,yes,0-3_days,no,None,Complete,Abnormal,Low,yes
3889,no,Equal,Severe,Normal,Plethoric,no,no,<5,5-12,<7.5,Asy/Patchy,Fallot,no,0-3_days,no,Lt_to_Rt,Complete,Normal,Low,no
3890,no,Equal,Mild,Normal,Normal,no,no,12+,12+,<7.5,Normal,TGA,no,4-10_days,no,None,Complete,Normal,Normal,no
3891,no,Equal,Mild,High,Oligaemic,no,no,<5,12+,>=7.5,Oligaemic,TGA,no,4-10_days,no,None,Transp.,Congested,High,no
3892,no,Equal,Severe,Normal,Plethoric,no,no,<5,<5,<7.5,Plethoric,TGA,no,11-30_days,no,None,Transp.,Normal,High,yes
3893,no,Equal,Severe,Normal,Oligaemic,no,no,<5,5-12,<7.5,Grd_Glass,Fallot,no,11-30_days,no,None,Transp.,Normal,Low,no
3894,no,Equal,Moderate,Normal,Plethoric,yes,no,5-12,<5,<7.5,Plethoric,PAIVS,no,0-3_days,no,Lt_to_Rt,Complete,Normal,Low,yes
3895,no,Equal,Moderate,Normal,Oligaemic,no,no,5-12,5-12,<7.5,Oligaemic,Fallot,yes,11-30_days,no,Lt_to_Rt,Complete,Normal,Low,no
3896,no,Equal,Moderate,High,Oligaemic,no,no,5-12,5-12,>=7.5,Oligaemic,PFC,no,0-3_days,no,None,Mild,Normal,Low,no
3897,no,Equal,Moderate,Normal,Normal,no,yes,<5,<5,<7.5,Normal,TGA,no,0-3_days,yes,None,Transp.,Normal,High,no
3898,no,Equal,Mild,Normal,Oligaemic,no,no,12+,12+,<7.5,Asy/Patchy,Fallot,no,0-3_days,no,Lt_to_Rt,Complete,Normal,Low,no
3899,no,Equal,Severe,Normal,Asy/Patch,yes,yes,<5,12+,<7.5,Asy/Patchy,PAIVS,yes,0-3_days,yes,Lt_to_Rt,Complete,Abnormal,Low,no
3900,no,Equal,Severe,Normal,Normal,no,yes,5-12,<5,<7.5,Normal,PAIVS,no,0-3_days,yes,Lt_to_Rt,Complete,Normal,Normal,no
3901,no,Equal,Severe,High,Normal,no,yes,5-12,5-12,>=7.5,Normal,PAIVS,no,0-3_days,yes,Lt_to_Rt,Complete,Normal,Low,no
3902,no,Equal,Moderate,High,Grd_Glass,no,yes,5-12,5-12,>=7.5,Grd_Glass,PAIVS,no,0-3_days,yes,Lt_to_Rt,Complete,Congested,Low,no
3903,no,Unequal,Severe,Normal,Asy/Patch,no,no,5-12,5-12,<7.5,Asy/Patchy,TAPVD,no,0-3_days,no,Lt_to_Rt,Complete,Abnormal,Normal,yes
3904,yes,Equal,Severe,Normal,Grd_Glass,no,no,12+,12+,<7.5,Grd_Glass,TGA,no,0-3_days,no,None,Transp.,Normal,High,yes
3905,no,Equal,Severe,Normal,Normal,no,no,<5,5-12,<7.5,Asy/Patchy,TGA,no,0-3_days,no,None,Transp.,Normal,Normal,no
3906,no,Equal,Severe,Normal,Oligaemic,no,yes,5-12,<5,<7.5,Oligaemic,PAIVS,no,11-30_days,yes,Lt_to_Rt,Complete,Normal,Low,no
3907,no,Equal,Severe,Normal,Oligaemic,yes,no,<5,<5,<7.5,Oligaemic,TAPVD,yes,0-3_days,no,None,Complete,Abnormal,High,yes
3908,no,Equal,Mild,Normal,Normal,no,no,12+,<5,>=7.5,Normal,Fallot,no,0-3_days,no,Lt_to_Rt,Mild,Normal,Normal,no
3909,no,Equal,Moderate,Normal,Oligaemic,no,no,<5,12+,<7.5,Oligaemic,PFC,no,0-3_days,no,Rt_to_Lt,Complete,Normal,Low,no
3910,no,Equal,Moderate,Normal,Plethoric,no,yes,<5,5-12,<7.5,Plethoric,PAIVS,yes,0-3_days,yes,Lt_to_Rt,Complete,Normal,Low,no
3911,no,Equal,Severe,Normal,Grd_Glass,no,no,<5,5-12,<7.5,Asy/Patchy,TGA,no,4-10_days,no,None,Transp.,Congested,High,no
3912,no,Equal,Severe,Normal,Asy/Patch,yes,no,5-12,5-12,>=7.5,Asy/Patchy,Fallot,yes,4-10_days,no,Lt_to_Rt,Complete,Abnormal,Low,no
3913,no,Equal,Severe,Normal,Plethoric,no,no,12+,<5,<7.5,Plethoric,TGA,no,0-3_days,no,None,Transp.,Normal,High,yes
3914,no,Equal,Severe,Low,Normal,no,no,12+,5-12,<7.5,Plethoric,TGA,no,11-30_days,no,Lt_to_Rt,Transp.,Normal,High,no
3915,no,Equal,Severe,High,Asy/Patch,yes,no,<5,<5,>=7.5,Asy/Patchy,TAPVD,yes,4-10_days,no,None,Complete,Abnormal,Low,yes
3916,no,Equal,Severe,Normal,Asy/Patch,no,no,5-12,<5,<7.5,Asy/Patchy,TGA,no,0-3_days,no,None,Transp.,Normal,High,no
3917,no,Equal,Severe,High,Plethoric,yes,no,<5,5-12,>=7.5,Plethoric,TAPVD,no,0-3_days,no,None,Complete,Abnormal,High,yes
3918,yes,Equal,Severe,High,Grd_Glass,no,no,<5,5-12,>=7.5,Grd_Glass,TGA,no,4-10_days,no,None,Transp.,Congested,High,no
3919,yes,Equal,Moderate,Low,Oligaemic,no,no,5-12,5-12,<7.5,Oligaemic,Fallot,no,4-10_days,no,Lt_to_Rt,Complete,Normal,Low,no
3920,no,Equal,Severe,High,Oligaemic,no,yes,<5,5-12,>=7.5,Oligaemic,PAIVS,no,4-10_days,yes,Lt_to_Rt,Complete,Normal,Low,no
3921,no,Equal,Mild,High,Oligaemic,yes,yes,5-12,<5,<7.5,Oligaemic,PAIVS,no,4-10_days,yes,Lt_to_Rt,None,Congested,Low,no
3922,no,Equal,Moderate,High,Grd_Glass,no,no,<5,12+,>=7.5,Grd_Glass,TAPVD,no,0-3_days,no,Lt_to_Rt,Complete,Congested,Normal,yes
3923,no,Equal,Severe,Normal,Normal,no,no,<5,<5,<7.5,Normal,TGA,no,0-3_days,no,None,Transp.,Normal,Normal,no
3924,no,Equal,Moderate,Normal,Oligaemic,no,no,5-12,5-12,<7.5,Oligaemic,Fallot,no,0-3_days,no,Lt_to_Rt,Mild,Normal,Low,no
3925,no,Equal,Moderate,Normal,Oligaemic,no,yes,5-12,5-12,<7.5,Oligaemic,PAIVS,yes,0-3_days,yes,Lt_to_Rt,Complete,Normal,Low,no
3926,no,Equal,Severe,High,Oligaemic,yes,yes,<5,<5,>=7.5,Oligaemic,PAIVS,yes,0-3_days,yes,Lt_to_Rt,Complete,Abnormal,Normal,yes
3927,no,Equal,Moderate,Normal,Oligaemic,no,no,12+,<5,<7.5,Oligaemic,Fallot,no,11-30_days,no,Lt_to_Rt,Complete,Normal,Low,no
3928,yes,Equal,Severe,Normal,Plethoric,no,no,12+,<5,<7.5,Plethoric,TGA,no,0-3_days,no,None,Transp.,Normal,High,yes
3929,yes,Equal,Severe,Normal,Normal,no,no,<5,5-12,<7.5,Grd_Glass,Fallot,no,11-30_days,no,Lt_to_Rt,Complete,Normal,Low,no
3930,no,Equal,Moderate,Normal,Normal,no,no,5-12,5-12,<7.5,Normal,Fallot,no,11-30_days,no,Lt_to_Rt,Complete,Normal,Low,no
3931,no,Unequal,Moderate,High,Asy/Patch,no,no,<5,5-12,>=7.5,Asy/Patchy,Lung,no,0-3_days,no,Rt_to_Lt,Mild,Abnormal,Normal,no
3932,no,Equal,Severe,Low,Oligaemic,yes,yes,<5,5-12,<7.5,Oligaemic,TGA,yes,0-3_days,yes,Rt_to_Lt,Transp.,Abnormal,High,no
3933,no,Equal,Moderate,Normal,Normal,yes,yes,5-12,5-12,<7.5,Normal,PAIVS,yes,0-3_days,yes,Lt_to_Rt,Complete,Normal,Low,yes
3934,no,Equal,Moderate,High,Normal,no,no,5-12,5-12,>=7.5,Normal,TGA,no,0-3_days,no,None,Transp.,Normal,Normal,yes
3935,no,Equal,Moderate,Normal,Asy/Patch,no,no,12+,5-12,<7.5,Asy/Patchy,Fallot,no,0-3_days,no,None,Complete,Congested,Low,no
3936,no,Equal,Severe,Low,Oligaemic,no,no,<5,<5,<7.5,Asy/Patchy,Fallot,no,11-30_days,no,None,Complete,Normal,Low,no
3937,no,Equal,Severe,Normal,Oligaemic,no,no,<5,5-12,<7.5,Oligaemic,TGA,no,0-3_days,no,Lt_to_Rt,Transp.,Normal,Low,no
3938,no,Equal,Severe,Low,Normal,no,no,<5,5-12,<7.5,Normal,TGA,no,0-3_days,no,Rt_to_Lt,Transp.,Normal,Normal,no
3939,no,Equal,Moderate,High,Grd_Glass,yes,yes,12+,5-12,<7.5,Asy/Patchy,PAIVS,yes,0-3_days,yes,Lt_to_Rt,Complete,Congested,Low,no
3940,no,Equal,Severe,High,Asy/Patch,yes,no,<5,<5,>=7.5,Asy/Patchy,Fallot,yes,11-30_days,no,Lt_to_Rt,Complete,Abnormal,Low,no
3941,no,Equal,Moderate,High,Asy/Patch,yes,yes,<5,5-12,>=7.5,Asy/Patchy,PAIVS,no,0-3_days,yes,Lt_to_Rt,Complete,Abnormal,Low,no
3942,no,Equal,Severe,Normal,Plethoric,no,no,5-12,5-12,>=7.5,Plethoric,TGA,yes,0-3_days,no,None,Transp.,Normal,High,yes
3943,no,Equal,Severe,Normal,Normal,no,no,5-12,12+,<7.5,Normal,Fallot,no,11-30_days,no,None,Transp.,Normal,Normal,no
3944,yes,Equal,Severe,High,Grd_Glass,yes,no,12+,<5,>=7.5,Normal,TGA,yes,4-10_days,no,None,Complete,Abnormal,High,no
3945,no,Equal,Moderate,Normal,Normal,yes,no,5-12,<5,<7.5,Normal,Fallot,yes,11-30_days,no,None,Mild,Normal,Normal,no
3946,no,Equal,Moderate,Normal,Normal,yes,no,5-12,<5,>=7.5,Plethoric,TGA,yes,0-3_days,no,Lt_to_Rt,Complete,Normal,Normal,yes
3947,no,Equal,Mild,Low,Oligaemic,no,no,12+,12+,<7.5,Oligaemic,Fallot,no,4-10_days,no,Lt_to_Rt,Complete,Normal,Low,no
3948,no,Equal,Moderate,High,Oligaemic,yes,no,5-12,<5,>=7.5,Oligaemic,PAIVS,yes,0-3_days,no,Lt_to_Rt,Complete,Abnormal,Low,no
3949,no,Unequal,Severe,High,Plethoric,no,no,<5,<5,>=7.5,Plethoric,TGA,no,0-3_days,no,Rt_to_Lt,Transp.,Normal,High,no
3950,no,Equal,Severe,Normal,Oligaemic,no,yes,<5,5-12,<7.5,Asy/Patchy,Fallot,no,11-30_days,yes,Lt_to_Rt,Complete,Normal,Low,no
3951,no,Equal,Severe,Normal,Plethoric,no,no,<5,5-12,<7.5,Plethoric,TGA,no,0-3_days,no,Lt_to_Rt,Transp.,Normal,High,no
3952,no,Unequal,Moderate,Low,Normal,no,no,5-12,5-12,<7.5,Normal,Lung,no,0-3_days,no,Rt_to_Lt,Mild,Normal,Low,yes
3953,no,Equal,Moderate,High,Oligaemic,yes,yes,5-12,5-12,>=7.5,Oligaemic,PAIVS,yes,0-3_days,yes,Lt_to_Rt,Complete,Normal,Low,yes
3954,no,Equal,Moderate,Low,Oligaemic,no,no,5-12,<5,<7.5,Oligaemic,Fallot,yes,4-10_days,no,Lt_to_Rt,Complete,Normal,Low,no
3955,no,Equal,Moderate,Normal,Oligaemic,no,no,<5,12+,<7.5,Oligaemic,Fallot,no,0-3_days,no,Lt_to_Rt,Complete,Normal,Low,yes
3956,no,Equal,Severe,Normal,Normal,yes,no,<5,5-12,<7.5,Normal,TGA,yes,0-3_days,no,None,Transp.,Normal,Normal,yes
3957,no,Equal,Severe,High,Grd_Glass,no,yes,12+,12+,>=7.5,Normal,TGA,no,0-3_days,yes,None,Transp.,Abnormal,High,yes
3958,no,Equal,Severe,High,Plethoric,no,no,<5,<5,>=7.5,Plethoric,Fallot,no,4-10_days,no,Lt_to_Rt,Complete,Normal,Low,no
3959,no,Unequal,Severe,Normal,Plethoric,no,no,<5,<5,<7.5,Plethoric,TGA,no,0-3_days,no,None,Transp.,Normal,High,yes
3960,no,Equal,Mild,Normal,Normal,no,no,12+,12+,<7.5,Normal,Fallot,no,11-30_days,no,Lt_to_Rt,Mild,Normal,Low,yes
3961,no,Unequal,Severe,Normal,Normal,yes,no,5-12,5-12,<7.5,Normal,TGA,yes,0-3_days,no,None,Transp.,Normal,Low,no
3962,no,Equal,Severe,High,Plethoric,yes,no,<5,5-12,>=7.5,Plethoric,TGA,yes,4-10_days,no,None,Transp.,Normal,High,yes
3963,no,Equal,Severe,High,Oligaemic,yes,no,<5,5-12,>=7.5,Oligaemic,TGA,yes,4-10_days,no,Rt_to_Lt,Transp.,Normal,Low,no
3964,yes,Equal,Severe,High,Asy/Patch,no,no,5-12,<5,>=7.5,Oligaemic,Lung,no,0-3_days,no,Rt_to_Lt,Complete,Abnormal,Normal,yes
3965,no,Equal,Severe,Normal,Normal,no,yes,5-12,5-12,<7.5,Grd_Glass,PAIVS,yes,0-3_days,yes,Lt_to_Rt,Complete,Normal,Low,no
3966,yes,Equal,Severe,Normal,Normal,no,no,5-12,<5,<7.5,Normal,TGA,no,0-3_days,no,None,Transp.,Normal,Normal,yes
3967,no,Equal,Mild,High,Asy/Patch,yes,yes,5-12,5-12,>=7.5,Asy/Patchy,Lung,yes,0-3_days,yes,Lt_to_Rt,None,Abnormal,Normal,yes
3968,no,Unequal,Severe,High,Plethoric,no,no,5-12,5-12,>=7.5,Plethoric,TGA,no,0-3_days,no,Rt_to_Lt,Transp.,Normal,High,no
3969,yes,Equal,Severe,Low,Oligaemic,no,no,<5,<5,<7.5,Oligaemic,Fallot,no,11-30_days,no,Lt_to_Rt,Complete,Normal,Low,no
3970,yes,Equal,Moderate,Normal,Plethoric,no,no,5-12,12+,<7.5,Plethoric,TAPVD,no,4-10_days,no,Rt_to_Lt,Complete,Congested,High,no
3971,no,Equal,Mild,Normal,Asy/Patch,yes,no,12+,12+,<7.5,Plethoric,Lung,no,0-3_days,no,None,None,Abnormal,Normal,yes
3972,no,Equal,Severe,High,Plethoric,yes,no,5-12,5-12,>=7.5,Plethoric,TGA,yes,0-3_days,no,Rt_to_Lt,Transp.,Abnormal,High,yes
3973,yes,Equal,Mild,High,Asy/Patch,no,no,12+,5-12,>=7.5,Asy/Patchy,Fallot,no,11-30_days,no,Lt_to_Rt,None,Abnormal,Low,no
3974,no,Equal,Moderate,High,Asy/Patch,yes,yes,5-12,5-12,<7.5,Asy/Patchy,Fallot,yes,11-30_days,no,Lt_to_Rt,Mild,Abnormal,Low,no
3975,no,Equal,Moderate,High,Grd_Glass,no,no,5-12,<5,<7.5,Grd_Glass,Fallot,no,0-3_days,no,Lt_to_Rt,Complete,Congested,Low,no
3976,no,Equal,Severe,Normal,Plethoric,no,yes,5-12,<5,<7.5,Plethoric,TGA,no,4-10_days,yes,None,Transp.,Normal,High,no
3977,no,Equal,Moderate,Normal,Plethoric,no,yes,5-12,<5,<7.5,Plethoric,TGA,no,0-3_days,yes,None,Mild,Normal,High,yes
3978,no,Equal,Severe,Normal,Asy/Patch,no,no,<5,<5,<7.5,Asy/Patchy,TGA,no,4-10_days,no,None,Transp.,Abnormal,Normal,no
3979,no,Equal,Moderate,Normal,Oligaemic,yes,yes,5-12,<5,<7.5,Oligaemic,PAIVS,yes,4-10_days,yes,Lt_to_Rt,Complete,Normal,Low,yes
3980,no,Unequal,Mild,Normal,Normal,no,no,5-12,5-12,<7.5,Normal,TGA,no,0-3_days,no,None,Mild,Normal,Normal,no
3981,no,Equal,Moderate,Normal,Plethoric,no,no,5-12,12+,<7.5,Plethoric,TAPVD,yes,4-10_days,no,Rt_to_Lt,Complete,Congested,Normal,yes
3982,no,Unequal,Mild,Normal,Plethoric,no,yes,5-12,<5,>=7.5,Plethoric,PAIVS,yes,0-3_days,yes,Lt_to_Rt,Complete,Normal,Low,no
3983,no,Equal,Severe,Normal,Asy/Patch,yes,no,<5,12+,<7.5,Plethoric,Fallot,no,0-3_days,no,Lt_to_Rt,Complete,Abnormal,Low,yes
3984,no,Equal,Severe,Normal,Plethoric,no,no,<5,<5,<7.5,Normal,TGA,no,4-10_days,no,None,Transp.,Normal,High,yes
3985,no,Equal,Mild,Low,Oligaemic,no,yes,12+,5-12,<7.5,Oligaemic,PAIVS,no,0-3_days,yes,Lt_to_Rt,Complete,Normal,Low,no
3986,no,Equal,Moderate,Low,Normal,no,no,<5,5-12,<7.5,Normal,TGA,no,0-3_days,no,Lt_to_Rt,Transp.,Normal,Normal,no
3987,no,Unequal,Mild,High,Oligaemic,yes,no,<5,12+,>=7.5,Oligaemic,Lung,yes,0-3_days,no,Rt_to_Lt,None,Abnormal,Normal,yes
3988,no,Equal,Moderate,Normal,Normal,no,no,<5,5-12,<7.5,Asy/Patchy,TAPVD,no,0-3_days,no,Lt_to_Rt,Complete,Congested,Normal,yes
3989,yes,Equal,Moderate,Normal,Normal,no,yes,5-12,5-12,<7.5,Normal,PAIVS,no,0-3_days,yes,Lt_to_Rt,Mild,Normal,Normal,no
3990,no,Equal,Mild,Normal,Oligaemic,no,no,12+,5-12,<7.5,Normal,Fallot,no,4-10_days,no,None,Mild,Normal,Low,no
3991,no,Equal,Moderate,Normal,Asy/Patch,no,yes,5-12,<5,<7.5,Asy/Patchy,PAIVS,yes,4-10_days,yes,Lt_to_Rt,Complete,Normal,Low,no
3992,no,Equal,Severe,Normal,Oligaemic,no,no,5-12,5-12,<7.5,Oligaemic,TGA,no,4-10_days,no,None,Transp.,Normal,Low,no
3993,no,Equal,Moderate,Normal,Grd_Glass,yes,no,5-12,<5,<7.5,Grd_Glass,TGA,yes,4-10_days,no,Lt_to_Rt,Transp.,Normal,High,yes
3994,no,Unequal,Moderate,High,Oligaemic,no,yes,<5,<5,>=7.5,Oligaemic,Fallot,no,4-10_days,no,Lt_to_Rt,Complete,Normal,Low,no
3995,no,Equal,Moderate,Normal,Normal,no,yes,5-12,5-12,<7.5,Normal,TGA,no,0-3_days,no,None,Transp.,Normal,Normal,no
3996,yes,Equal,Moderate,Normal,Oligaemic,no,no,12+,<5,<7.5,Oligaemic,Fallot,no,11-30_days,no,None,Complete,Normal,Normal,no
3997,no,Equal,Moderate,Normal,Normal,no,no,5-12,5-12,<7.5,Normal,TGA,no,4-10_days,no,None,Transp.,Normal,High,no
3998,no,Equal,Moderate,Normal,Oligaemic,no,yes,<5,<5,<7.5,Oligaemic,PAIVS,no,0-3_days,yes,Lt_to_Rt,Complete,Normal,Low,no
3999,no,Equal,Severe,Normal,Normal,no,no,5-12,<5,<7.5,Normal,Fallot,no,4-10_days,no,None,Complete,Normal,Low,no
4000,no,Equal,Mild,High,Normal,no,no,12+,12+,>=7.5,Oligaemic,Fallot,no,0-3_days,no,Lt_to_Rt,Complete,Normal,High,no
4001,no,Unequal,Mild,High,Asy/Patch,no,no,5-12,12+,>=7.5,Asy/Patchy,Lung,yes,0-3_days,no,Rt_to_Lt,None,Abnormal,Normal,yes
4002,yes,Equal,Severe,Normal,Normal,no,no,5-12,<5,<7.5,Plethoric,Fallot,no,0-3_days,no,Lt_to_Rt,Complete,Normal,Normal,no
4003,no,Equal,Moderate,Normal,Normal,yes,no,5-12,5-12,<7.5,Normal,TAPVD,yes,0-3_days,no,None,Complete,Congested,High,yes
4004,no,Unequal,Mild,Normal,Asy/Patch,yes,no,<5,5-12,<7.5,Asy/Patchy,PFC,yes,0-3_days,no,Rt_to_Lt,None,Abnormal,Low,no
4005,yes,Equal,Mild,High,Normal,yes,no,12+,5-12,<7.5,Normal,Lung,yes,0-3_days,no,None,None,Abnormal,Normal,yes
4006,no,Unequal,Mild,Normal,Plethoric,yes,no,<5,12+,<7.5,Normal,Lung,yes,0-3_days,no,Rt_to_Lt,None,Abnormal,Normal,yes
4007,no,Equal,Moderate,High,Asy/Patch,yes,no,5-12,12+,<7.5,Asy/Patchy,TAPVD,no,0-3_days,no,Rt_to_Lt,Complete,Abnormal,Normal,yes
4008,no,Equal,Moderate,High,Oligaemic,no,no,5-12,<5,>=7.5,Oligaemic,Fallot,no,4-10_days,no,Lt_to_Rt,Complete,Normal,Low,no
4009,no,Equal,Severe,Normal,Normal,yes,no,5-12,5-12,<7.5,Normal,TGA,no,4-10_days,no,None,Transp.,Normal,Normal,no
4010,no,Equal,Moderate,Normal,Oligaemic,no,no,5-12,<5,<7.5,Oligaemic,Fallot,no,0-3_days,no,Lt_to_Rt,Mild,Normal,Low,no
4011,no,Equal,Moderate,Normal,Normal,no,no,<5,5-12,<7.5,Normal,TGA,no,0-3_days,no,None,Mild,Normal,High,no
4012,no,Equal,Severe,Low,Asy/Patch,yes,no,<5,5-12,<7.5,Asy/Patchy,PAIVS,no,0-3_days,yes,Lt_to_Rt,Transp.,Abnormal,Low,no
4013,yes,Equal,Severe,Normal,Asy/Patch,yes,no,5-12,12+,<7.5,Grd_Glass,PFC,no,11-30_days,no,None,Complete,Abnormal,Low,no
4014,no,Equal,Severe,Normal,Normal,no,no,5-12,<5,>=7.5,Asy/Patchy,TGA,no,0-3_days,no,None,Transp.,Normal,High,no
4015,no,Equal,Mild,Normal,Oligaemic,no,no,12+,12+,<7.5,Oligaemic,PAIVS,no,0-3_days,no,Lt_to_Rt,Complete,Normal,Low,no
4016,no,Unequal,Severe,Normal,Asy/Patch,no,no,<5,<5,<7.5,Asy/Patchy,TGA,no,0-3_days,no,Rt_to_Lt,Transp.,Normal,High,no
4017,no,Equal,Moderate,High,Asy/Patch,yes,yes,<5,<5,>=7.5,Asy/Patchy,PAIVS,yes,0-3_days,yes,Lt_to_Rt,Complete,Abnormal,Low,no
4018,no,Equal,Severe,High,Asy/Patch,yes,no,12+,5-12,>=7.5,Grd_Glass,Fallot,yes,11-30_days,no,Lt_to_Rt,Complete,Abnormal,Low,no
4019,no,Equal,Moderate,Normal,Oligaemic,no,no,<5,5-12,<7.5,Oligaemic,TGA,no,0-3_days,no,None,Complete,Normal,Low,yes
4020,no,Equal,Severe,Normal,Normal,yes,no,5-12,<5,<7.5,Normal,TGA,no,0-3_days,no,None,Mild,Normal,High,yes
4021,no,Equal,Severe,Normal,Grd_Glass,no,no,<5,<5,<7.5,Grd_Glass,TAPVD,no,0-3_days,no,None,Complete,Congested,High,yes
4022,no,Equal,Moderate,Normal,Plethoric,no,no,5-12,12+,<7.5,Asy/Patchy,TAPVD,no,0-3_days,no,Lt_to_Rt,Complete,Congested,High,yes
4023,no,Equal,Severe,Normal,Plethoric,no,no,<5,5-12,<7.5,Asy/Patchy,TGA,no,0-3_days,no,None,Transp.,Normal,High,no
4024,no,Equal,Severe,Normal,Normal,no,no,5-12,5-12,<7.5,Normal,TGA,no,0-3_days,no,None,Transp.,Normal,High,yes
4025,no,Equal,Severe,Normal,Oligaemic,yes,no,<5,<5,<7.5,Oligaemic,Fallot,yes,0-3_days,no,Lt_to_Rt,Mild,Normal,Low,yes
4026,no,Equal,Severe,Normal,Normal,no,no,5-12,<5,<7.5,Oligaemic,Fallot,yes,0-3_days,no,Lt_to_Rt,Complete,Normal,High,no
4027,no,Equal,Severe,Normal,Normal,no,no,<5,<5,<7.5,Normal,TGA,no,4-10_days,no,None,Complete,Normal,Normal,no
4028,no,Unequal,Severe,High,Oligaemic,no,yes,<5,12+,>=7.5,Oligaemic,Fallot,no,4-10_days,no,Lt_to_Rt,Complete,Abnormal,Low,no
4029,no,Equal,Mild,Normal,Plethoric,no,yes,12+,12+,>=7.5,Plethoric,TGA,no,0-3_days,yes,None,None,Normal,High,no
4030,no,Equal,Moderate,Normal,Oligaemic,no,no,12+,5-12,<7.5,Oligaemic,TGA,no,0-3_days,no,None,Transp.,Normal,Normal,no
4031,no,Equal,Mild,Normal,Plethoric,no,yes,12+,5-12,<7.5,Plethoric,TGA,yes,0-3_days,yes,None,None,Normal,High,no
4032,no,Equal,Moderate,Normal,Oligaemic,no,no,5-12,5-12,<7.5,Oligaemic,Fallot,no,11-30_days,no,Lt_to_Rt,Complete,Normal,Low,no
4033,yes,Equal,Severe,Normal,Oligaemic,no,no,5-12,<5,<7.5,Oligaemic,Fallot,no,4-10_days,no,Lt_to_Rt,Complete,Normal,Low,no
4034,no,Equal,Moderate,Normal,Oligaemic,no,no,12+,5-12,>=7.5,Oligaemic,Fallot,no,11-30_days,no,Lt_to_Rt,Complete,Normal,Low,no
4035,yes,Equal,Severe,High,Asy/Patch,yes,no,5-12,5-12,>=7.5,Asy/Patchy,TAPVD,yes,0-3_days,no,None,Complete,Abnormal,Normal,yes
4036,no,Equal,Severe,High,Plethoric,no,no,5-12,<5,>=7.5,Asy/Patchy,TGA,yes,0-3_days,no,None,Transp.,Normal,High,no
4037,no,Equal,Severe,Normal,Plethoric,no,yes,<5,<5,<7.5,Plethoric,PAIVS,no,0-3_days,yes,Lt_to_Rt,Transp.,Normal,Low,no
4038,no,Equal,Moderate,High,Oligaemic,no,no,<5,<5,>=7.5,Normal,Fallot,no,0-3_days,no,None,Complete,Normal,Low,no
4039,no,Equal,Severe,Normal,Plethoric,no,no,<5,5-12,>=7.5,Plethoric,TGA,no,0-3_days,no,None,Transp.,Normal,High,no
4040,no,Equal,Moderate,Low,Oligaemic,yes,yes,<5,5-12,>=7.5,Oligaemic,PAIVS,yes,0-3_days,yes,Lt_to_Rt,Complete,Normal,Low,no
4041,no,Equal,Moderate,Normal,Normal,no,yes,5-12,5-12,<7.5,Normal,Fallot,no,11-30_days,yes,Lt_to_Rt,Complete,Normal,Low,no
4042,no,Equal,Moderate,Normal,Oligaemic,no,yes,5-12,<5,<7.5,Oligaemic,Fallot,no,11-30_days,no,Lt_to_Rt,Complete,Normal,Low,no
4043,no,Equal,Severe,Normal,Normal,no,no,12+,<5,<7.5,Normal,TGA,no,0-3_days,no,Rt_to_Lt,Transp.,Normal,High,yes
4044,no,Equal,Severe,High,Oligaemic,yes,no,<5,<5,<7.5,Oligaemic,TGA,no,4-10_days,no,None,Transp.,Abnormal,High,no
4045,no,Equal,Severe,Normal,Oligaemic,no,yes,5-12,<5,<7.5,Oligaemic,PAIVS,no,0-3_days,yes,Lt_to_Rt,Complete,Normal,Low,yes
4046,no,Equal,Severe,Normal,Grd_Glass,no,no,5-12,12+,<7.5,Asy/Patchy,TAPVD,no,0-3_days,no,Lt_to_Rt,Complete,Congested,High,yes
4047,no,Equal,Moderate,Normal,Plethoric,no,no,<5,5-12,<7.5,Plethoric,TGA,no,0-3_days,no,None,Mild,Normal,High,yes
4048,no,Equal,Severe,High,Plethoric,no,no,5-12,12+,>=7.5,Normal,TGA,yes,0-3_days,no,None,Transp.,Normal,High,no
4049,no,Equal,Mild,High,Asy/Patch,yes,yes,12+,5-12,>=7.5,Grd_Glass,PAIVS,yes,4-10_days,yes,Lt_to_Rt,Complete,Abnormal,Low,no
4050,no,Equal,Severe,Normal,Normal,no,no,5-12,<5,<7.5,Normal,TGA,no,0-3_days,no,None,Transp.,Normal,Normal,no
4051,no,Equal,Moderate,Low,Oligaemic,no,no,<5,<5,<7.5,Oligaemic,Fallot,yes,11-30_days,no,Lt_to_Rt,Complete,Normal,Low,no
4052,no,Unequal,Moderate,Low,Plethoric,no,no,5-12,5-12,<7.5,Plethoric,TGA,no,4-10_days,no,Lt_to_Rt,Mild,Normal,High,no
4053,no,Equal,Moderate,Normal,Oligaemic,no,yes,5-12,5-12,<7.5,Oligaemic,Fallot,no,11-30_days,yes,Lt_to_Rt,Mild,Normal,Low,no
4054,no,Unequal,Moderate,Normal,Oligaemic,no,yes,<5,<5,<7.5,Oligaemic,PFC,no,4-10_days,yes,Rt_to_Lt,Mild,Normal,Low,no
4055,no,Equal,Mild,High,Plethoric,no,no,5-12,12+,>=7.5,Plethoric,TGA,no,0-3_days,no,None,Transp.,Normal,High,yes
4056,no,Equal,Severe,Normal,Plethoric,no,no,12+,5-12,<7.5,Plethoric,TAPVD,no,0-3_days,no,Lt_to_Rt,Complete,Congested,High,yes
4057,no,Equal,Mild,Normal,Asy/Patch,no,no,5-12,5-12,<7.5,Plethoric,Fallot,no,11-30_days,no,Lt_to_Rt,Mild,Abnormal,Low,no
4058,no,Equal,Severe,Normal,Grd_Glass,no,no,<5,5-12,<7.5,Grd_Glass,TAPVD,no,0-3_days,no,None,Complete,Congested,Normal,yes
4059,no,Equal,Severe,Normal,Oligaemic,no,no,5-12,12+,<7.5,Normal,TGA,no,0-3_days,no,None,Transp.,Normal,Low,no
4060,no,Equal,Severe,High,Oligaemic,no,no,<5,<5,>=7.5,Oligaemic,Fallot,no,11-30_days,no,Lt_to_Rt,Complete,Normal,Low,no
4061,no,Equal,Severe,Normal,Oligaemic,no,yes,5-12,<5,<7.5,Oligaemic,PAIVS,no,0-3_days,yes,Lt_to_Rt,Complete,Normal,Low,yes
4062,no,Unequal,Moderate,Normal,Normal,no,no,5-12,<5,<7.5,Normal,Fallot,no,4-10_days,no,None,Complete,Normal,Low,yes
4063,no,Equal,Severe,Normal,Oligaemic,no,no,5-12,<5,<7.5,Oligaemic,TGA,no,0-3_days,no,Rt_to_Lt,Transp.,Normal,Low,no
4064,no,Equal,Moderate,Normal,Oligaemic,no,yes,12+,5-12,>=7.5,Oligaemic,Fallot,no,11-30_days,no,Lt_to_Rt,Complete,Normal,Low,no
4065,no,Equal,Severe,Normal,Normal,no,no,<5,5-12,<7.5,Normal,TGA,no,0-3_days,no,None,Transp.,Normal,High,yes
4066,no,Equal,Severe,High,Grd_Glass,yes,yes,<5,<5,>=7.5,Plethoric,PAIVS,yes,0-3_days,yes,Lt_to_Rt,Complete,Abnormal,Low,no
4067,yes,Equal,Moderate,Normal,Oligaemic,no,no,5-12,5-12,<7.5,Normal,Fallot,no,11-30_days,no,Lt_to_Rt,Mild,Normal,Low,no
4068,no,Equal,Moderate,Normal,Plethoric,no,no,<5,5-12,<7.5,Plethoric,TGA,yes,0-3_days,no,None,Complete,Normal,High,no
4069,no,Equal,Moderate,Normal,Plethoric,no,no,5-12,5-12,<7.5,Asy/Patchy,TGA,no,0-3_days,no,None,Transp.,Congested,High,no
4070,yes,Unequal,Mild,High,Asy/Patch,yes,no,<5,12+,>=7.5,Asy/Patchy,PFC,yes,0-3_days,no,Rt_to_Lt,None,Abnormal,Normal,no
4071,no,Equal,Severe,Normal,Oligaemic,no,no,5-12,5-12,<7.5,Normal,Fallot,no,11-30_days,no,Lt_to_Rt,Complete,Normal,Low,no
4072,no,Equal,Severe,Normal,Oligaemic,yes,no,<5,<5,<7.5,Oligaemic,TGA,no,0-3_days,no,None,Transp.,Abnormal,High,yes
4073,no,Equal,Moderate,Normal,Oligaemic,no,yes,5-12,5-12,<7.5,Oligaemic,PAIVS,no,0-3_days,no,Lt_to_Rt,Complete,Normal,Low,yes
4074,no,Equal,Moderate,Low,Normal,no,yes,<5,5-12,<7.5,Normal,PAIVS,yes,4-10_days,yes,Lt_to_Rt,Complete,Normal,Low,yes
4075,no,Equal,Moderate,Normal,Oligaemic,no,no,5-12,5-12,<7.5,Oligaemic,PAIVS,no,4-10_days,yes,Lt_to_Rt,Complete,Normal,Low,no
4076,no,Equal,Moderate,Normal,Plethoric,no,no,5-12,5-12,<7.5,Plethoric,TGA,no,0-3_days,no,None,Mild,Normal,High,no
4077,no,Equal,Severe,Normal,Plethoric,no,no,<5,5-12,>=7.5,Plethoric,TGA,yes,0-3_days,no,None,Transp.,Normal,High,no
4078,no,Equal,Severe,High,Asy/Patch,yes,yes,12+,5-12,>=7.5,Asy/Patchy,PAIVS,yes,0-3_days,yes,Lt_to_Rt,Complete,Abnormal,Low,no
4079,no,Equal,Mild,High,Asy/Patch,yes,no,12+,12+,>=7.5,Asy/Patchy,Fallot,no,11-30_days,no,Lt_to_Rt,Complete,Abnormal,Normal,no
4080,no,Equal,Severe,Normal,Plethoric,no,no,<5,<5,<7.5,Plethoric,TGA,no,0-3_days,no,Rt_to_Lt,Transp.,Normal,High,no
4081,no,Equal,Severe,Normal,Plethoric,no,no,5-12,5-12,<7.5,Plethoric,TGA,no,0-3_days,no,None,Transp.,Normal,High,yes
4082,no,Equal,Moderate,Normal,Asy/Patch,yes,no,<5,5-12,<7.5,Asy/Patchy,Lung,no,0-3_days,no,None,Mild,Abnormal,Normal,yes
4083,no,Equal,Severe,Normal,Grd_Glass,yes,yes,<5,5-12,>=7.5,Asy/Patchy,TAPVD,yes,0-3_days,yes,Lt_to_Rt,Complete,Abnormal,High,yes
4084,no,Equal,Moderate,Normal,Normal,yes,yes,5-12,12+,>=7.5,Normal,PAIVS,yes,0-3_days,yes,Lt_to_Rt,Complete,Normal,Low,yes
4085,no,Equal,Moderate,Normal,Oligaemic,no,no,5-12,5-12,>=7.5,Oligaemic,Fallot,no,4-10_days,no,Lt_to_Rt,Complete,Normal,Low,no
4086,no,Equal,Moderate,Low,Plethoric,yes,yes,<5,5-12,<7.5,Plethoric,PAIVS,yes,0-3_days,yes,Lt_to_Rt,Complete,Normal,High,no
4087,no,Equal,Severe,Normal,Plethoric,no,no,<5,5-12,<7.5,Plethoric,TGA,no,0-3_days,no,None,Transp.,Normal,High,no
4088,no,Equal,Moderate,Normal,Oligaemic,no,yes,5-12,5-12,<7.5,Oligaemic,PAIVS,no,0-3_days,yes,Lt_to_Rt,Complete,Normal,Low,no
4089,no,Equal,Severe,Normal,Oligaemic,yes,no,5-12,<5,<7.5,Normal,Fallot,yes,11-30_days,no,Lt_to_Rt,Mild,Abnormal,Low,no
4090,no,Equal,Moderate,Normal,Plethoric,yes,no,12+,12+,<7.5,Plethoric,TAPVD,yes,0-3_days,no,Lt_to_Rt,Complete,Congested,High,yes
4091,no,Equal,Moderate,Normal,Normal,no,no,5-12,<5,<7.5,Normal,TGA,no,0-3_days,no,Rt_to_Lt,Transp.,Normal,Normal,no
4092,no,Equal,Severe,High,Asy/Patch,yes,no,<5,<5,<7.5,Asy/Patchy,PAIVS,yes,0-3_days,yes,Lt_to_Rt,Complete,Abnormal,Low,yes
4093,no,Equal,Moderate,Normal,Normal,no,no,<5,5-12,<7.5,Normal,Fallot,no,0-3_days,no,Lt_to_Rt,Complete,Normal,Normal,no
4094,no,Equal,Severe,Normal,Plethoric,yes,no,5-12,5-12,<7.5,Plethoric,TGA,yes,4-10_days,no,None,Complete,Normal,High,no
4095,no,Unequal,Mild,High,Asy/Patch,yes,no,<5,12+,<7.5,Normal,Lung,yes,11-30_days,no,Rt_to_Lt,None,Abnormal,Normal,yes
4096,no,Equal,Moderate,Low,Oligaemic,no,yes,5-12,5-12,<7.5,Oligaemic,PAIVS,no,0-3_days,yes,Lt_to_Rt,Complete,Normal,Low,no
4097,no,Equal,Moderate,Normal,Oligaemic,no,no,<5,<5,<7.5,Oligaemic,Fallot,no,11-30_days,no,Lt_to_Rt,Complete,Normal,Low,no
4098,yes,Equal,Moderate,Normal,Oligaemic,no,yes,5-12,5-12,<7.5,Oligaemic,PAIVS,no,11-30_days,yes,Lt_to_Rt,Complete,Normal,Low,yes
4099,no,Equal,Severe,Normal,Plethoric,no,no,<5,5-12,>=7.5,Plethoric,TGA,no,0-3_days,no,None,Transp.,Normal,High,yes
4100,no,Equal,Moderate,Normal,Grd_Glass,no,yes,12+,5-12,<7.5,Grd_Glass,PAIVS,no,0-3_days,yes,Lt_to_Rt,Complete,Congested,Low,no
4101,no,Equal,Severe,Normal,Oligaemic,no,yes,5-12,12+,<7.5,Oligaemic,PAIVS,no,0-3_days,yes,Lt_to_Rt,Complete,Normal,Low,yes
4102,no,Equal,Severe,Normal,Oligaemic,no,yes,<5,<5,<7.5,Oligaemic,PAIVS,no,0-3_days,yes,Lt_to_Rt,Complete,Normal,Low,yes
4103,no,Equal,Severe,Normal,Oligaemic,no,yes,<5,5-12,<7.5,Oligaemic,PAIVS,no,0-3_days,yes,Lt_to_Rt,Complete,Normal,Low,no
4104,no,Equal,Severe,Normal,Normal,no,no,<5,<5,<7.5,Normal,Fallot,no,4-10_days,no,None,Complete,Normal,Low,no
4105,no,Equal,Mild,Normal,Plethoric,no,no,5-12,5-12,<7.5,Plethoric,TGA,no,0-3_days,no,Rt_to_Lt,None,Normal,High,no
4106,no,Equal,Moderate,Normal,Normal,no,no,5-12,<5,<7.5,Normal,TAPVD,yes,0-3_days,no,Rt_to_Lt,Complete,Normal,Normal,no
4107,yes,Equal,Moderate,Low,Normal,yes,no,<5,5-12,<7.5,Oligaemic,Fallot,yes,11-30_days,no,None,Complete,Normal,Normal,no
4108,no,Equal,Moderate,Normal,Oligaemic,no,no,<5,5-12,<7.5,Oligaemic,PAIVS,no,0-3_days,yes,Lt_to_Rt,Complete,Normal,Low,no
4109,no,Equal,Severe,Normal,Grd_Glass,no,yes,5-12,5-12,>=7.5,Grd_Glass,TAPVD,yes,4-10_days,yes,None,Complete,Congested,Normal,yes
4110,no,Equal,Severe,Normal,Plethoric,no,no,<5,5-12,<7.5,Plethoric,TGA,no,4-10_days,no,None,Transp.,Normal,High,no
4111,no,Equal,Severe,High,Grd_Glass,yes,no,<5,<5,>=7.5,Asy/Patchy,TGA,yes,0-3_days,no,None,Transp.,Abnormal,High,no
4112,no,Equal,Severe,Normal,Plethoric,no,yes,<5,<5,<7.5,Plethoric,TGA,no,11-30_days,no,None,Transp.,Normal,High,no
4113,yes,Equal,Severe,High,Oligaemic,yes,no,<5,5-12,>=7.5,Oligaemic,TAPVD,yes,0-3_days,no,None,Complete,Abnormal,High,yes
4114,no,Equal,Severe,Normal,Plethoric,no,no,5-12,5-12,<7.5,Plethoric,TGA,no,0-3_days,no,None,Transp.,Normal,High,yes
4115,yes,Unequal,Severe,Normal,Asy/Patch,yes,no,<5,<5,<7.5,Plethoric,Lung,yes,0-3_days,no,Rt_to_Lt,Mild,Abnormal,Normal,yes
4116,no,Equal,Moderate,High,Oligaemic,no,no,5-12,5-12,>=7.5,Oligaemic,Fallot,no,11-30_days,no,Lt_to_Rt,Mild,Normal,Low,no
4117,no,Equal,Moderate,Normal,Normal,no,no,<5,<5,<7.5,Normal,Fallot,no,11-30_days,no,Lt_to_Rt,Mild,Normal,Low,no
4118,no,Equal,Severe,Normal,Grd_Glass,no,yes,<5,<5,<7.5,Grd_Glass,PAIVS,no,0-3_days,yes,Lt_to_Rt,Complete,Congested,Low,no
4119,no,Equal,Moderate,Normal,Plethoric,no,no,5-12,5-12,<7.5,Plethoric,TAPVD,no,0-3_days,no,Rt_to_Lt,Complete,Congested,Normal,yes
4120,no,Equal,Moderate,Normal,Normal,no,no,5-12,<5,<7.5,Normal,Fallot,no,4-10_days,no,Lt_to_Rt,Complete,Normal,Low,no
4121,no,Equal,Severe,High,Grd_Glass,yes,no,<5,12+,>=7.5,Grd_Glass,TGA,no,4-10_days,no,None,Transp.,Abnormal,High,yes
4122,no,Equal,Moderate,Normal,Normal,no,no,5-12,5-12,<7.5,Normal,Fallot,no,4-10_days,no,Lt_to_Rt,Complete,Normal,Normal,no
4123,no,Equal,Moderate,High,Asy/Patch,yes,no,<5,12+,>=7.5,Asy/Patchy,Fallot,yes,0-3_days,no,Lt_to_Rt,Complete,Abnormal,Low,no
4124,no,Equal,Moderate,High,Oligaemic,no,yes,5-12,5-12,>=7.5,Oligaemic,PAIVS,no,0-3_days,yes,Lt_to_Rt,Complete,Normal,Low,no
4125,no,Equal,Moderate,Low,Oligaemic,no,yes,5-12,5-12,<7.5,Oligaemic,TGA,no,0-3_days,no,None,Transp.,Normal,Normal,no
4126,no,Unequal,Mild,High,Asy/Patch,yes,no,<5,<5,<7.5,Asy/Patchy,Lung,yes,0-3_days,no,Rt_to_Lt,None,Abnormal,Normal,yes
4127,no,Equal,Severe,Normal,Normal,no,yes,5-12,5-12,<7.5,Plethoric,Fallot,no,0-3_days,yes,Lt_to_Rt,Complete,Normal,Low,no
4128,no,Equal,Moderate,Normal,Plethoric,no,no,<5,5-12,<7.5,Plethoric,TGA,no,0-3_days,no,None,Complete,Normal,High,no
4129,no,Equal,Moderate,Low,Normal,no,yes,5-12,5-12,>=7.5,Normal,PAIVS,no,0-3_days,yes,Lt_to_Rt,Complete,Normal,Normal,yes
4130,no,Equal,Severe,Low,Plethoric,no,yes,<5,<5,<7.5,Plethoric,TGA,no,0-3_days,yes,Lt_to_Rt,Transp.,Normal,High,no
4131,yes,Equal,Moderate,Normal,Plethoric,no,no,5-12,5-12,<7.5,Normal,Lung,no,0-3_days,no,None,None,Congested,High,no
4132,no,Unequal,Moderate,Normal,Normal,no,yes,<5,12+,<7.5,Normal,PAIVS,no,0-3_days,yes,Lt_to_Rt,Complete,Normal,Normal,yes
4133,yes,Equal,Moderate,High,Grd_Glass,no,no,<5,<5,>=7.5,Asy/Patchy,Fallot,no,4-10_days,no,Lt_to_Rt,None,Congested,Low,no
4134,no,Equal,Severe,Normal,Plethoric,no,no,5-12,5-12,<7.5,Plethoric,TGA,no,0-3_days,no,None,Transp.,Normal,High,no
4135,no,Equal,Moderate,High,Normal,yes,no,5-12,<5,>=7.5,Grd_Glass,Lung,yes,0-3_days,no,None,Mild,Abnormal,High,no
4136,no,Equal,Moderate,Normal,Grd_Glass,yes,yes,5-12,5-12,<7.5,Plethoric,TAPVD,yes,0-3_days,yes,None,Complete,Congested,Low,yes
4137,no,Equal,Severe,Normal,Oligaemic,no,no,<5,5-12,<7.5,Oligaemic,PAIVS,no,4-10_days,no,Lt_to_Rt,Complete,Normal,Low,no
4138,no,Equal,Moderate,Normal,Oligaemic,no,no,<5,5-12,<7.5,Oligaemic,PAIVS,no,0-3_days,no,Lt_to_Rt,Complete,Normal,Low,no
4139,no,Equal,Moderate,Normal,Oligaemic,no,no,12+,<5,<7.5,Normal,Fallot,no,11-30_days,no,None,Complete,Normal,Low,no
4140,no,Equal,Severe,Low,Oligaemic,no,no,5-12,<5,<7.5,Oligaemic,TGA,no,0-3_days,no,None,Transp.,Normal,High,no
4141,no,Equal,Severe,Normal,Normal,yes,no,<5,<5,<7.5,Normal,PAIVS,no,0-3_days,yes,Lt_to_Rt,Complete,Normal,Low,yes
4142,no,Equal,Severe,Normal,Plethoric,no,no,5-12,<5,<7.5,Plethoric,TGA,yes,0-3_days,no,None,Transp.,Normal,High,no
4143,no,Equal,Severe,Normal,Oligaemic,no,no,5-12,<5,<7.5,Oligaemic,Fallot,no,11-30_days,no,Lt_to_Rt,Mild,Normal,Low,no
4144,no,Equal,Moderate,Low,Normal,yes,no,5-12,5-12,<7.5,Normal,PFC,yes,0-3_days,no,Rt_to_Lt,Mild,Normal,Normal,yes
4145,no,Equal,Moderate,Normal,Oligaemic,yes,no,5-12,<5,<7.5,Plethoric,Fallot,yes,4-10_days,no,Lt_to_Rt,Complete,Normal,Low,no
4146,no,Equal,Severe,Normal,Plethoric,no,no,12+,5-12,<7.5,Plethoric,TGA,yes,0-3_days,no,None,Transp.,Normal,Normal,no
4147,no,Equal,Severe,Normal,Asy/Patch,no,yes,<5,5-12,<7.5,Asy/Patchy,PAIVS,no,0-3_days,yes,Lt_to_Rt,Complete,Abnormal,Low,no
4148,no,Equal,Moderate,Normal,Oligaemic,no,no,<5,5-12,>=7.5,Oligaemic,Fallot,no,11-30_days,no,Lt_to_Rt,Complete,Normal,Low,no
4149,no,Equal,Severe,High,Grd_Glass,yes,no,5-12,5-12,>=7.5,Asy/Patchy,TGA,yes,0-3_days,no,Lt_to_Rt,Transp.,Abnormal,Normal,no
4150,no,Equal,Moderate,Normal,Oligaemic,yes,yes,5-12,<5,<7.5,Oligaemic,PAIVS,yes,0-3_days,yes,Lt_to_Rt,Mild,Normal,Low,yes
4151,yes,Unequal,Mild,High,Oligaemic,no,no,5-12,<5,>=7.5,Oligaemic,PFC,yes,0-3_days,no,Rt_to_Lt,None,Normal,Low,no
4152,no,Equal,Mild,High,Plethoric,no,no,12+,5-12,>=7.5,Plethoric,Lung,no,0-3_days,no,None,None,Congested,High,no
4153,no,Unequal,Mild,High,Grd_Glass,yes,yes,5-12,12+,>=7.5,Grd_Glass,Lung,yes,0-3_days,yes,Rt_to_Lt,None,Congested,Normal,yes
4154,no,Equal,Mild,Normal,Normal,no,no,<5,12+,<7.5,Normal,Fallot,no,0-3_days,no,Lt_to_Rt,None,Normal,Normal,no
4155,no,Equal,Severe,Normal,Plethoric,no,no,5-12,5-12,<7.5,Plethoric,TGA,no,11-30_days,no,None,Transp.,Normal,High,no
4156,yes,Equal,Mild,High,Asy/Patch,yes,yes,<5,12+,>=7.5,Grd_Glass,PFC,yes,0-3_days,yes,None,None,Abnormal,Low,no
4157,no,Equal,Severe,High,Grd_Glass,yes,yes,<5,12+,>=7.5,Normal,PAIVS,yes,0-3_days,yes,Lt_to_Rt,Complete,Abnormal,High,yes
4158,no,Equal,Moderate,Normal,Oligaemic,no,no,<5,5-12,<7.5,Oligaemic,Fallot,no,11-30_days,no,None,Complete,Normal,Low,no
4159,no,Equal,Moderate,High,Grd_Glass,no,yes,<5,5-12,>=7.5,Grd_Glass,PAIVS,no,4-10_days,yes,Lt_to_Rt,Complete,Congested,Low,no
4160,no,Equal,Severe,Normal,Oligaemic,no,no,5-12,5-12,<7.5,Oligaemic,Fallot,no,11-30_days,no,Lt_to_Rt,Complete,Normal,Low,no
4161,no,Equal,Moderate,High,Asy/Patch,yes,no,5-12,12+,>=7.5,Oligaemic,Fallot,yes,0-3_days,no,Lt_to_Rt,Complete,Abnormal,Normal,yes
4162,no,Equal,Severe,High,Normal,yes,no,<5,<5,>=7.5,Normal,TAPVD,no,4-10_days,no,None,Complete,Abnormal,High,yes
4163,no,Unequal,Mild,Normal,Plethoric,no,yes,5-12,12+,<7.5,Plethoric,TGA,no,4-10_days,yes,Rt_to_Lt,Mild,Normal,High,no
4164,no,Equal,Severe,Normal,Plethoric,no,no,5-12,5-12,<7.5,Plethoric,TGA,no,0-3_days,no,None,Transp.,Normal,High,no
4165,no,Equal,Mild,Normal,Asy/Patch,yes,yes,12+,12+,<7.5,Asy/Patchy,PAIVS,yes,0-3_days,yes,Lt_to_Rt,Complete,Abnormal,Low,no
4166,no,Equal,Severe,High,Asy/Patch,yes,yes,<5,<5,>=7.5,Asy/Patchy,PAIVS,no,0-3_days,yes,Lt_to_Rt,Complete,Abnormal,Low,no
4167,yes,Unequal,Mild,Normal,Oligaemic,no,yes,5-12,12+,<7.5,Oligaemic,PFC,no,0-3_days,yes,Rt_to_Lt,None,Normal,Low,no
4168,no,Equal,Moderate,Low,Oligaemic,no,no,5-12,5-12,>=7.5,Oligaemic,Fallot,no,0-3_days,no,Lt_to_Rt,Complete,Normal,Low,yes
4169,no,Equal,Moderate,Low,Oligaemic,no,yes,5-12,5-12,<7.5,Oligaemic,PAIVS,no,0-3_days,yes,Lt_to_Rt,Complete,Normal,Low,no
4170,no,Equal,Moderate,High,Asy/Patch,yes,no,5-12,<5,>=7.5,Asy/Patchy,Lung,no,0-3_days,no,Rt_to_Lt,Mild,Abnormal,Normal,yes
4171,no,Equal,Moderate,Normal,Oligaemic,no,no,<5,5-12,<7.5,Oligaemic,Fallot,no,11-30_days,no,None,Complete,Normal,Low,no
4172,no,Equal,Mild,Normal,Oligaemic,no,no,12+,12+,<7.5,Oligaemic,PFC,no,0-3_days,no,Rt_to_Lt,Mild,Normal,Low,yes
4173,no,Equal,Moderate,Normal,Plethoric,no,no,5-12,5-12,<7.5,Plethoric,Fallot,no,0-3_days,no,Lt_to_Rt,Complete,Normal,Low,no
4174,no,Equal,Moderate,Normal,Oligaemic,no,yes,<5,5-12,>=7.5,Oligaemic,PAIVS,no,0-3_days,yes,Lt_to_Rt,Complete,Normal,Low,yes
4175,no,Unequal,Mild,High,Plethoric,no,no,5-12,12+,>=7.5,Plethoric,PFC,no,0-3_days,no,Rt_to_Lt,None,Abnormal,Normal,no
4176,no,Equal,Moderate,Normal,Oligaemic,no,no,<5,12+,<7.5,Plethoric,Fallot,no,11-30_days,no,Lt_to_Rt,Complete,Normal,Low,no
4177,no,Equal,Moderate,Normal,Oligaemic,no,no,5-12,5-12,<7.5,Oligaemic,Fallot,no,4-10_days,no,Lt_to_Rt,Complete,Normal,Low,yes
4178,no,Equal,Severe,Normal,Normal,no,no,12+,12+,<7.5,Normal,TGA,no,0-3_days,no,None,Transp.,Normal,Normal,no
4179,no,Equal,Moderate,Normal,Grd_Glass,no,yes,<5,<5,<7.5,Grd_Glass,Fallot,no,11-30_days,yes,Lt_to_Rt,Complete,Normal,Low,no
4180,no,Equal,Severe,High,Oligaemic,yes,yes,5-12,12+,>=7.5,Oligaemic,TGA,yes,4-10_days,yes,None,Transp.,Congested,High,no
4181,no,Equal,Severe,High,Plethoric,no,yes,<5,<5,>=7.5,Plethoric,TGA,no,11-30_days,no,Rt_to_Lt,Transp.,Normal,High,no
4182,no,Equal,Moderate,Normal,Asy/Patch,no,no,5-12,5-12,<7.5,Asy/Patchy,Fallot,yes,11-30_days,no,Lt_to_Rt,Mild,Abnormal,Low,no
4183,no,Equal,Severe,High,Grd_Glass,yes,no,<5,<5,<7.5,Plethoric,Fallot,yes,4-10_days,no,Lt_to_Rt,Complete,Abnormal,High,no
4184,no,Equal,Moderate,Normal,Oligaemic,no,yes,5-12,5-12,<7.5,Oligaemic,PAIVS,no,4-10_days,yes,Lt_to_Rt,Mild,Normal,Low,no
4185,no,Equal,Severe,Normal,Grd_Glass,no,no,5-12,12+,<7.5,Plethoric,Fallot,no,11-30_days,no,Lt_to_Rt,Mild,Congested,Low,no
4186,no,Unequal,Moderate,Normal,Asy/Patch,yes,no,5-12,5-12,<7.5,Normal,Lung,yes,0-3_days,no,Rt_to_Lt,Mild,Abnormal,Normal,yes
4187,no,Equal,Severe,Normal,Normal,yes,no,<5,5-12,>=7.5,Asy/Patchy,PAIVS,no,4-10_days,no,Lt_to_Rt,Mild,Normal,Low,yes
4188,no,Unequal,Severe,High,Oligaemic,yes,yes,5-12,5-12,>=7.5,Oligaemic,PAIVS,yes,0-3_days,yes,Lt_to_Rt,Transp.,Abnormal,Low,no
4189,no,Unequal,Severe,Normal,Normal,no,no,<5,<5,<7.5,Asy/Patchy,TGA,yes,0-3_days,no,None,Transp.,Normal,Normal,no
4190,no,Equal,Moderate,High,Normal,yes,yes,5-12,5-12,>=7.5,Normal,Lung,yes,0-3_days,yes,None,Mild,Abnormal,High,yes
4191,no,Equal,Severe,Normal,Oligaemic,no,yes,5-12,5-12,<7.5,Normal,Fallot,yes,0-3_days,yes,Lt_to_Rt,Complete,Normal,Low,no
4192,no,Equal,Severe,Normal,Normal,no,no,5-12,<5,>=7.5,Normal,TGA,no,0-3_days,no,Lt_to_Rt,Transp.,Normal,High,yes
4193,no,Equal,Severe,High,Plethoric,no,no,<5,5-12,>=7.5,Plethoric,TGA,no,0-3_days,no,Rt_to_Lt,Transp.,Normal,High,no
4194,no,Equal,Severe,Normal,Oligaemic,no,no,<5,<5,<7.5,Oligaemic,Fallot,no,0-3_days,no,Lt_to_Rt,Complete,Normal,Low,no
4195,no,Equal,Severe,Normal,Normal,no,yes,<5,12+,<7.5,Normal,PAIVS,no,4-10_days,yes,Lt_to_Rt,Complete,Normal,Normal,yes
4196,no,Unequal,Severe,Normal,Plethoric,no,no,<5,5-12,>=7.5,Plethoric,TGA,no,0-3_days,no,None,Transp.,Normal,High,yes
4197,no,Equal,Severe,Normal,Plethoric,no,yes,12+,5-12,<7.5,Plethoric,TGA,no,4-10_days,yes,None,Transp.,Normal,High,no
4198,yes,Equal,Severe,High,Grd_Glass,no,no,5-12,5-12,>=7.5,Plethoric,TGA,no,0-3_days,no,None,Transp.,Normal,High,yes
4199,no,Equal,Moderate,High,Oligaemic,no,no,<5,5-12,>=7.5,Normal,Fallot,no,11-30_days,no,Lt_to_Rt,Complete,Normal,Low,no
4200,no,Equal,Severe,Normal,Plethoric,no,no,<5,5-12,<7.5,Normal,TGA,no,0-3_days,no,None,Mild,Normal,High,no
4201,no,Equal,Moderate,Normal,Grd_Glass,yes,no,<5,<5,<7.5,Grd_Glass,PFC,yes,0-3_days,no,Rt_to_Lt,Mild,Congested,Normal,no
4202,yes,Equal,Moderate,Normal,Asy/Patch,no,no,5-12,12+,<7.5,Asy/Patchy,Fallot,no,11-30_days,no,Lt_to_Rt,Mild,Abnormal,Low,no
4203,no,Equal,Moderate,Normal,Asy/Patch,yes,yes,<5,5-12,<7.5,Asy/Patchy,PAIVS,yes,0-3_days,yes,Lt_to_Rt,Complete,Abnormal,Low,no
4204,no,Equal,Severe,Normal,Plethoric,no,no,5-12,5-12,<7.5,Plethoric,TGA,no,0-3_days,no,Lt_to_Rt,Transp.,Normal,High,no
4205,no,Equal,Moderate,Normal,Asy/Patch,no,no,<5,5-12,<7.5,Asy/Patchy,TGA,no,4-10_days,no,None,Transp.,Normal,Normal,yes
4206,no,Equal,Moderate,Normal,Asy/Patch,no,no,<5,5-12,<7.5,Asy/Patchy,Fallot,no,4-10_days,no,Lt_to_Rt,Complete,Abnormal,Low,no
4207,no,Equal,Moderate,Normal,Normal,no,no,5-12,<5,<7.5,Normal,TGA,no,0-3_days,no,None,Transp.,Normal,High,no
4208,no,Equal,Moderate,Normal,Normal,no,no,5-12,<5,<7.5,Normal,Fallot,no,11-30_days,no,Lt_to_Rt,Complete,Normal,Low,yes
4209,no,Equal,Severe,High,Grd_Glass,yes,no,5-12,5-12,>=7.5,Grd_Glass,TGA,yes,4-10_days,no,None,Transp.,Abnormal,High,yes
4210,no,Equal,Mild,Normal,Oligaemic,no,no,12+,12+,<7.5,Oligaemic,Fallot,no,11-30_days,no,Lt_to_Rt,Complete,Normal,Low,no
4211,no,Equal,Moderate,High,Plethoric,no,yes,<5,5-12,>=7.5,Plethoric,PAIVS,yes,0-3_days,yes,Lt_to_Rt,Complete,Normal,Normal,no
4212,no,Equal,Mild,Normal,Plethoric,no,no,<5,12+,<7.5,Plethoric,TGA,no,0-3_days,no,None,Mild,Normal,High,no
4213,no,Equal,Severe,Normal,Plethoric,no,no,5-12,<5,>=7.5,Plethoric,TGA,no,4-10_days,no,None,Transp.,Normal,High,no
4214,no,Equal,Moderate,Normal,Plethoric,no,yes,<5,5-12,<7.5,Plethoric,TGA,no,0-3_days,no,None,Mild,Normal,High,no
4215,no,Equal,Mild,Normal,Oligaemic,yes,yes,5-12,12+,<7.5,Oligaemic,PAIVS,yes,0-3_days,yes,Lt_to_Rt,Complete,Normal,Low,no
4216,no,Equal,Severe,Normal,Asy/Patch,no,no,5-12,5-12,<7.5,Asy/Patchy,TGA,no,0-3_days,no,None,Transp.,Normal,High,no
4217,no,Equal,Moderate,Normal,Oligaemic,no,yes,5-12,5-12,>=7.5,Oligaemic,PAIVS,yes,0-3_days,yes,Lt_to_Rt,Complete,Normal,Low,no
4218,yes,Equal,Moderate,Normal,Oligaemic,no,yes,<5,<5,<7.5,Oligaemic,PAIVS,no,0-3_days,yes,Lt_to_Rt,Complete,Normal,Low,yes
4219,no,Equal,Severe,Normal,Plethoric,no,no,<5,<5,<7.5,Plethoric,TGA,no,0-3_days,no,None,Transp.,Normal,High,no
4220,yes,Equal,Severe,Low,Oligaemic,no,no,<5,5-12,<7.5,Oligaemic,Fallot,no,11-30_days,no,Lt_to_Rt,Transp.,Normal,Low,no
4221,no,Equal,Moderate,Normal,Plethoric,yes,no,12+,5-12,>=7.5,Plethoric,Fallot,no,11-30_days,no,Lt_to_Rt,Complete,Normal,High,no
4222,no,Equal,Severe,Normal,Plethoric,no,no,<5,5-12,<7.5,Plethoric,Fallot,no,4-10_days,no,None,Transp.,Normal,Normal,no
4223,no,Equal,Mild,Normal,Oligaemic,no,no,12+,5-12,<7.5,Oligaemic,Fallot,no,4-10_days,no,Lt_to_Rt,Complete,Normal,Low,no
4224,no,Equal,Moderate,Low,Plethoric,no,no,5-12,5-12,<7.5,Plethoric,Fallot,yes,11-30_days,no,Lt_to_Rt,Complete,Normal,Normal,no
4225,no,Equal,Severe,Normal,Oligaemic,no,no,12+,12+,<7.5,Normal,Fallot,no,11-30_days,no,Lt_to_Rt,Complete,Normal,Low,no
4226,no,Equal,Severe,Normal,Oligaemic,no,no,5-12,12+,<7.5,Oligaemic,TGA,no,0-3_days,no,None,Transp.,Normal,Low,no
4227,no,Equal,Severe,Normal,Oligaemic,no,no,<5,5-12,<7.5,Normal,PAIVS,no,0-3_days,no,Lt_to_Rt,Complete,Normal,Low,yes
4228,no,Equal,Severe,Normal,Oligaemic,no,yes,<5,5-12,<7.5,Oligaemic,PAIVS,no,0-3_days,yes,Lt_to_Rt,Complete,Normal,Low,no
4229,yes,Equal,Moderate,Normal,Grd_Glass,no,yes,5-12,5-12,<7.5,Grd_Glass,Fallot,no,11-30_days,yes,Lt_to_Rt,Complete,Normal,High,no
4230,no,Equal,Moderate,High,Plethoric,no,yes,5-12,12+,<7.5,Plethoric,Fallot,no,11-30_days,yes,Lt_to_Rt,Mild,Normal,High,no
4231,no,Equal,Moderate,Normal,Asy/Patch,no,yes,5-12,5-12,<7.5,Asy/Patchy,TGA,no,4-10_days,yes,None,Transp.,Abnormal,Normal,no
4232,no,Equal,Mild,Normal,Normal,no,no,12+,12+,<7.5,Normal,Fallot,no,0-3_days,no,Lt_to_Rt,Complete,Normal,Low,yes
4233,no,Equal,Moderate,High,Normal,no,no,<5,<5,<7.5,Normal,Fallot,no,4-10_days,no,Lt_to_Rt,Complete,Normal,Low,no
4234,no,Unequal,Mild,High,Asy/Patch,yes,no,5-12,12+,>=7.5,Asy/Patchy,Lung,yes,0-3_days,no,Rt_to_Lt,None,Abnormal,Normal,yes
4235,no,Equal,Severe,High,Plethoric,yes,no,5-12,<5,>=7.5,Plethoric,PFC,yes,11-30_days,no,Lt_to_Rt,Complete,Abnormal,Low,yes
4236,no,Equal,Severe,Normal,Normal,no,no,5-12,<5,<7.5,Normal,TGA,no,0-3_days,no,None,Transp.,Normal,High,no
4237,no,Equal,Moderate,Low,Oligaemic,yes,no,5-12,5-12,<7.5,Grd_Glass,PAIVS,yes,4-10_days,yes,Lt_to_Rt,Complete,Normal,Low,no
4238,no,Equal,Moderate,Normal,Asy/Patch,no,no,<5,5-12,<7.5,Grd_Glass,Fallot,no,11-30_days,no,Lt_to_Rt,Complete,Abnormal,Normal,no
4239,no,Unequal,Moderate,Normal,Normal,no,no,<5,<5,<7.5,Normal,Fallot,no,0-3_days,no,None,Complete,Normal,Low,yes
4240,no,Equal,Severe,Normal,Oligaemic,no,no,5-12,5-12,<7.5,Oligaemic,TGA,no,0-3_days,no,Lt_to_Rt,Transp.,Normal,Low,no
4241,no,Equal,Moderate,Normal,Grd_Glass,no,yes,5-12,<5,<7.5,Asy/Patchy,PAIVS,no,0-3_days,yes,Lt_to_Rt,Complete,Normal,High,no
4242,no,Equal,Severe,Normal,Normal,no,yes,5-12,5-12,>=7.5,Normal,PAIVS,no,0-3_days,yes,Lt_to_Rt,Complete,Normal,Normal,no
4243,no,Equal,Severe,High,Grd_Glass,yes,no,5-12,5-12,>=7.5,Grd_Glass,TAPVD,yes,4-10_days,no,None,Complete,Congested,Normal,yes
4244,no,Equal,Moderate,Low,Oligaemic,no,no,12+,5-12,<7.5,Oligaemic,Fallot,no,11-30_days,no,Lt_to_Rt,Mild,Normal,Low,no
4245,no,Equal,Moderate,Normal,Asy/Patch,yes,no,5-12,5-12,<7.5,Asy/Patchy,Fallot,no,11-30_days,no,Lt_to_Rt,Complete,Abnormal,Low,no
4246,no,Equal,Moderate,High,Plethoric,yes,no,5-12,5-12,>=7.5,Plethoric,PFC,yes,0-3_days,no,Rt_to_Lt,Complete,Abnormal,Low,yes
4247,no,Equal,Severe,Normal,Oligaemic,no,no,<5,<5,<7.5,Grd_Glass,PAIVS,no,0-3_days,yes,Lt_to_Rt,Complete,Normal,Low,yes
4248,no,Equal,Moderate,Normal,Normal,no,no,5-12,5-12,<7.5,Normal,TGA,no,0-3_days,no,None,Transp.,Normal,Normal,no
4249,no,Equal,Moderate,Normal,Oligaemic,no,no,12+,<5,<7.5,Oligaemic,Fallot,no,0-3_days,no,Lt_to_Rt,Complete,Normal,Low,no
4250,no,Equal,Moderate,Normal,Oligaemic,no,no,5-12,5-12,<7.5,Normal,Fallot,no,0-3_days,no,Lt_to_Rt,Complete,Normal,Low,yes
4251,no,Unequal,Mild,High,Grd_Glass,no,no,<5,12+,>=7.5,Asy/Patchy,Lung,no,0-3_days,no,Rt_to_Lt,None,Congested,Normal,no
4252,yes,Equal,Mild,Normal,Oligaemic,no,no,5-12,12+,<7.5,Oligaemic,Fallot,no,11-30_days,no,Lt_to_Rt,Complete,Normal,Low,no
4253,no,Equal,Severe,Normal,Oligaemic,no,no,<5,12+,<7.5,Oligaemic,Fallot,no,11-30_days,no,Lt_to_Rt,Complete,Normal,Low,no
4254,no,Unequal,Moderate,Normal,Grd_Glass,yes,no,12+,5-12,<7.5,Grd_Glass,Lung,yes,4-10_days,no,Rt_to_Lt,None,Congested,Normal,yes
4255,no,Equal,Severe,Normal,Asy/Patch,yes,yes,5-12,5-12,<7.5,Asy/Patchy,PAIVS,yes,0-3_days,yes,Lt_to_Rt,Complete,Abnormal,Normal,no
4256,no,Equal,Severe,High,Asy/Patch,yes,yes,<5,5-12,>=7.5,Plethoric,PAIVS,yes,0-3_days,yes,Lt_to_Rt,Complete,Abnormal,Low,no
4257,yes,Equal,Moderate,Normal,Plethoric,no,no,5-12,<5,<7.5,Plethoric,TGA,yes,11-30_days,no,Rt_to_Lt,Transp.,Normal,High,no
4258,no,Equal,Mild,Normal,Oligaemic,yes,no,12+,12+,<7.5,Normal,TGA,yes,0-3_days,no,None,Transp.,Abnormal,High,yes
4259,no,Equal,Moderate,High,Asy/Patch,yes,no,5-12,5-12,>=7.5,Asy/Patchy,PFC,yes,0-3_days,no,Rt_to_Lt,Mild,Abnormal,Low,no
4260,no,Equal,Severe,High,Plethoric,yes,no,<5,<5,<7.5,Normal,TGA,yes,0-3_days,no,None,Transp.,Normal,High,yes
4261,no,Equal,Moderate,Normal,Oligaemic,no,yes,5-12,<5,<7.5,Oligaemic,PAIVS,no,0-3_days,yes,Lt_to_Rt,Complete,Normal,Low,yes
4262,yes,Equal,Moderate,High,Oligaemic,no,no,5-12,5-12,>=7.5,Asy/Patchy,Fallot,no,11-30_days,no,Lt_to_Rt,Complete,Congested,Low,no
4263,yes,Unequal,Severe,High,Grd_Glass,yes,no,5-12,<5,>=7.5,Normal,PFC,yes,0-3_days,no,Rt_to_Lt,None,Abnormal,High,yes
4264,no,Equal,Moderate,Low,Plethoric,no,no,<5,5-12,<7.5,Plethoric,Fallot,no,0-3_days,no,Lt_to_Rt,Complete,Normal,High,no
4265,no,Equal,Moderate,Normal,Oligaemic,no,yes,12+,5-12,<7.5,Grd_Glass,PAIVS,no,0-3_days,yes,Lt_to_Rt,Complete,Normal,Low,yes
4266,no,Equal,Moderate,Normal,Oligaemic,no,yes,12+,5-12,<7.5,Oligaemic,PAIVS,no,0-3_days,yes,Lt_to_Rt,Complete,Normal,Low,no
4267,no,Equal,Moderate,Normal,Plethoric,no,no,5-12,12+,<7.5,Plethoric,TGA,no,4-10_days,no,None,Mild,Normal,High,no
4268,no,Equal,Mild,Normal,Oligaemic,no,no,5-12,12+,>=7.5,Oligaemic,Fallot,no,11-30_days,no,Lt_to_Rt,Mild,Normal,Low,no
4269,no,Equal,Mild,Normal,Oligaemic,no,yes,12+,5-12,<7.5,Oligaemic,PAIVS,no,0-3_days,yes,Lt_to_Rt,Complete,Normal,Low,no
4270,no,Equal,Mild,Low,Oligaemic,no,yes,12+,12+,<7.5,Normal,PAIVS,no,4-10_days,yes,Lt_to_Rt,Complete,Normal,Low,yes
4271,no,Equal,Severe,Normal,Plethoric,yes,yes,12+,<5,<7.5,Plethoric,TGA,yes,0-3_days,yes,None,Transp.,Normal,High,yes
4272,no,Equal,Moderate,Normal,Plethoric,no,no,5-12,5-12,<7.5,Plethoric,TGA,no,0-3_days,no,None,Mild,Normal,High,no
4273,yes,Equal,Moderate,Normal,Plethoric,no,yes,5-12,5-12,<7.5,Plethoric,PAIVS,no,0-3_days,yes,Lt_to_Rt,Complete,Normal,High,no
4274,no,Equal,Moderate,Normal,Oligaemic,yes,yes,5-12,5-12,<7.5,Oligaemic,PAIVS,yes,4-10_days,yes,Lt_to_Rt,Complete,Normal,Low,yes
4275,no,Equal,Mild,High,Asy/Patch,yes,yes,12+,12+,>=7.5,Asy/Patchy,TAPVD,yes,0-3_days,yes,None,Complete,Abnormal,Normal,yes
4276,no,Equal,Moderate,Low,Oligaemic,no,no,12+,5-12,<7.5,Oligaemic,Fallot,no,0-3_days,no,Lt_to_Rt,Mild,Normal,Low,yes
4277,no,Equal,Severe,Normal,Plethoric,no,no,<5,5-12,<7.5,Plethoric,TGA,no,0-3_days,no,None,Transp.,Normal,High,no
4278,no,Equal,Moderate,Normal,Oligaemic,no,no,5-12,5-12,<7.5,Oligaemic,Fallot,no,11-30_days,no,Lt_to_Rt,Mild,Normal,Low,no
4279,no,Unequal,Moderate,Normal,Normal,yes,no,<5,<5,<7.5,Normal,Fallot,yes,0-3_days,no,None,Complete,Normal,Normal,no
4280,no,Equal,Moderate,Normal,Oligaemic,no,no,<5,5-12,<7.5,Oligaemic,Fallot,no,4-10_days,no,Lt_to_Rt,Complete,Normal,Low,no
4281,no,Equal,Moderate,Normal,Oligaemic,no,yes,5-12,5-12,<7.5,Plethoric,PAIVS,no,11-30_days,yes,Lt_to_Rt,Complete,Normal,Low,yes
4282,no,Equal,Mild,Normal,Plethoric,no,no,12+,12+,<7.5,Plethoric,TGA,no,0-3_days,no,None,None,Normal,High,yes
4283,no,Equal,Severe,Normal,Oligaemic,no,no,<5,5-12,<7.5,Normal,TGA,no,0-3_days,no,None,Transp.,Abnormal,High,no
4284,no,Unequal,Severe,Normal,Oligaemic,no,no,5-12,12+,<7.5,Oligaemic,Fallot,no,0-3_days,no,Lt_to_Rt,Complete,Normal,Low,no
4285,no,Equal,Severe,Normal,Oligaemic,yes,no,<5,5-12,<7.5,Oligaemic,TGA,yes,4-10_days,no,None,Transp.,Abnormal,High,yes
4286,no,Equal,Moderate,Normal,Normal,no,no,12+,5-12,<7.5,Normal,TAPVD,no,0-3_days,no,Rt_to_Lt,Complete,Normal,Normal,no
4287,no,Unequal,Severe,Normal,Plethoric,no,no,5-12,<5,<7.5,Plethoric,TGA,no,0-3_days,no,Lt_to_Rt,Transp.,Normal,High,no
4288,yes,Equal,Moderate,Normal,Oligaemic,no,no,12+,5-12,<7.5,Oligaemic,Fallot,no,11-30_days,no,Lt_to_Rt,Complete,Normal,Low,no
4289,no,Equal,Severe,Normal,Oligaemic,no,no,<5,<5,<7.5,Asy/Patchy,Fallot,no,11-30_days,no,Lt_to_Rt,Complete,Congested,Low,no
4290,no,Equal,Severe,Low,Normal,no,yes,<5,<5,<7.5,Normal,TGA,no,0-3_days,yes,None,Transp.,Normal,High,no
4291,no,Unequal,Moderate,Low,Oligaemic,no,no,5-12,5-12,<7.5,Oligaemic,Fallot,no,11-30_days,no,Lt_to_Rt,Complete,Normal,Low,no
4292,no,Equal,Severe,High,Normal,no,no,<5,5-12,>=7.5,Normal,TGA,no,4-10_days,no,None,Transp.,Normal,Normal,no
4293,no,Equal,Moderate,Low,Oligaemic,no,no,12+,<5,<7.5,Asy/Patchy,Fallot,no,0-3_days,no,Lt_to_Rt,Mild,Normal,Low,yes
4294,no,Equal,Severe,Normal,Oligaemic,no,yes,5-12,<5,<7.5,Oligaemic,PAIVS,no,4-10_days,yes,Lt_to_Rt,Complete,Normal,Low,yes
4295,no,Equal,Moderate,Normal,Grd_Glass,no,yes,<5,5-12,<7.5,Grd_Glass,PAIVS,no,0-3_days,yes,Lt_to_Rt,Complete,Congested,Low,no
4296,no,Equal,Mild,Normal,Asy/Patch,no,no,12+,12+,<7.5,Asy/Patchy,Lung,yes,0-3_days,no,Lt_to_Rt,None,Abnormal,Normal,no
4297,no,Equal,Moderate,Normal,Oligaemic,no,no,5-12,<5,<7.5,Oligaemic,Fallot,no,4-10_days,no,Lt_to_Rt,Complete,Normal,Low,no
4298,no,Equal,Moderate,Normal,Normal,no,no,5-12,5-12,<7.5,Normal,TGA,no,0-3_days,no,Lt_to_Rt,Transp.,Normal,Normal,no
4299,no,Equal,Severe,High,Plethoric,no,no,12+,5-12,>=7.5,Plethoric,TGA,no,0-3_days,no,None,Transp.,Normal,High,no
4300,no,Equal,Moderate,Normal,Oligaemic,no,yes,<5,5-12,<7.5,Oligaemic,PAIVS,no,0-3_days,yes,Lt_to_Rt,Complete,Normal,Low,no
4301,yes,Equal,Severe,Normal,Plethoric,no,no,5-12,5-12,<7.5,Normal,TGA,no,0-3_days,no,None,Transp.,Normal,High,yes
4302,no,Equal,Moderate,Normal,Oligaemic,no,no,5-12,5-12,<7.5,Oligaemic,Fallot,yes,11-30_days,no,Lt_to_Rt,Complete,Normal,Low,no
4303,yes,Equal,Severe,Low,Plethoric,no,no,5-12,<5,>=7.5,Normal,TGA,no,0-3_days,no,None,Transp.,Normal,High,yes
4304,no,Equal,Severe,High,Plethoric,no,no,5-12,5-12,>=7.5,Asy/Patchy,TGA,no,0-3_days,no,None,Transp.,Normal,High,no
4305,no,Equal,Moderate,High,Asy/Patch,no,no,5-12,5-12,>=7.5,Asy/Patchy,PAIVS,no,0-3_days,yes,Lt_to_Rt,Complete,Normal,Low,no
4306,no,Equal,Mild,Low,Asy/Patch,no,yes,12+,5-12,<7.5,Asy/Patchy,PAIVS,no,0-3_days,yes,Lt_to_Rt,Complete,Abnormal,Low,no
4307,no,Equal,Moderate,High,Normal,yes,yes,5-12,12+,>=7.5,Normal,TGA,yes,0-3_days,no,None,Mild,Abnormal,High,yes
4308,no,Equal,Moderate,High,Normal,yes,yes,5-12,5-12,<7.5,Plethoric,Fallot,yes,11-30_days,yes,Lt_to_Rt,Complete,Abnormal,High,no
4309,no,Equal,Severe,Low,Asy/Patch,yes,no,5-12,<5,<7.5,Grd_Glass,TGA,no,0-3_days,no,None,Transp.,Abnormal,Normal,yes
4310,no,Equal,Severe,Normal,Asy/Patch,yes,no,5-12,5-12,<7.5,Normal,TAPVD,yes,0-3_days,no,None,Complete,Abnormal,Normal,no
4311,no,Equal,Moderate,Normal,Normal,no,no,<5,5-12,<7.5,Normal,Fallot,no,0-3_days,no,Lt_to_Rt,Complete,Normal,Low,yes
4312,no,Equal,Severe,Normal,Normal,no,no,5-12,<5,<7.5,Oligaemic,Fallot,no,4-10_days,no,Lt_to_Rt,Complete,Normal,Normal,no
4313,no,Equal,Severe,Low,Plethoric,yes,no,5-12,5-12,<7.5,Plethoric,TGA,yes,0-3_days,no,None,Transp.,Normal,High,yes
4314,no,Equal,Moderate,Normal,Plethoric,no,no,12+,<5,<7.5,Oligaemic,TGA,no,0-3_days,no,None,Transp.,Normal,High,no
4315,no,Equal,Severe,High,Oligaemic,no,yes,5-12,<5,>=7.5,Oligaemic,PAIVS,no,4-10_days,yes,Lt_to_Rt,Complete,Normal,Low,no
4316,no,Equal,Mild,Normal,Oligaemic,no,yes,12+,12+,<7.5,Oligaemic,PAIVS,no,0-3_days,yes,Lt_to_Rt,Complete,Normal,Low,no
4317,no,Equal,Moderate,High,Asy/Patch,no,yes,<5,5-12,>=7.5,Oligaemic,Fallot,no,0-3_days,yes,Lt_to_Rt,Complete,Abnormal,Low,no
4318,no,Unequal,Moderate,Normal,Grd_Glass,no,no,5-12,<5,<7.5,Grd_Glass,TAPVD,no,0-3_days,no,Rt_to_Lt,Complete,Congested,High,no
4319,no,Equal,Severe,Normal,Grd_Glass,yes,no,5-12,<5,<7.5,Grd_Glass,Fallot,yes,4-10_days,no,Lt_to_Rt,Complete,Abnormal,Low,yes
4320,no,Equal,Severe,Normal,Plethoric,no,no,5-12,<5,<7.5,Plethoric,TGA,no,0-3_days,no,Lt_to_Rt,Transp.,Normal,High,yes
4321,no,Equal,Moderate,High,Grd_Glass,yes,no,5-12,5-12,<7.5,Grd_Glass,PAIVS,yes,0-3_days,no,Lt_to_Rt,Complete,Abnormal,Low,no
4322,no,Equal,Severe,Normal,Normal,no,yes,5-12,<5,<7.5,Normal,Fallot,no,11-30_days,yes,Lt_to_Rt,Transp.,Normal,Low,no
4323,no,Unequal,Severe,Normal,Grd_Glass,no,no,<5,<5,<7.5,Grd_Glass,TGA,no,0-3_days,no,Rt_to_Lt,Transp.,Normal,High,no
4324,no,Equal,Severe,Normal,Oligaemic,no,no,<5,<5,<7.5,Oligaemic,Fallot,no,4-10_days,no,Lt_to_Rt,Complete,Normal,Low,yes
4325,no,Equal,Moderate,High,Normal,no,no,<5,5-12,>=7.5,Normal,Fallot,no,0-3_days,no,Lt_to_Rt,Complete,Normal,Normal,no
4326,no,Equal,Moderate,Normal,Normal,no,no,<5,5-12,<7.5,Grd_Glass,Fallot,no,4-10_days,no,Lt_to_Rt,Complete,Normal,Low,no
4327,no,Equal,Moderate,High,Asy/Patch,no,no,5-12,5-12,>=7.5,Asy/Patchy,TGA,no,0-3_days,no,None,Mild,Abnormal,Normal,no
4328,no,Equal,Moderate,Normal,Grd_Glass,yes,no,5-12,5-12,<7.5,Grd_Glass,TAPVD,yes,0-3_days,no,Rt_to_Lt,Complete,Congested,Low,yes
4329,no,Unequal,Moderate,Normal,Plethoric,no,no,5-12,5-12,>=7.5,Plethoric,TGA,no,0-3_days,no,None,Mild,Normal,High,no
4330,no,Equal,Moderate,Normal,Oligaemic,no,yes,5-12,12+,>=7.5,Oligaemic,PAIVS,no,4-10_days,yes,Lt_to_Rt,Complete,Normal,Low,no
4331,yes,Equal,Severe,High,Plethoric,no,no,12+,5-12,>=7.5,Plethoric,Fallot,no,11-30_days,no,Lt_to_Rt,Complete,Abnormal,Low,no
4332,no,Equal,Moderate,Normal,Oligaemic,no,no,<5,5-12,<7.5,Oligaemic,Fallot,no,0-3_days,no,Lt_to_Rt,Complete,Normal,Low,no
4333,no,Equal,Mild,High,Oligaemic,yes,yes,12+,12+,>=7.5,Oligaemic,PAIVS,no,0-3_days,yes,Lt_to_Rt,Complete,Normal,Low,no
4334,no,Equal,Severe,Normal,Plethoric,no,no,<5,12+,<7.5,Plethoric,TGA,no,11-30_days,no,None,Transp.,Normal,High,no
4335,no,Equal,Moderate,Normal,Normal,no,yes,5-12,<5,<7.5,Normal,PAIVS,no,0-3_days,yes,Lt_to_Rt,Complete,Normal,Normal,yes
4336,no,Equal,Moderate,Low,Oligaemic,no,no,5-12,5-12,<7.5,Oligaemic,Fallot,no,11-30_days,no,None,Complete,Normal,Low,no
4337,yes,Equal,Mild,Normal,Plethoric,no,no,12+,12+,<7.5,Plethoric,TGA,yes,0-3_days,no,None,None,Normal,High,yes
4338,no,Equal,Moderate,Normal,Oligaemic,no,no,5-12,5-12,<7.5,Oligaemic,Fallot,no,4-10_days,no,Lt_to_Rt,Complete,Normal,Low,no
4339,no,Equal,Moderate,Normal,Normal,no,yes,12+,5-12,<7.5,Normal,PAIVS,no,0-3_days,yes,Lt_to_Rt,Complete,Normal,Low,yes
4340,yes,Equal,Mild,Normal,Plethoric,no,no,5-12,5-12,<7.5,Asy/Patchy,PFC,no,0-3_days,no,Lt_to_Rt,None,Normal,High,yes
4341,no,Equal,Moderate,Normal,Oligaemic,yes,yes,<5,<5,<7.5,Oligaemic,Lung,yes,0-3_days,yes,Lt_to_Rt,Mild,Abnormal,High,yes
4342,no,Equal,Moderate,Normal,Oligaemic,no,no,12+,12+,<7.5,Normal,PFC,no,0-3_days,no,Rt_to_Lt,Complete,Normal,Low,no
4343,no,Equal,Moderate,High,Asy/Patch,no,no,12+,5-12,>=7.5,Asy/Patchy,TGA,no,4-10_days,no,Lt_to_Rt,Transp.,Abnormal,Normal,yes
4344,no,Equal,Moderate,Low,Plethoric,no,no,5-12,5-12,<7.5,Plethoric,TGA,no,0-3_days,no,None,Mild,Normal,High,yes
4345,no,Equal,Severe,Low,Grd_Glass,no,yes,<5,<5,<7.5,Asy/Patchy,PAIVS,no,4-10_days,yes,Lt_to_Rt,Complete,Normal,Low,no
4346,no,Equal,Moderate,Normal,Oligaemic,no,yes,5-12,<5,<7.5,Oligaemic,PAIVS,no,0-3_days,yes,Lt_to_Rt,Complete,Normal,Low,no
4347,no,Equal,Moderate,Normal,Oligaemic,no,no,12+,5-12,<7.5,Oligaemic,PAIVS,no,4-10_days,no,Lt_to_Rt,Complete,Normal,Low,no
4348,no,Equal,Moderate,Normal,Normal,yes,no,5-12,5-12,<7.5,Plethoric,Fallot,yes,0-3_days,no,Lt_to_Rt,Complete,Normal,Low,yes
4349,yes,Equal,Severe,Normal,Normal,no,no,<5,<5,<7.5,Normal,TGA,no,0-3_days,no,None,Transp.,Normal,High,yes
4350,yes,Equal,Severe,Normal,Normal,yes,yes,<5,5-12,<7.5,Normal,Fallot,yes,11-30_days,yes,None,Complete,Abnormal,Normal,no
4351,no,Equal,Moderate,Normal,Plethoric,yes,yes,<5,5-12,<7.5,Plethoric,TGA,yes,4-10_days,yes,None,Transp.,Normal,High,no
4352,yes,Equal,Mild,High,Asy/Patch,yes,no,5-12,12+,>=7.5,Asy/Patchy,Lung,yes,0-3_days,no,Lt_to_Rt,None,Abnormal,Normal,no
4353,no,Unequal,Moderate,Normal,Plethoric,no,yes,<5,12+,<7.5,Plethoric,PAIVS,no,0-3_days,yes,Lt_to_Rt,Complete,Normal,Low,no
4354,yes,Equal,Severe,High,Normal,no,no,<5,<5,>=7.5,Normal,TGA,no,0-3_days,no,None,Transp.,Abnormal,High,no
4355,no,Equal,Severe,Normal,Grd_Glass,no,yes,5-12,5-12,<7.5,Grd_Glass,PAIVS,no,0-3_days,yes,Lt_to_Rt,Complete,Normal,High,no
4356,no,Equal,Severe,Low,Normal,no,yes,<5,5-12,<7.5,Normal,TGA,no,0-3_days,no,None,Transp.,Normal,High,yes
4357,no,Unequal,Severe,Normal,Asy/Patch,yes,no,5-12,12+,<7.5,Asy/Patchy,PFC,yes,0-3_days,no,Lt_to_Rt,Mild,Abnormal,Low,yes
4358,no,Equal,Moderate,Normal,Asy/Patch,yes,no,<5,5-12,<7.5,Plethoric,Fallot,yes,11-30_days,no,Lt_to_Rt,Complete,Abnormal,Low,no
4359,no,Equal,Severe,Low,Plethoric,no,no,<5,<5,<7.5,Plethoric,TGA,no,4-10_days,no,Lt_to_Rt,Transp.,Normal,High,no
4360,no,Equal,Severe,High,Plethoric,yes,no,12+,<5,>=7.5,Plethoric,TGA,yes,11-30_days,no,Rt_to_Lt,Transp.,Normal,High,yes
4361,no,Equal,Severe,Low,Oligaemic,no,no,<5,12+,<7.5,Oligaemic,TGA,no,0-3_days,no,None,Transp.,Normal,Low,no
4362,no,Unequal,Severe,High,Asy/Patch,no,no,<5,5-12,>=7.5,Asy/Patchy,TGA,no,0-3_days,no,None,Transp.,Abnormal,High,no
4363,no,Equal,Severe,Normal,Plethoric,no,no,<5,5-12,<7.5,Plethoric,TGA,no,0-3_days,no,None,Transp.,Normal,High,no
4364,no,Equal,Moderate,Low,Oligaemic,no,no,5-12,<5,>=7.5,Oligaemic,Fallot,yes,4-10_days,no,Lt_to_Rt,Complete,Normal,Low,no
4365,no,Equal,Moderate,Normal,Grd_Glass,no,yes,<5,5-12,<7.5,Grd_Glass,PAIVS,no,0-3_days,yes,Lt_to_Rt,Complete,Congested,Normal,no
4366,no,Equal,Severe,High,Oligaemic,no,yes,5-12,<5,>=7.5,Oligaemic,PAIVS,no,0-3_days,yes,Lt_to_Rt,Complete,Abnormal,Low,no
4367,no,Equal,Moderate,Normal,Grd_Glass,yes,no,5-12,<5,<7.5,Normal,TAPVD,yes,11-30_days,no,Lt_to_Rt,Complete,Congested,Normal,no
4368,no,Equal,Moderate,Normal,Asy/Patch,no,no,<5,5-12,<7.5,Asy/Patchy,TAPVD,no,0-3_days,no,Lt_to_Rt,Complete,Congested,Low,yes
4369,no,Equal,Moderate,High,Plethoric,no,no,12+,5-12,>=7.5,Plethoric,Fallot,no,11-30_days,no,Lt_to_Rt,Complete,Congested,Low,no
4370,no,Equal,Moderate,Normal,Plethoric,yes,no,<5,5-12,<7.5,Plethoric,TGA,yes,0-3_days,no,None,Mild,Normal,High,yes
4371,no,Equal,Severe,Normal,Oligaemic,no,yes,5-12,<5,<7.5,Oligaemic,PAIVS,no,0-3_days,yes,Lt_to_Rt,Complete,Normal,Low,no
4372,no,Equal,Severe,Normal,Normal,no,no,5-12,<5,<7.5,Normal,TGA,yes,0-3_days,no,None,Transp.,Normal,Normal,no
4373,no,Equal,Moderate,Normal,Oligaemic,no,yes,5-12,5-12,<7.5,Oligaemic,PAIVS,yes,0-3_days,yes,Lt_to_Rt,Complete,Normal,Low,no
4374,no,Equal,Severe,Normal,Oligaemic,yes,no,12+,<5,<7.5,Oligaemic,TGA,yes,0-3_days,no,None,Transp.,Abnormal,High,yes
4375,no,Unequal,Severe,Normal,Oligaemic,yes,no,5-12,<5,<7.5,Oligaemic,Lung,yes,0-3_days,no,Rt_to_Lt,Mild,Abnormal,Low,no
4376,yes,Equal,Moderate,Normal,Normal,no,no,12+,5-12,<7.5,Normal,TGA,no,4-10_days,no,None,Mild,Normal,Normal,no
4377,no,Equal,Mild,Low,Plethoric,no,no,12+,12+,<7.5,Normal,Fallot,no,11-30_days,no,Lt_to_Rt,Mild,Normal,High,no
4378,no,Equal,Moderate,Normal,Oligaemic,no,no,5-12,<5,<7.5,Oligaemic,Fallot,no,11-30_days,no,Lt_to_Rt,Complete,Normal,Low,no
4379,no,Equal,Moderate,Low,Normal,no,no,5-12,12+,<7.5,Plethoric,Fallot,no,4-10_days,no,None,Complete,Normal,Normal,no
4380,no,Equal,Moderate,Low,Plethoric,no,no,<5,5-12,<7.5,Normal,Fallot,no,11-30_days,no,Lt_to_Rt,Mild,Normal,High,no
4381,no,Equal,Moderate,Normal,Normal,no,no,<5,5-12,<7.5,Asy/Patchy,Fallot,yes,4-10_days,no,Lt_to_Rt,Complete,Normal,Normal,yes
4382,no,Equal,Severe,High,Oligaemic,yes,no,5-12,<5,>=7.5,Oligaemic,PAIVS,yes,0-3_days,yes,Lt_to_Rt,Complete,Abnormal,Low,yes
4383,no,Equal,Severe,Normal,Asy/Patch,no,no,5-12,5-12,<7.5,Asy/Patchy,TGA,no,11-30_days,no,Rt_to_Lt,Transp.,Abnormal,High,no
4384,no,Equal,Moderate,Normal,Oligaemic,no,no,5-12,12+,<7.5,Normal,PAIVS,no,11-30_days,no,Lt_to_Rt,Complete,Normal,Low,yes
4385,yes,Equal,Moderate,Normal,Asy/Patch,yes,no,5-12,5-12,<7.5,Normal,PAIVS,yes,0-3_days,no,Lt_to_Rt,Complete,Normal,Low,yes
4386,no,Equal,Severe,Normal,Normal,no,no,<5,<5,>=7.5,Normal,TGA,no,0-3_days,no,None,Transp.,Normal,Normal,no
4387,no,Equal,Moderate,High,Normal,no,yes,<5,5-12,>=7.5,Normal,PAIVS,no,11-30_days,yes,Lt_to_Rt,Complete,Normal,Normal,no
4388,no,Equal,Severe,High,Asy/Patch,yes,yes,5-12,5-12,>=7.5,Asy/Patchy,PAIVS,yes,11-30_days,yes,Lt_to_Rt,Complete,Abnormal,Low,yes
4389,no,Unequal,Severe,Normal,Grd_Glass,yes,no,5-12,5-12,<7.5,Grd_Glass,Lung,yes,4-10_days,no,Rt_to_Lt,Mild,Congested,Normal,yes
4390,no,Equal,Severe,Normal,Normal,no,no,5-12,<5,<7.5,Normal,Fallot,no,0-3_days,no,None,Complete,Normal,Normal,yes
4391,no,Equal,Mild,High,Normal,no,yes,12+,5-12,>=7.5,Normal,Fallot,no,0-3_days,yes,None,Complete,Normal,Low,no
4392,no,Equal,Moderate,Normal,Oligaemic,no,no,5-12,<5,<7.5,Oligaemic,Fallot,yes,4-10_days,no,Lt_to_Rt,Complete,Normal,Low,no
4393,no,Equal,Moderate,High,Grd_Glass,yes,yes,<5,5-12,>=7.5,Normal,PAIVS,yes,0-3_days,yes,Lt_to_Rt,Complete,Abnormal,High,no
4394,no,Equal,Moderate,Normal,Oligaemic,no,no,5-12,5-12,<7.5,Oligaemic,Fallot,no,0-3_days,no,Lt_to_Rt,Complete,Normal,Low,yes
4395,no,Equal,Severe,High,Normal,no,no,<5,5-12,>=7.5,Normal,TGA,no,11-30_days,no,None,Transp.,Normal,Normal,no
4396,no,Equal,Severe,High,Oligaemic,yes,no,5-12,<5,>=7.5,Oligaemic,Fallot,yes,4-10_days,no,Lt_to_Rt,Transp.,Abnormal,Low,no
4397,no,Equal,Moderate,Normal,Normal,no,yes,5-12,5-12,<7.5,Oligaemic,PFC,no,0-3_days,no,Lt_to_Rt,Mild,Normal,Normal,yes
4398,no,Equal,Moderate,Normal,Plethoric,no,no,5-12,5-12,<7.5,Plethoric,TGA,no,0-3_days,no,None,Complete,Normal,High,no
4399,no,Equal,Moderate,Normal,Normal,no,yes,5-12,5-12,<7.5,Normal,PAIVS,no,0-3_days,yes,Lt_to_Rt,Complete,Normal,Low,no
4400,no,Equal,Moderate,Normal,Asy/Patch,no,yes,5-12,5-12,<7.5,Asy/Patchy,TGA,no,4-10_days,yes,None,Complete,Congested,High,no
4401,no,Equal,Moderate,Normal,Oligaemic,no,yes,<5,<5,<7.5,Oligaemic,Fallot,no,11-30_days,yes,Lt_to_Rt,Complete,Normal,Low,no
4402,no,Equal,Moderate,High,Normal,no,no,5-12,5-12,>=7.5,Normal,TGA,no,0-3_days,no,None,Mild,Normal,Normal,no
4403,no,Equal,Moderate,Low,Oligaemic,no,no,<5,5-12,<7.5,Oligaemic,Fallot,no,11-30_days,no,Lt_to_Rt,Complete,Normal,Low,no
4404,yes,Equal,Moderate,High,Oligaemic,no,no,5-12,5-12,>=7.5,Oligaemic,Fallot,no,0-3_days,no,None,Complete,Normal,Low,no
4405,no,Equal,Moderate,Normal,Normal,no,yes,5-12,5-12,<7.5,Plethoric,TGA,yes,11-30_days,no,None,Complete,Normal,Normal,no
4406,no,Equal,Severe,Normal,Normal,no,no,<5,5-12,<7.5,Normal,TGA,no,11-30_days,no,None,Transp.,Normal,Normal,no
4407,no,Equal,Moderate,Normal,Oligaemic,no,no,5-12,5-12,<7.5,Oligaemic,TGA,no,0-3_days,no,None,Transp.,Normal,Low,no
4408,no,Equal,Moderate,High,Oligaemic,no,no,5-12,5-12,>=7.5,Oligaemic,PAIVS,no,4-10_days,no,Lt_to_Rt,Complete,Normal,Low,yes
4409,no,Equal,Moderate,High,Asy/Patch,no,yes,12+,5-12,>=7.5,Plethoric,PAIVS,no,0-3_days,yes,Lt_to_Rt,Complete,Congested,Low,yes
4410,no,Equal,Severe,Normal,Normal,no,no,<5,<5,<7.5,Normal,Fallot,no,0-3_days,no,Lt_to_Rt,Complete,Normal,Low,no
4411,no,Equal,Moderate,High,Oligaemic,no,no,5-12,5-12,>=7.5,Oligaemic,TAPVD,no,0-3_days,no,None,Complete,Congested,Normal,no
4412,no,Equal,Mild,Normal,Normal,no,no,<5,12+,<7.5,Normal,Fallot,no,4-10_days,no,Lt_to_Rt,Complete,Normal,Low,yes
4413,no,Equal,Moderate,Normal,Plethoric,no,no,<5,5-12,<7.5,Grd_Glass,TGA,no,11-30_days,no,None,Transp.,Normal,High,yes
4414,no,Equal,Moderate,Normal,Oligaemic,no,no,5-12,<5,<7.5,Normal,Fallot,no,0-3_days,no,None,Complete,Normal,Low,no
4415,no,Equal,Severe,Normal,Normal,no,no,5-12,<5,<7.5,Grd_Glass,Fallot,no,11-30_days,no,Lt_to_Rt,Complete,Normal,Normal,no
4416,no,Equal,Moderate,High,Asy/Patch,yes,yes,12+,5-12,>=7.5,Asy/Patchy,Fallot,yes,4-10_days,yes,Lt_to_Rt,Complete,Abnormal,Low,no
4417,no,Equal,Moderate,Normal,Oligaemic,no,yes,5-12,5-12,<7.5,Oligaemic,PAIVS,no,0-3_days,yes,Lt_to_Rt,Complete,Normal,Low,no
4418,no,Equal,Moderate,High,Normal,no,no,12+,<5,>=7.5,Plethoric,TGA,no,4-10_days,no,None,Transp.,Normal,Normal,yes
4419,no,Equal,Moderate,Normal,Normal,no,yes,<5,5-12,<7.5,Normal,Fallot,no,4-10_days,no,None,Complete,Normal,Normal,no
4420,no,Equal,Severe,High,Asy/Patch,no,yes,5-12,5-12,>=7.5,Asy/Patchy,Fallot,no,4-10_days,yes,None,Complete,Abnormal,Low,yes
4421,yes,Equal,Moderate,Normal,Grd_Glass,no,no,5-12,5-12,<7.5,Asy/Patchy,TAPVD,yes,0-3_days,no,Rt_to_Lt,Complete,Congested,Normal,yes
4422,no,Equal,Severe,Normal,Normal,no,no,<5,5-12,<7.5,Normal,TGA,no,4-10_days,no,Lt_to_Rt,Transp.,Normal,High,no
4423,no,Equal,Moderate,Normal,Normal,no,no,5-12,5-12,<7.5,Normal,Fallot,no,11-30_days,no,None,Complete,Normal,Low,no
4424,no,Equal,Severe,Normal,Grd_Glass,no,no,5-12,<5,<7.5,Oligaemic,TGA,no,0-3_days,no,None,Transp.,Normal,High,no
4425,no,Equal,Moderate,Normal,Oligaemic,yes,no,5-12,5-12,>=7.5,Normal,Fallot,yes,0-3_days,no,Lt_to_Rt,Complete,Normal,Low,yes
4426,no,Equal,Severe,Normal,Normal,no,no,5-12,<5,<7.5,Normal,TGA,no,4-10_days,no,None,Transp.,Normal,Normal,no
4427,no,Equal,Moderate,Normal,Oligaemic,yes,yes,12+,5-12,<7.5,Oligaemic,PAIVS,yes,0-3_days,yes,Lt_to_Rt,Complete,Normal,Low,no
4428,no,Equal,Severe,Normal,Plethoric,no,no,5-12,5-12,<7.5,Plethoric,TGA,no,11-30_days,no,None,Transp.,Normal,High,no
4429,no,Unequal,Moderate,Normal,Normal,no,yes,<5,5-12,<7.5,Asy/Patchy,TGA,no,0-3_days,yes,Rt_to_Lt,Transp.,Normal,Normal,no
4430,no,Equal,Severe,Low,Normal,no,yes,5-12,<5,<7.5,Asy/Patchy,PAIVS,no,0-3_days,yes,Lt_to_Rt,Complete,Normal,Normal,no
4431,yes,Equal,Moderate,Normal,Asy/Patch,no,no,<5,5-12,<7.5,Asy/Patchy,Lung,no,0-3_days,no,Rt_to_Lt,Mild,Abnormal,Normal,no
4432,no,Equal,Moderate,High,Oligaemic,no,no,5-12,5-12,>=7.5,Normal,TGA,no,4-10_days,no,None,Transp.,Abnormal,Normal,no
4433,no,Equal,Mild,Normal,Oligaemic,no,yes,5-12,5-12,<7.5,Normal,PAIVS,no,0-3_days,yes,Lt_to_Rt,Complete,Normal,Low,no
4434,no,Equal,Severe,Normal,Plethoric,yes,yes,5-12,<5,>=7.5,Plethoric,TGA,no,0-3_days,yes,None,Transp.,Normal,High,no
4435,no,Equal,Moderate,Normal,Grd_Glass,yes,no,<5,12+,<7.5,Grd_Glass,TAPVD,yes,0-3_days,no,Rt_to_Lt,Complete,Congested,High,yes
4436,no,Equal,Moderate,Normal,Grd_Glass,yes,no,<5,5-12,>=7.5,Asy/Patchy,TAPVD,yes,0-3_days,no,Rt_to_Lt,Complete,Congested,Low,no
4437,no,Equal,Mild,Low,Oligaemic,no,yes,<5,12+,<7.5,Normal,PAIVS,no,0-3_days,yes,Lt_to_Rt,Complete,Normal,Low,no
4438,no,Equal,Severe,Low,Oligaemic,no,no,5-12,<5,<7.5,Oligaemic,Fallot,no,11-30_days,no,Lt_to_Rt,Mild,Normal,Low,no
4439,no,Equal,Moderate,Normal,Oligaemic,no,yes,5-12,5-12,<7.5,Oligaemic,PAIVS,no,0-3_days,yes,Lt_to_Rt,Complete,Normal,Low,no
4440,no,Equal,Moderate,Low,Normal,no,no,<5,5-12,<7.5,Normal,TGA,no,4-10_days,no,Rt_to_Lt,Complete,Normal,Normal,no
4441,no,Equal,Moderate,Normal,Normal,no,no,<5,5-12,<7.5,Oligaemic,Fallot,no,4-10_days,no,None,Complete,Normal,Low,no
4442,no,Equal,Moderate,Normal,Normal,no,yes,5-12,5-12,<7.5,Plethoric,PAIVS,no,4-10_days,yes,Lt_to_Rt,Complete,Normal,Normal,yes
4443,yes,Equal,Severe,Low,Oligaemic,no,no,<5,12+,>=7.5,Asy/Patchy,Fallot,no,4-10_days,no,Lt_to_Rt,Complete,Normal,Low,no
4444,yes,Equal,Moderate,High,Asy/Patch,yes,no,5-12,<5,>=7.5,Grd_Glass,Lung,no,0-3_days,no,None,Mild,Abnormal,Low,no
4445,no,Equal,Severe,Normal,Oligaemic,no,no,5-12,<5,<7.5,Oligaemic,PAIVS,no,0-3_days,yes,Lt_to_Rt,Complete,Normal,Low,no
4446,no,Equal,Severe,Normal,Asy/Patch,yes,no,12+,<5,<7.5,Asy/Patchy,TGA,yes,0-3_days,no,None,Mild,Abnormal,Normal,no
4447,yes,Equal,Severe,Normal,Plethoric,no,no,<5,5-12,<7.5,Asy/Patchy,TGA,yes,0-3_days,no,None,Transp.,Normal,High,no
4448,no,Equal,Severe,High,Asy/Patch,no,yes,<5,5-12,>=7.5,Asy/Patchy,Fallot,yes,11-30_days,yes,Lt_to_Rt,Complete,Abnormal,Low,no
4449,no,Equal,Moderate,Normal,Oligaemic,no,no,<5,12+,>=7.5,Oligaemic,Fallot,no,0-3_days,no,Lt_to_Rt,Complete,Normal,Low,no
4450,no,Unequal,Moderate,High,Grd_Glass,no,no,5-12,5-12,>=7.5,Asy/Patchy,Fallot,no,0-3_days,no,Lt_to_Rt,Complete,Congested,Normal,yes
4451,no,Equal,Moderate,Normal,Normal,no,no,<5,5-12,<7.5,Normal,Fallot,no,11-30_days,no,Lt_to_Rt,Complete,Normal,Low,no
4452,no,Equal,Moderate,Normal,Plethoric,no,no,12+,5-12,<7.5,Plethoric,TGA,no,0-3_days,no,None,Mild,Normal,High,yes
4453,no,Equal,Severe,Normal,Normal,no,no,<5,<5,<7.5,Normal,Fallot,no,11-30_days,no,Lt_to_Rt,Complete,Normal,Normal,no
4454,no,Equal,Severe,Normal,Normal,no,no,<5,5-12,<7.5,Asy/Patchy,TGA,no,0-3_days,no,None,Transp.,Normal,High,no
4455,no,Equal,Severe,Normal,Normal,no,yes,5-12,5-12,<7.5,Normal,PAIVS,yes,4-10_days,yes,Lt_to_Rt,Complete,Abnormal,High,no
4456,no,Equal,Moderate,Normal,Normal,no,no,5-12,<5,<7.5,Normal,TGA,no,0-3_days,no,None,Mild,Normal,High,no
4457,no,Equal,Moderate,Normal,Oligaemic,no,yes,5-12,5-12,<7.5,Normal,PAIVS,yes,4-10_days,yes,Lt_to_Rt,Complete,Normal,Low,yes
4458,no,Equal,Mild,Normal,Asy/Patch,yes,no,5-12,12+,<7.5,Asy/Patchy,TAPVD,no,4-10_days,no,None,Complete,Abnormal,Normal,yes
4459,no,Equal,Moderate,Normal,Normal,no,no,<5,5-12,<7.5,Normal,Fallot,no,0-3_days,no,None,Complete,Normal,Normal,no
4460,no,Equal,Moderate,Normal,Plethoric,no,no,12+,<5,<7.5,Plethoric,Fallot,no,4-10_days,no,Lt_to_Rt,Complete,Normal,High,no
4461,no,Equal,Severe,Low,Plethoric,no,no,5-12,<5,>=7.5,Plethoric,TGA,no,0-3_days,no,None,Transp.,Normal,High,no
4462,no,Equal,Mild,Normal,Asy/Patch,no,yes,12+,12+,<7.5,Asy/Patchy,PAIVS,yes,0-3_days,yes,Lt_to_Rt,Complete,Abnormal,Low,no
4463,no,Equal,Moderate,High,Plethoric,no,yes,5-12,<5,>=7.5,Plethoric,PAIVS,no,11-30_days,yes,Lt_to_Rt,Complete,Normal,Normal,yes
4464,no,Equal,Severe,Normal,Asy/Patch,no,no,5-12,<5,<7.5,Asy/Patchy,Lung,no,0-3_days,no,None,None,Abnormal,Normal,yes
4465,no,Equal,Moderate,Normal,Oligaemic,no,no,5-12,<5,<7.5,Oligaemic,Fallot,yes,4-10_days,no,Lt_to_Rt,Complete,Normal,Low,yes
4466,no,Equal,Mild,Normal,Grd_Glass,no,no,12+,12+,<7.5,Grd_Glass,TGA,no,0-3_days,no,Rt_to_Lt,Mild,Congested,High,yes
4467,no,Unequal,Severe,Normal,Asy/Patch,no,yes,<5,<5,<7.5,Normal,PAIVS,no,4-10_days,yes,Lt_to_Rt,Complete,Abnormal,Normal,no
4468,no,Equal,Severe,Normal,Grd_Glass,yes,no,<5,<5,<7.5,Asy/Patchy,Fallot,no,0-3_days,no,Lt_to_Rt,Complete,Congested,Low,no
4469,no,Equal,Moderate,Normal,Asy/Patch,yes,no,5-12,<5,<7.5,Asy/Patchy,Lung,yes,0-3_days,no,None,None,Abnormal,Normal,no
4470,no,Equal,Severe,Normal,Normal,no,no,<5,5-12,<7.5,Normal,TGA,no,0-3_days,no,None,Transp.,Abnormal,High,no
4471,no,Equal,Moderate,Normal,Normal,no,no,5-12,<5,<7.5,Normal,Fallot,no,11-30_days,no,Lt_to_Rt,Complete,Normal,Normal,no
4472,no,Equal,Severe,High,Oligaemic,yes,no,5-12,<5,>=7.5,Oligaemic,TGA,yes,0-3_days,no,None,Transp.,Abnormal,High,no
4473,no,Equal,Mild,High,Asy/Patch,yes,no,12+,12+,>=7.5,Plethoric,Fallot,yes,11-30_days,no,Lt_to_Rt,None,Abnormal,Low,no
4474,no,Unequal,Mild,Normal,Oligaemic,no,yes,5-12,12+,<7.5,Asy/Patchy,PAIVS,no,0-3_days,yes,Lt_to_Rt,Complete,Normal,Low,no
4475,no,Unequal,Mild,Normal,Asy/Patch,yes,yes,<5,5-12,<7.5,Asy/Patchy,PAIVS,yes,0-3_days,yes,Lt_to_Rt,Complete,Abnormal,Low,yes
4476,no,Equal,Moderate,Normal,Oligaemic,no,no,5-12,5-12,<7.5,Oligaemic,PAIVS,yes,0-3_days,yes,Lt_to_Rt,Complete,Normal,Low,no
4477,no,Equal,Moderate,Normal,Oligaemic,no,yes,12+,5-12,<7.5,Oligaemic,Fallot,no,11-30_days,yes,Lt_to_Rt,Complete,Normal,Low,no
4478,no,Equal,Moderate,Normal,Plethoric,no,yes,5-12,12+,<7.5,Plethoric,Lung,no,0-3_days,yes,None,None,Congested,Low,no
4479,no,Equal,Severe,High,Normal,no,no,<5,<5,<7.5,Normal,TGA,no,0-3_days,no,None,Transp.,Normal,High,no
4480,no,Equal,Severe,High,Asy/Patch,yes,yes,12+,5-12,>=7.5,Grd_Glass,Lung,yes,0-3_days,yes,Lt_to_Rt,Mild,Abnormal,Normal,no
4481,no,Equal,Moderate,Normal,Oligaemic,no,no,5-12,<5,<7.5,Oligaemic,Fallot,no,11-30_days,no,None,Complete,Normal,Low,no
4482,no,Equal,Severe,Normal,Oligaemic,no,yes,<5,<5,<7.5,Oligaemic,PAIVS,no,0-3_days,yes,Lt_to_Rt,Complete,Normal,Low,no
4483,no,Equal,Severe,Normal,Normal,no,no,<5,5-12,<7.5,Normal,TGA,no,0-3_days,no,Rt_to_Lt,Transp.,Normal,Normal,no
4484,no,Equal,Moderate,High,Normal,no,no,12+,5-12,>=7.5,Normal,Fallot,no,4-10_days,no,Lt_to_Rt,Complete,Normal,Normal,no
4485,no,Equal,Moderate,Normal,Oligaemic,no,no,5-12,5-12,<7.5,Oligaemic,Fallot,no,4-10_days,no,Lt_to_Rt,Complete,Normal,Low,no
4486,no,Equal,Moderate,High,Asy/Patch,yes,yes,5-12,5-12,>=7.5,Asy/Patchy,PAIVS,yes,0-3_days,yes,Lt_to_Rt,Complete,Abnormal,Low,no
4487,no,Equal,Severe,Normal,Normal,no,no,12+,<5,<7.5,Plethoric,Fallot,no,0-3_days,no,Lt_to_Rt,Complete,Normal,Low,no
4488,no,Equal,Moderate,Low,Oligaemic,no,yes,5-12,5-12,<7.5,Oligaemic,PAIVS,no,0-3_days,yes,Lt_to_Rt,Complete,Normal,Low,no
4489,no,Equal,Mild,High,Asy/Patch,yes,yes,5-12,<5,>=7.5,Grd_Glass,Lung,no,0-3_days,yes,None,None,Abnormal,Normal,yes
4490,no,Equal,Severe,High,Asy/Patch,yes,no,5-12,<5,>=7.5,Grd_Glass,TAPVD,yes,0-3_days,no,Rt_to_Lt,Complete,Congested,Low,yes
4491,no,Equal,Severe,High,Plethoric,no,no,<5,5-12,>=7.5,Plethoric,PAIVS,no,0-3_days,yes,Lt_to_Rt,Complete,Normal,Normal,no
4492,no,Equal,Moderate,Normal,Asy/Patch,no,no,<5,5-12,<7.5,Asy/Patchy,Fallot,no,4-10_days,no,Lt_to_Rt,Complete,Abnormal,Low,no
4493,no,Equal,Moderate,Normal,Plethoric,no,yes,<5,<5,<7.5,Plethoric,TGA,no,0-3_days,yes,None,Mild,Normal,High,no
4494,no,Equal,Severe,Normal,Normal,no,no,<5,5-12,<7.5,Normal,Fallot,no,4-10_days,no,Lt_to_Rt,Complete,Normal,Low,no
4495,no,Equal,Severe,Normal,Grd_Glass,no,no,<5,5-12,>=7.5,Grd_Glass,PFC,no,0-3_days,no,None,None,Normal,Low,no
4496,no,Equal,Moderate,Normal,Oligaemic,no,yes,5-12,5-12,<7.5,Asy/Patchy,PAIVS,no,0-3_days,yes,Lt_to_Rt,Complete,Normal,Low,yes
4497,no,Equal,Severe,Normal,Normal,no,no,5-12,5-12,<7.5,Normal,Fallot,no,11-30_days,no,Lt_to_Rt,Complete,Normal,Normal,no
4498,no,Equal,Moderate,Normal,Plethoric,no,no,5-12,5-12,<7.5,Plethoric,TGA,no,11-30_days,no,None,Complete,Normal,High,no
4499,no,Equal,Moderate,Normal,Oligaemic,no,yes,<5,5-12,<7.5,Oligaemic,PAIVS,no,0-3_days,yes,Lt_to_Rt,Complete,Normal,Low,no
4500,yes,Equal,Moderate,High,Oligaemic,no,no,5-12,5-12,>=7.5,Oligaemic,TGA,no,0-3_days,no,None,Mild,Abnormal,High,yes
4501,no,Equal,Moderate,High,Plethoric,no,yes,5-12,<5,>=7.5,Plethoric,PAIVS,no,4-10_days,yes,Lt_to_Rt,Complete,Normal,Low,yes
4502,no,Equal,Severe,Normal,Normal,no,no,<5,5-12,<7.5,Asy/Patchy,TGA,yes,0-3_days,no,None,Mild,Normal,Normal,no
4503,no,Equal,Severe,Low,Normal,yes,no,<5,<5,<7.5,Normal,TGA,yes,0-3_days,no,None,Transp.,Normal,Normal,yes
4504,yes,Equal,Mild,Low,Normal,no,no,5-12,<5,<7.5,Normal,PFC,no,0-3_days,no,Lt_to_Rt,None,Normal,Normal,no
4505,no,Equal,Severe,Normal,Plethoric,no,yes,<5,<5,<7.5,Plethoric,TGA,no,4-10_days,yes,None,Transp.,Normal,High,no
4506,no,Equal,Moderate,High,Asy/Patch,yes,yes,<5,5-12,>=7.5,Asy/Patchy,PAIVS,yes,0-3_days,yes,Lt_to_Rt,Complete,Abnormal,Low,yes
4507,no,Equal,Mild,Normal,Normal,no,yes,12+,12+,<7.5,Normal,PAIVS,no,4-10_days,yes,Lt_to_Rt,Complete,Normal,Low,no
4508,no,Equal,Moderate,High,Oligaemic,yes,yes,12+,5-12,>=7.5,Oligaemic,PAIVS,yes,0-3_days,yes,Lt_to_Rt,Complete,Abnormal,Normal,yes
4509,yes,Equal,Moderate,High,Asy/Patch,yes,yes,12+,5-12,>=7.5,Asy/Patchy,TAPVD,yes,0-3_days,no,None,Complete,Abnormal,Normal,yes
4510,no,Equal,Moderate,Normal,Asy/Patch,no,no,5-12,5-12,<7.5,Asy/Patchy,Fallot,no,11-30_days,no,Lt_to_Rt,Complete,Congested,Low,no
4511,no,Equal,Severe,High,Grd_Glass,yes,no,5-12,<5,>=7.5,Grd_Glass,TAPVD,yes,0-3_days,no,Lt_to_Rt,Complete,Abnormal,Normal,no
4512,no,Equal,Moderate,Normal,Plethoric,no,no,<5,12+,<7.5,Plethoric,Fallot,no,0-3_days,no,Lt_to_Rt,Complete,Normal,High,no
4513,no,Equal,Mild,High,Plethoric,no,no,12+,5-12,>=7.5,Plethoric,Fallot,yes,4-10_days,no,Lt_to_Rt,Complete,Normal,High,no
4514,no,Equal,Moderate,High,Normal,no,yes,<5,<5,<7.5,Asy/Patchy,PFC,no,0-3_days,yes,Rt_to_Lt,Mild,Normal,Low,yes
4515,no,Equal,Severe,Normal,Asy/Patch,yes,no,<5,5-12,<7.5,Asy/Patchy,Fallot,yes,4-10_days,no,Lt_to_Rt,Mild,Abnormal,High,no
4516,no,Equal,Moderate,Normal,Oligaemic,no,yes,5-12,5-12,<7.5,Oligaemic,PAIVS,no,0-3_days,yes,Lt_to_Rt,Complete,Normal,Low,no
4517,no,Equal,Moderate,Normal,Oligaemic,no,yes,5-12,5-12,<7.5,Oligaemic,Fallot,no,4-10_days,yes,Lt_to_Rt,Complete,Normal,Low,no
4518,no,Equal,Severe,Normal,Normal,no,no,12+,<5,<7.5,Grd_Glass,TGA,no,0-3_days,no,None,Transp.,Normal,Normal,yes
4519,no,Equal,Severe,Normal,Normal,yes,no,12+,<5,<7.5,Normal,Fallot,yes,0-3_days,no,Lt_to_Rt,Complete,Normal,Normal,yes
4520,no,Equal,Moderate,Normal,Oligaemic,no,no,12+,5-12,>=7.5,Oligaemic,PAIVS,no,0-3_days,no,Lt_to_Rt,Complete,Normal,Low,yes
4521,no,Equal,Mild,Low,Plethoric,no,yes,<5,12+,<7.5,Plethoric,Fallot,no,11-30_days,yes,None,None,Normal,Low,no
4522,no,Equal,Moderate,Normal,Normal,yes,no,5-12,5-12,<7.5,Normal,PFC,yes,0-3_days,no,Rt_to_Lt,Mild,Normal,Low,yes
4523,yes,Equal,Severe,Normal,Grd_Glass,yes,yes,<5,<5,<7.5,Asy/Patchy,TGA,yes,0-3_days,yes,Lt_to_Rt,Transp.,Abnormal,High,no
4524,no,Equal,Moderate,Normal,Oligaemic,no,no,5-12,12+,<7.5,Oligaemic,Fallot,no,11-30_days,no,Lt_to_Rt,Mild,Normal,Low,no
4525,no,Equal,Moderate,Normal,Oligaemic,no,yes,5-12,<5,>=7.5,Oligaemic,PAIVS,no,0-3_days,yes,Lt_to_Rt,Complete,Normal,Low,no
4526,no,Equal,Mild,Normal,Plethoric,no,no,12+,12+,<7.5,Plethoric,Fallot,yes,4-10_days,no,None,Complete,Normal,High,yes
4527,no,Equal,Moderate,Normal,Asy/Patch,yes,no,<5,<5,<7.5,Plethoric,TGA,yes,0-3_days,no,None,Transp.,Abnormal,Normal,yes
4528,yes,Equal,Moderate,Low,Grd_Glass,no,yes,<5,<5,<7.5,Grd_Glass,PAIVS,no,0-3_days,yes,Lt_to_Rt,Complete,Normal,Low,no
4529,no,Equal,Severe,Normal,Plethoric,no,no,<5,<5,<7.5,Plethoric,TGA,no,0-3_days,no,None,Transp.,Abnormal,High,yes
4530,no,Unequal,Moderate,Normal,Normal,no,no,5-12,5-12,<7.5,Normal,TGA,no,0-3_days,no,Rt_to_Lt,Mild,Normal,High,yes
4531,no,Equal,Moderate,Normal,Oligaemic,no,no,5-12,<5,<7.5,Normal,PAIVS,no,0-3_days,no,Lt_to_Rt,Complete,Normal,Low,no
4532,no,Equal,Moderate,Normal,Oligaemic,no,no,12+,5-12,<7.5,Oligaemic,Fallot,no,11-30_days,no,None,Complete,Normal,Low,no
4533,no,Equal,Severe,Normal,Plethoric,no,no,<5,12+,<7.5,Plethoric,TGA,no,0-3_days,no,None,Transp.,Normal,High,no
4534,yes,Equal,Severe,Normal,Oligaemic,no,no,<5,<5,<7.5,Grd_Glass,Fallot,no,0-3_days,no,Lt_to_Rt,Complete,Normal,Low,no
4535,no,Equal,Moderate,Normal,Grd_Glass,no,no,5-12,5-12,<7.5,Asy/Patchy,Lung,no,11-30_days,no,None,None,Congested,Normal,no
4536,no,Equal,Moderate,Normal,Oligaemic,no,no,5-12,12+,<7.5,Asy/Patchy,Fallot,no,11-30_days,no,Lt_to_Rt,Mild,Normal,Low,no
4537,no,Equal,Severe,Normal,Normal,no,no,<5,<5,<7.5,Normal,PAIVS,no,4-10_days,yes,Lt_to_Rt,Complete,Normal,Normal,no
4538,no,Equal,Moderate,Normal,Plethoric,no,yes,5-12,5-12,<7.5,Plethoric,TGA,no,4-10_days,yes,None,Transp.,Normal,High,no
4539,no,Equal,Moderate,Normal,Plethoric,no,no,5-12,<5,>=7.5,Asy/Patchy,TGA,yes,0-3_days,no,None,Transp.,Normal,High,yes
4540,no,Equal,Moderate,High,Oligaemic,no,no,12+,<5,>=7.5,Oligaemic,PFC,no,0-3_days,no,Rt_to_Lt,Mild,Normal,Low,no
4541,no,Equal,Moderate,High,Normal,no,no,<5,5-12,>=7.5,Normal,Fallot,no,4-10_days,no,Lt_to_Rt,Complete,Normal,Normal,no
4542,no,Unequal,Mild,High,Oligaemic,yes,no,<5,12+,>=7.5,Asy/Patchy,Fallot,yes,11-30_days,no,Lt_to_Rt,Complete,Abnormal,Low,no
4543,no,Equal,Mild,Normal,Oligaemic,no,yes,<5,5-12,<7.5,Grd_Glass,Fallot,no,4-10_days,yes,Lt_to_Rt,Complete,Abnormal,Low,no
4544,no,Unequal,Moderate,Normal,Oligaemic,no,no,<5,<5,<7.5,Oligaemic,PAIVS,no,0-3_days,yes,Lt_to_Rt,Complete,Normal,Low,yes
4545,no,Equal,Mild,Normal,Oligaemic,no,no,12+,12+,<7.5,Oligaemic,Fallot,no,11-30_days,no,Lt_to_Rt,Complete,Normal,Low,no
4546,no,Equal,Moderate,Normal,Normal,no,yes,5-12,5-12,<7.5,Normal,TGA,no,0-3_days,yes,None,Transp.,Abnormal,High,no
4547,no,Equal,Severe,Normal,Plethoric,no,no,<5,5-12,<7.5,Plethoric,TGA,no,4-10_days,no,None,Transp.,Normal,High,no
4548,no,Equal,Moderate,Normal,Oligaemic,yes,no,5-12,5-12,<7.5,Oligaemic,Fallot,yes,0-3_days,no,Lt_to_Rt,Complete,Normal,Low,no
4549,no,Unequal,Severe,High,Asy/Patch,yes,no,<5,<5,>=7.5,Plethoric,Lung,yes,0-3_days,no,None,Mild,Abnormal,Normal,no
4550,no,Equal,Moderate,Normal,Plethoric,no,no,5-12,5-12,<7.5,Plethoric,TGA,yes,0-3_days,no,None,Transp.,Normal,High,no
4551,no,Equal,Mild,High,Normal,no,no,12+,5-12,>=7.5,Normal,TGA,no,0-3_days,no,Lt_to_Rt,Mild,Normal,High,yes
4552,no,Equal,Severe,Normal,Normal,no,no,5-12,<5,<7.5,Normal,TGA,no,4-10_days,no,None,Transp.,Normal,Normal,no
4553,no,Equal,Severe,Normal,Normal,no,yes,5-12,5-12,<7.5,Normal,PAIVS,no,0-3_days,yes,Lt_to_Rt,Complete,Normal,Low,no
4554,yes,Equal,Severe,High,Oligaemic,no,no,12+,5-12,<7.5,Oligaemic,Fallot,no,11-30_days,no,None,Complete,Normal,Low,no
4555,no,Equal,Moderate,High,Asy/Patch,yes,yes,5-12,5-12,>=7.5,Asy/Patchy,PAIVS,yes,11-30_days,yes,Lt_to_Rt,Complete,Abnormal,Low,yes
4556,yes,Equal,Moderate,Normal,Plethoric,no,no,<5,12+,<7.5,Plethoric,TGA,no,0-3_days,no,None,Transp.,Normal,High,no
4557,no,Equal,Severe,High,Normal,no,yes,<5,<5,>=7.5,Normal,Lung,no,11-30_days,no,Lt_to_Rt,Transp.,Normal,Normal,no
4558,no,Equal,Severe,Normal,Grd_Glass,no,no,5-12,12+,<7.5,Grd_Glass,TAPVD,no,0-3_days,no,Rt_to_Lt,Complete,Congested,Normal,yes
4559,no,Equal,Severe,Normal,Normal,no,no,<5,12+,<7.5,Normal,TGA,no,0-3_days,no,None,Transp.,Normal,Normal,no
4560,no,Equal,Severe,Low,Plethoric,no,no,5-12,<5,<7.5,Plethoric,TGA,no,0-3_days,no,None,Transp.,Normal,High,no
4561,yes,Unequal,Moderate,High,Asy/Patch,yes,no,<5,5-12,>=7.5,Plethoric,PFC,yes,0-3_days,no,Rt_to_Lt,None,Abnormal,Low,no
4562,no,Equal,Moderate,High,Oligaemic,no,no,<5,12+,>=7.5,Oligaemic,TAPVD,no,0-3_days,no,Rt_to_Lt,Complete,Abnormal,High,no
4563,no,Equal,Moderate,Low,Grd_Glass,yes,no,5-12,5-12,<7.5,Plethoric,TAPVD,yes,0-3_days,no,Rt_to_Lt,Complete,Congested,High,yes
4564,no,Unequal,Severe,High,Oligaemic,no,no,<5,5-12,>=7.5,Oligaemic,Fallot,no,0-3_days,no,None,Complete,Normal,Low,yes
4565,no,Equal,Moderate,High,Plethoric,no,no,<5,5-12,<7.5,Plethoric,Fallot,no,4-10_days,no,Lt_to_Rt,Complete,Congested,High,no
4566,no,Equal,Severe,Normal,Plethoric,no,yes,<5,<5,<7.5,Plethoric,TGA,no,0-3_days,yes,None,Transp.,Normal,High,no
4567,no,Equal,Moderate,Normal,Plethoric,no,no,5-12,5-12,<7.5,Plethoric,TGA,no,4-10_days,no,None,Transp.,Normal,High,no
4568,no,Equal,Moderate,Normal,Oligaemic,yes,yes,5-12,<5,<7.5,Oligaemic,PAIVS,yes,0-3_days,yes,Lt_to_Rt,Complete,Normal,Low,yes
4569,yes,Unequal,Mild,Normal,Oligaemic,no,no,5-12,5-12,<7.5,Oligaemic,PFC,no,0-3_days,no,Rt_to_Lt,None,Normal,Low,no
4570,no,Equal,Mild,Normal,Grd_Glass,no,no,12+,12+,<7.5,Plethoric,TGA,no,0-3_days,no,Lt_to_Rt,Transp.,Congested,High,no
4571,no,Equal,Severe,Normal,Plethoric,yes,no,5-12,5-12,<7.5,Asy/Patchy,TGA,yes,11-30_days,no,Lt_to_Rt,Transp.,Normal,High,no
4572,no,Equal,Moderate,Normal,Normal,no,no,5-12,5-12,<7.5,Normal,TGA,no,0-3_days,no,Rt_to_Lt,Complete,Normal,High,no
4573,no,Equal,Moderate,Normal,Oligaemic,no,no,5-12,5-12,<7.5,Plethoric,Fallot,no,11-30_days,no,Lt_to_Rt,Mild,Normal,Low,no
4574,no,Unequal,Mild,Normal,Normal,no,no,<5,12+,<7.5,Normal,PFC,no,0-3_days,no,Rt_to_Lt,None,Normal,Low,yes
4575,no,Equal,Severe,Normal,Plethoric,no,no,<5,5-12,<7.5,Plethoric,TGA,no,0-3_days,no,None,Transp.,Normal,High,no
4576,no,Equal,Severe,Normal,Normal,no,no,<5,<5,<7.5,Normal,TGA,no,0-3_days,no,None,Transp.,Normal,High,no
4577,no,Equal,Severe,Normal,Plethoric,no,no,<5,5-12,<7.5,Plethoric,TGA,no,0-3_days,no,None,Transp.,Normal,High,yes
4578,no,Equal,Moderate,Normal,Normal,no,no,5-12,5-12,<7.5,Normal,TGA,no,0-3_days,no,None,Mild,Normal,High,no
4579,no,Equal,Severe,Normal,Grd_Glass,no,no,<5,5-12,>=7.5,Asy/Patchy,Fallot,no,4-10_days,no,Lt_to_Rt,Complete,Congested,Low,no
4580,no,Equal,Mild,Normal,Normal,no,yes,12+,5-12,<7.5,Normal,PAIVS,yes,0-3_days,yes,Lt_to_Rt,Complete,Normal,Normal,no
4581,no,Equal,Severe,High,Normal,yes,no,5-12,<5,>=7.5,Normal,Fallot,yes,11-30_days,no,Lt_to_Rt,Complete,Abnormal,Low,no
4582,no,Equal,Moderate,High,Asy/Patch,no,no,5-12,5-12,>=7.5,Asy/Patchy,Fallot,no,11-30_days,no,None,Complete,Normal,Normal,no
4583,no,Equal,Mild,Normal,Oligaemic,no,yes,5-12,12+,<7.5,Oligaemic,Fallot,no,0-3_days,no,Lt_to_Rt,Complete,Normal,Low,yes
4584,yes,Equal,Moderate,High,Normal,no,no,<5,<5,>=7.5,Normal,Fallot,no,4-10_days,no,Lt_to_Rt,Mild,Normal,Normal,no
4585,no,Equal,Moderate,Normal,Oligaemic,no,no,5-12,5-12,<7.5,Plethoric,Fallot,no,11-30_days,no,Lt_to_Rt,Complete,Normal,Low,no
4586,no,Equal,Severe,Normal,Plethoric,no,no,<5,<5,<7.5,Plethoric,TGA,no,0-3_days,no,None,Transp.,Normal,High,no
4587,no,Equal,Mild,Normal,Plethoric,yes,no,12+,12+,<7.5,Grd_Glass,TGA,yes,0-3_days,no,None,Transp.,Congested,High,yes
4588,no,Equal,Severe,Normal,Normal,yes,no,<5,<5,<7.5,Plethoric,TGA,yes,0-3_days,no,None,Transp.,Normal,Normal,yes
4589,no,Equal,Mild,High,Asy/Patch,yes,no,12+,5-12,>=7.5,Asy/Patchy,Lung,no,0-3_days,no,None,None,Abnormal,Normal,no
4590,no,Equal,Severe,Normal,Plethoric,no,no,5-12,<5,<7.5,Plethoric,TGA,no,0-3_days,no,None,Transp.,Normal,High,no
4591,no,Equal,Severe,Normal,Normal,no,no,5-12,5-12,<7.5,Normal,TGA,no,11-30_days,no,None,Transp.,Normal,Normal,no
4592,no,Equal,Severe,Normal,Normal,yes,no,<5,<5,<7.5,Normal,TAPVD,yes,0-3_days,no,Lt_to_Rt,Complete,Abnormal,High,yes
4593,no,Equal,Moderate,Normal,Oligaemic,yes,no,5-12,5-12,<7.5,Oligaemic,Fallot,yes,4-10_days,no,Lt_to_Rt,Complete,Normal,Low,no
4594,no,Equal,Severe,Normal,Normal,no,yes,5-12,<5,<7.5,Normal,Fallot,no,11-30_days,yes,Lt_to_Rt,Complete,Normal,Low,no
4595,yes,Equal,Moderate,Low,Oligaemic,no,yes,5-12,5-12,<7.5,Oligaemic,PAIVS,no,0-3_days,yes,Lt_to_Rt,Complete,Normal,Low,no
4596,no,Equal,Severe,High,Grd_Glass,no,no,<5,5-12,>=7.5,Grd_Glass,Fallot,no,11-30_days,no,Lt_to_Rt,Complete,Congested,Low,no
4597,no,Equal,Mild,Normal,Normal,no,yes,12+,12+,<7.5,Oligaemic,Fallot,yes,4-10_days,yes,None,Complete,Normal,Normal,no
4598,no,Equal,Severe,Normal,Asy/Patch,yes,yes,<5,5-12,<7.5,Normal,PAIVS,yes,4-10_days,yes,Lt_to_Rt,Complete,Abnormal,Low,yes
4599,no,Equal,Moderate,Normal,Oligaemic,no,yes,5-12,12+,<7.5,Oligaemic,PAIVS,no,11-30_days,yes,Lt_to_Rt,Complete,Normal,Low,no
4600,no,Equal,Moderate,Low,Oligaemic,no,no,<5,5-12,<7.5,Oligaemic,Fallot,no,0-3_days,no,None,Complete,Normal,Low,no
4601,no,Equal,Moderate,Normal,Oligaemic,yes,no,5-12,5-12,<7.5,Oligaemic,TGA,no,0-3_days,no,Rt_to_Lt,Transp.,Abnormal,High,no
4602,no,Equal,Mild,Normal,Oligaemic,no,no,12+,5-12,>=7.5,Oligaemic,Fallot,no,11-30_days,no,Lt_to_Rt,Complete,Normal,Low,no
4603,no,Equal,Moderate,Normal,Plethoric,yes,no,5-12,5-12,<7.5,Normal,TAPVD,no,0-3_days,no,Lt_to_Rt,Complete,Congested,Normal,yes
4604,no,Equal,Severe,Normal,Oligaemic,no,yes,<5,5-12,<7.5,Oligaemic,PAIVS,no,0-3_days,yes,Lt_to_Rt,Complete,Normal,Low,yes
4605,no,Equal,Moderate,Low,Oligaemic,no,yes,<5,<5,<7.5,Oligaemic,PAIVS,no,0-3_days,yes,Lt_to_Rt,Complete,Normal,Low,no
4606,no,Equal,Moderate,Normal,Oligaemic,no,no,<5,12+,<7.5,Oligaemic,Fallot,no,0-3_days,no,Lt_to_Rt,Complete,Normal,Low,no
4607,no,Equal,Severe,Normal,Oligaemic,no,yes,5-12,<5,<7.5,Oligaemic,PAIVS,no,0-3_days,yes,Lt_to_Rt,Complete,Normal,Low,yes
4608,no,Equal,Severe,Normal,Normal,no,no,<5,5-12,>=7.5,Normal,TGA,no,0-3_days,no,None,Transp.,Normal,High,no
4609,no,Equal,Moderate,Normal,Oligaemic,no,no,<5,5-12,<7.5,Oligaemic,Fallot,no,0-3_days,no,Lt_to_Rt,Complete,Normal,Low,yes
4610,no,Equal,Severe,High,Asy/Patch,yes,no,<5,<5,>=7.5,Asy/Patchy,Lung,yes,0-3_days,no,None,Mild,Abnormal,Low,no
4611,no,Equal,Severe,Normal,Normal,no,no,<5,12+,<7.5,Normal,TGA,no,0-3_days,no,None,Transp.,Normal,Normal,no
4612,no,Equal,Severe,Normal,Oligaemic,no,yes,<5,<5,<7.5,Oligaemic,Fallot,no,11-30_days,yes,None,Complete,Normal,Low,no
4613,no,Equal,Severe,High,Plethoric,no,no,<5,5-12,>=7.5,Plethoric,TGA,yes,0-3_days,no,None,Transp.,Normal,High,yes
4614,no,Equal,Severe,High,Oligaemic,no,yes,<5,<5,>=7.5,Oligaemic,PAIVS,no,4-10_days,yes,Lt_to_Rt,Complete,Abnormal,Low,yes
4615,no,Equal,Severe,Normal,Normal,no,no,<5,<5,<7.5,Normal,TGA,yes,0-3_days,no,None,Transp.,Normal,High,yes
4616,no,Equal,Severe,High,Asy/Patch,yes,no,<5,<5,>=7.5,Asy/Patchy,TGA,yes,0-3_days,no,None,Transp.,Abnormal,Low,no
4617,no,Equal,Moderate,Normal,Plethoric,yes,no,<5,<5,<7.5,Plethoric,Fallot,no,0-3_days,no,None,Complete,Normal,High,no
4618,no,Equal,Severe,Normal,Oligaemic,no,yes,5-12,<5,<7.5,Oligaemic,PAIVS,yes,0-3_days,yes,Lt_to_Rt,Complete,Normal,Low,no
4619,no,Equal,Severe,Normal,Plethoric,no,no,5-12,<5,<7.5,Plethoric,TGA,no,0-3_days,no,Lt_to_Rt,Transp.,Normal,High,no
4620,no,Equal,Moderate,High,Normal,no,no,<5,<5,>=7.5,Normal,Fallot,no,0-3_days,no,Lt_to_Rt,Complete,Normal,Low,no
4621,no,Equal,Moderate,High,Normal,no,yes,5-12,5-12,>=7.5,Normal,PAIVS,no,0-3_days,yes,Lt_to_Rt,Complete,Normal,Normal,no
4622,no,Equal,Moderate,Normal,Normal,no,no,5-12,5-12,<7.5,Asy/Patchy,TGA,no,0-3_days,no,None,Mild,Normal,Normal,no
4623,no,Equal,Severe,Normal,Normal,no,no,5-12,5-12,<7.5,Plethoric,TGA,no,0-3_days,no,None,Transp.,Normal,High,no
4624,no,Equal,Moderate,Normal,Normal,no,no,<5,<5,<7.5,Normal,TGA,no,0-3_days,no,None,Transp.,Normal,Normal,no
4625,no,Equal,Moderate,High,Grd_Glass,no,no,<5,<5,>=7.5,Grd_Glass,TAPVD,no,0-3_days,no,Rt_to_Lt,Complete,Abnormal,High,yes
4626,no,Equal,Moderate,Normal,Plethoric,no,yes,5-12,5-12,<7.5,Plethoric,PAIVS,no,0-3_days,yes,Lt_to_Rt,Complete,Congested,Low,no
4627,no,Equal,Moderate,High,Asy/Patch,no,yes,5-12,5-12,>=7.5,Asy/Patchy,PAIVS,no,0-3_days,yes,Lt_to_Rt,Complete,Abnormal,Low,yes
4628,no,Equal,Moderate,Low,Oligaemic,no,yes,<5,5-12,<7.5,Normal,PAIVS,no,0-3_days,yes,Lt_to_Rt,Complete,Normal,Low,no
4629,no,Equal,Moderate,Normal,Grd_Glass,no,no,5-12,<5,<7.5,Oligaemic,TAPVD,no,0-3_days,no,Rt_to_Lt,Complete,Congested,Low,yes
4630,no,Equal,Moderate,Normal,Oligaemic,no,no,5-12,<5,<7.5,Oligaemic,PAIVS,no,0-3_days,no,Lt_to_Rt,Complete,Normal,Low,no
4631,no,Equal,Severe,Normal,Oligaemic,no,no,5-12,5-12,<7.5,Oligaemic,PAIVS,no,4-10_days,no,Lt_to_Rt,Complete,Normal,Low,no
4632,no,Equal,Moderate,High,Asy/Patch,yes,yes,5-12,5-12,>=7.5,Asy/Patchy,PAIVS,yes,4-10_days,yes,Lt_to_Rt,Complete,Abnormal,Low,no
4633,no,Equal,Moderate,Normal,Oligaemic,no,yes,5-12,<5,<7.5,Normal,PAIVS,no,4-10_days,yes,Lt_to_Rt,Complete,Normal,Low,no
4634,yes,Equal,Severe,Normal,Asy/Patch,no,no,<5,<5,<7.5,Asy/Patchy,Fallot,no,11-30_days,no,Lt_to_Rt,Complete,Normal,Low,no
4635,no,Equal,Severe,Normal,Plethoric,no,no,<5,<5,<7.5,Plethoric,TGA,no,11-30_days,no,None,Transp.,Normal,High,yes
4636,no,Equal,Mild,Normal,Grd_Glass,yes,no,12+,12+,<7.5,Normal,TGA,yes,0-3_days,yes,None,Complete,Abnormal,High,no
4637,no,Equal,Moderate,High,Plethoric,no,yes,5-12,5-12,>=7.5,Asy/Patchy,PAIVS,no,0-3_days,yes,Lt_to_Rt,Complete,Congested,Low,no
4638,no,Equal,Severe,Normal,Oligaemic,no,no,<5,<5,<7.5,Oligaemic,Fallot,no,4-10_days,no,Lt_to_Rt,Complete,Normal,Low,no
4639,no,Equal,Severe,High,Normal,no,no,12+,5-12,>=7.5,Normal,Fallot,no,11-30_days,no,Lt_to_Rt,Complete,Normal,Normal,no
4640,no,Equal,Moderate,Normal,Grd_Glass,no,yes,5-12,12+,<7.5,Plethoric,PAIVS,no,0-3_days,yes,Lt_to_Rt,Complete,Congested,Low,no
4641,yes,Equal,Severe,Normal,Plethoric,no,no,5-12,<5,<7.5,Plethoric,TGA,no,0-3_days,no,None,Transp.,Normal,High,yes
4642,no,Equal,Severe,Normal,Normal,no,no,<5,<5,<7.5,Normal,TGA,no,0-3_days,no,None,Transp.,Normal,Normal,yes
4643,no,Equal,Moderate,High,Oligaemic,no,no,12+,5-12,>=7.5,Oligaemic,PAIVS,no,0-3_days,no,Lt_to_Rt,Complete,Normal,Low,no
4644,no,Equal,Severe,Normal,Plethoric,no,no,<5,5-12,<7.5,Plethoric,TGA,no,0-3_days,no,None,Transp.,Normal,High,no
4645,no,Equal,Severe,Normal,Plethoric,no,no,12+,5-12,<7.5,Asy/Patchy,TGA,no,4-10_days,no,None,Transp.,Normal,High,no
4646,no,Equal,Mild,Low,Oligaemic,no,yes,5-12,<5,<7.5,Normal,PAIVS,no,4-10_days,yes,Lt_to_Rt,Complete,Normal,Low,yes
4647,no,Unequal,Moderate,Normal,Normal,no,yes,5-12,<5,<7.5,Plethoric,PAIVS,no,0-3_days,yes,Lt_to_Rt,Complete,Normal,Low,no
4648,no,Equal,Moderate,Normal,Normal,no,yes,<5,5-12,<7.5,Normal,PAIVS,no,0-3_days,yes,Lt_to_Rt,Complete,Normal,Normal,no
4649,no,Equal,Moderate,Low,Plethoric,no,no,5-12,<5,<7.5,Plethoric,TGA,yes,0-3_days,no,None,Mild,Normal,High,no
4650,no,Equal,Moderate,Normal,Oligaemic,no,yes,5-12,5-12,>=7.5,Grd_Glass,PAIVS,no,0-3_days,yes,Lt_to_Rt,Complete,Congested,Low,no
4651,no,Equal,Moderate,Low,Oligaemic,no,no,<5,5-12,<7.5,Oligaemic,PAIVS,no,0-3_days,no,Lt_to_Rt,Complete,Normal,Low,yes
4652,no,Equal,Severe,Normal,Normal,no,yes,5-12,5-12,<7.5,Normal,TGA,no,0-3_days,no,None,Transp.,Normal,High,no
4653,no,Equal,Moderate,High,Oligaemic,yes,no,5-12,5-12,>=7.5,Normal,TGA,no,4-10_days,no,None,Transp.,Abnormal,High,yes
4654,no,Equal,Moderate,Normal,Oligaemic,no,no,<5,<5,<7.5,Oligaemic,Fallot,no,11-30_days,no,None,Complete,Normal,Low,no
4655,no,Equal,Moderate,Normal,Normal,no,yes,5-12,5-12,<7.5,Normal,PAIVS,no,0-3_days,yes,Lt_to_Rt,Complete,Normal,Normal,no
4656,no,Equal,Severe,High,Grd_Glass,yes,no,5-12,5-12,<7.5,Grd_Glass,TGA,yes,0-3_days,no,None,Transp.,Abnormal,High,yes
4657,no,Equal,Severe,Normal,Plethoric,no,no,<5,<5,<7.5,Plethoric,TGA,no,0-3_days,no,None,Transp.,Normal,High,no
4658,no,Equal,Severe,Normal,Plethoric,no,no,5-12,<5,<7.5,Plethoric,TGA,no,0-3_days,no,None,Transp.,Normal,High,yes
4659,yes,Equal,Severe,High,Asy/Patch,yes,yes,<5,12+,>=7.5,Grd_Glass,TGA,yes,0-3_days,yes,None,Transp.,Abnormal,Low,no
4660,no,Equal,Moderate,Normal,Plethoric,no,no,<5,5-12,<7.5,Plethoric,TGA,yes,0-3_days,no,None,Transp.,Normal,High,no
4661,no,Equal,Severe,Normal,Plethoric,no,no,5-12,<5,<7.5,Plethoric,TGA,no,0-3_days,no,None,Complete,Normal,High,no
4662,yes,Equal,Moderate,Normal,Grd_Glass,yes,no,5-12,5-12,<7.5,Grd_Glass,TAPVD,yes,0-3_days,no,Rt_to_Lt,Complete,Abnormal,High,yes
4663,no,Equal,Severe,Normal,Plethoric,no,no,<5,<5,<7.5,Plethoric,TGA,no,0-3_days,no,Lt_to_Rt,Transp.,Normal,High,yes
4664,no,Equal,Moderate,Normal,Normal,no,yes,5-12,5-12,<7.5,Normal,Fallot,no,4-10_days,yes,Lt_to_Rt,Mild,Normal,Normal,no
4665,no,Equal,Severe,Normal,Normal,no,no,<5,5-12,<7.5,Normal,TGA,no,0-3_days,no,Rt_to_Lt,Transp.,Normal,Normal,no
4666,no,Equal,Moderate,Normal,Oligaemic,no,no,<5,5-12,<7.5,Oligaemic,Fallot,no,11-30_days,no,Lt_to_Rt,Complete,Normal,Low,no
4667,no,Equal,Moderate,Normal,Normal,no,no,<5,5-12,<7.5,Normal,PFC,yes,0-3_days,no,Rt_to_Lt,Mild,Normal,Normal,no
4668,no,Equal,Severe,Normal,Plethoric,yes,no,<5,<5,<7.5,Plethoric,TGA,yes,11-30_days,no,None,Transp.,Normal,High,yes
4669,no,Equal,Severe,Normal,Oligaemic,no,no,<5,5-12,<7.5,Normal,PAIVS,no,0-3_days,yes,Lt_to_Rt,Complete,Normal,Low,yes
4670,no,Equal,Moderate,Normal,Oligaemic,no,yes,<5,5-12,<7.5,Oligaemic,PAIVS,no,0-3_days,yes,Lt_to_Rt,Complete,Normal,Low,no
4671,no,Equal,Severe,Normal,Normal,no,no,5-12,<5,<7.5,Normal,Fallot,no,0-3_days,no,Lt_to_Rt,Complete,Normal,Low,no
4672,no,Equal,Mild,High,Asy/Patch,no,no,12+,12+,<7.5,Asy/Patchy,TGA,no,0-3_days,no,None,Complete,Abnormal,Normal,yes
4673,no,Equal,Severe,Low,Asy/Patch,yes,yes,<5,5-12,<7.5,Asy/Patchy,TGA,yes,11-30_days,yes,None,Transp.,Abnormal,Low,no
4674,no,Equal,Moderate,Normal,Asy/Patch,no,yes,5-12,5-12,<7.5,Asy/Patchy,PAIVS,no,0-3_days,yes,Lt_to_Rt,Complete,Congested,Low,no
4675,no,Equal,Moderate,Normal,Oligaemic,no,no,5-12,12+,<7.5,Oligaemic,Fallot,no,11-30_days,no,Lt_to_Rt,Complete,Normal,Low,no
4676,no,Equal,Moderate,High,Plethoric,yes,no,<5,5-12,>=7.5,Plethoric,TGA,yes,0-3_days,no,None,Transp.,Congested,High,no
4677,no,Equal,Severe,Normal,Normal,no,no,<5,12+,>=7.5,Normal,TGA,no,4-10_days,yes,None,Transp.,Normal,Normal,no
4678,no,Equal,Moderate,High,Plethoric,no,no,12+,<5,>=7.5,Plethoric,TAPVD,no,0-3_days,no,Rt_to_Lt,Complete,Congested,High,yes
4679,no,Equal,Severe,Normal,Plethoric,no,yes,12+,<5,<7.5,Plethoric,PAIVS,no,0-3_days,yes,Lt_to_Rt,Complete,Normal,High,no
4680,no,Equal,Moderate,Normal,Oligaemic,no,no,<5,5-12,<7.5,Oligaemic,PAIVS,no,0-3_days,no,Lt_to_Rt,Complete,Normal,Low,yes
4681,no,Equal,Mild,High,Asy/Patch,no,yes,5-12,12+,>=7.5,Plethoric,PAIVS,no,0-3_days,yes,Lt_to_Rt,Complete,Abnormal,Low,no
4682,yes,Equal,Moderate,Normal,Normal,no,no,12+,5-12,<7.5,Oligaemic,TGA,no,0-3_days,no,None,Transp.,Normal,Normal,no
4683,no,Equal,Severe,Normal,Plethoric,no,no,<5,<5,<7.5,Plethoric,TGA,no,0-3_days,no,None,Transp.,Normal,High,no
4684,no,Equal,Severe,Normal,Grd_Glass,no,no,<5,<5,<7.5,Asy/Patchy,TGA,no,0-3_days,no,None,Transp.,Congested,Normal,no
4685,no,Equal,Moderate,Normal,Oligaemic,no,yes,5-12,<5,<7.5,Normal,PAIVS,no,0-3_days,yes,Lt_to_Rt,Complete,Normal,Low,no
4686,no,Equal,Severe,Low,Oligaemic,no,yes,<5,5-12,>=7.5,Oligaemic,PAIVS,no,0-3_days,yes,Lt_to_Rt,Complete,Normal,Low,no
4687,no,Equal,Moderate,High,Plethoric,no,no,12+,5-12,>=7.5,Plethoric,PAIVS,no,0-3_days,no,Lt_to_Rt,Complete,Normal,Low,no
4688,no,Equal,Moderate,Normal,Oligaemic,no,no,<5,5-12,<7.5,Oligaemic,Fallot,no,11-30_days,no,Lt_to_Rt,Complete,Normal,Low,no
4689,no,Equal,Moderate,Normal,Grd_Glass,no,no,5-12,<5,<7.5,Grd_Glass,Lung,no,4-10_days,no,Lt_to_Rt,None,Congested,Normal,no
4690,no,Equal,Moderate,Normal,Oligaemic,no,no,5-12,5-12,<7.5,Oligaemic,Fallot,no,4-10_days,no,None,Complete,Normal,Low,no
4691,no,Equal,Severe,Normal,Plethoric,no,no,5-12,12+,<7.5,Plethoric,TGA,yes,0-3_days,no,None,Transp.,Normal,High,no
4692,no,Unequal,Severe,Normal,Oligaemic,no,no,<5,<5,<7.5,Oligaemic,Fallot,no,11-30_days,no,None,Complete,Normal,Low,no
4693,no,Equal,Severe,High,Grd_Glass,no,yes,5-12,<5,>=7.5,Normal,PAIVS,no,0-3_days,yes,Lt_to_Rt,Complete,Congested,Low,no
4694,yes,Equal,Moderate,Normal,Plethoric,no,no,<5,5-12,<7.5,Plethoric,TGA,no,0-3_days,no,None,Complete,Normal,High,no
4695,yes,Equal,Mild,Normal,Normal,no,no,5-12,<5,>=7.5,Normal,Fallot,no,11-30_days,no,None,Complete,Normal,Low,no
4696,no,Equal,Moderate,Low,Asy/Patch,yes,no,5-12,5-12,<7.5,Normal,Lung,yes,0-3_days,no,None,Mild,Abnormal,Normal,no
4697,no,Equal,Moderate,Low,Oligaemic,no,no,5-12,5-12,<7.5,Oligaemic,Fallot,no,0-3_days,yes,Lt_to_Rt,Mild,Normal,Low,no
4698,no,Equal,Severe,Normal,Oligaemic,no,no,<5,<5,<7.5,Normal,TGA,no,0-3_days,no,None,Transp.,Abnormal,High,no
4699,no,Unequal,Mild,High,Oligaemic,yes,no,<5,5-12,>=7.5,Oligaemic,PFC,yes,0-3_days,no,Rt_to_Lt,None,Abnormal,Low,yes
4700,yes,Equal,Mild,Normal,Oligaemic,no,yes,<5,12+,<7.5,Oligaemic,PAIVS,no,0-3_days,yes,Lt_to_Rt,Complete,Normal,Low,no
4701,no,Equal,Moderate,Normal,Oligaemic,yes,no,12+,5-12,<7.5,Oligaemic,Fallot,yes,11-30_days,no,None,Complete,Normal,Low,no
4702,no,Equal,Mild,Normal,Oligaemic,no,no,5-12,12+,<7.5,Oligaemic,Fallot,no,4-10_days,no,Lt_to_Rt,None,Normal,Low,no
4703,no,Equal,Severe,Low,Asy/Patch,yes,no,5-12,5-12,<7.5,Asy/Patchy,TGA,no,0-3_days,no,None,Transp.,Congested,High,no
4704,no,Unequal,Severe,High,Plethoric,no,no,<5,<5,>=7.5,Plethoric,TGA,no,0-3_days,no,Rt_to_Lt,Transp.,Normal,High,yes
4705,no,Equal,Moderate,Normal,Oligaemic,no,yes,5-12,5-12,<7.5,Oligaemic,PAIVS,no,0-3_days,yes,Lt_to_Rt,Complete,Normal,Low,no
4706,no,Equal,Severe,Low,Oligaemic,no,no,<5,<5,>=7.5,Oligaemic,Fallot,no,4-10_days,no,Lt_to_Rt,Transp.,Normal,Low,yes
4707,no,Equal,Severe,Normal,Normal,no,no,5-12,12+,<7.5,Normal,TGA,no,11-30_days,no,None,Transp.,Normal,Normal,no
4708,no,Equal,Severe,Normal,Oligaemic,no,yes,<5,<5,>=7.5,Oligaemic,PAIVS,no,0-3_days,yes,Lt_to_Rt,Transp.,Normal,Low,no
4709,no,Equal,Mild,Low,Oligaemic,no,no,12+,12+,<7.5,Oligaemic,Fallot,no,11-30_days,no,Lt_to_Rt,Complete,Normal,Low,no
4710,no,Equal,Moderate,Normal,Plethoric,no,yes,12+,<5,>=7.5,Plethoric,PAIVS,no,0-3_days,yes,Lt_to_Rt,Complete,Normal,High,yes
4711,no,Equal,Severe,Normal,Plethoric,no,no,5-12,5-12,<7.5,Asy/Patchy,TGA,no,0-3_days,no,Lt_to_Rt,Transp.,Normal,High,yes
4712,no,Equal,Severe,Normal,Asy/Patch,yes,yes,<5,12+,<7.5,Asy/Patchy,PAIVS,yes,0-3_days,yes,Lt_to_Rt,Complete,Abnormal,Low,no
4713,no,Equal,Severe,Normal,Grd_Glass,no,no,<5,<5,<7.5,Grd_Glass,TGA,no,11-30_days,no,None,Transp.,Normal,Normal,no
4714,no,Equal,Severe,Normal,Oligaemic,no,no,5-12,<5,>=7.5,Oligaemic,TGA,no,11-30_days,no,None,Transp.,Normal,Low,no
4715,no,Equal,Severe,Normal,Plethoric,no,no,<5,5-12,<7.5,Plethoric,TGA,no,0-3_days,no,None,Transp.,Normal,High,no
4716,no,Equal,Moderate,Normal,Oligaemic,no,yes,<5,<5,<7.5,Asy/Patchy,PAIVS,no,4-10_days,yes,Lt_to_Rt,Mild,Normal,Low,no
4717,no,Equal,Severe,Normal,Normal,no,no,<5,5-12,>=7.5,Normal,TGA,no,0-3_days,no,None,Transp.,Normal,Normal,no
4718,no,Equal,Severe,High,Grd_Glass,no,no,<5,5-12,>=7.5,Grd_Glass,Lung,no,0-3_days,no,Lt_to_Rt,Mild,Abnormal,High,yes
4719,no,Equal,Moderate,Normal,Grd_Glass,no,no,5-12,5-12,<7.5,Oligaemic,TAPVD,no,0-3_days,no,Lt_to_Rt,Complete,Congested,Normal,no
4720,no,Equal,Moderate,Normal,Oligaemic,no,yes,<5,<5,<7.5,Plethoric,PAIVS,no,0-3_days,yes,Lt_to_Rt,Complete,Normal,Low,no
4721,no,Equal,Moderate,Normal,Normal,no,no,5-12,12+,<7.5,Normal,Fallot,no,11-30_days,no,Lt_to_Rt,Complete,Normal,Low,no
4722,no,Equal,Severe,Normal,Oligaemic,no,yes,12+,5-12,<7.5,Oligaemic,Fallot,no,11-30_days,yes,Lt_to_Rt,Complete,Normal,Low,no
4723,no,Equal,Moderate,Normal,Oligaemic,no,yes,5-12,5-12,<7.5,Oligaemic,PAIVS,yes,0-3_days,yes,Lt_to_Rt,Complete,Normal,Low,yes
4724,no,Equal,Severe,Normal,Normal,no,yes,<5,<5,<7.5,Oligaemic,TGA,no,0-3_days,yes,None,Transp.,Normal,High,no
4725,no,Equal,Moderate,Low,Oligaemic,no,yes,5-12,5-12,<7.5,Plethoric,Fallot,no,0-3_days,yes,Lt_to_Rt,Complete,Normal,Low,yes
4726,yes,Equal,Severe,Normal,Plethoric,no,yes,<5,12+,<7.5,Normal,TGA,no,0-3_days,no,None,Transp.,Normal,High,yes
4727,no,Equal,Moderate,Normal,Oligaemic,no,no,12+,<5,<7.5,Oligaemic,Fallot,no,11-30_days,no,Lt_to_Rt,Complete,Normal,Low,no
4728,no,Equal,Severe,Low,Grd_Glass,no,no,<5,<5,<7.5,Plethoric,TGA,no,0-3_days,no,Lt_to_Rt,Transp.,Normal,High,no
4729,no,Equal,Severe,Normal,Grd_Glass,no,no,<5,<5,<7.5,Asy/Patchy,PAIVS,no,4-10_days,yes,Lt_to_Rt,Complete,Congested,Low,no
4730,no,Equal,Moderate,Normal,Normal,no,no,5-12,<5,<7.5,Normal,TGA,no,0-3_days,no,Lt_to_Rt,Transp.,Normal,High,no
4731,no,Equal,Moderate,Normal,Normal,no,no,5-12,12+,<7.5,Normal,Fallot,no,0-3_days,no,Lt_to_Rt,Complete,Normal,Normal,yes
4732,no,Unequal,Mild,High,Asy/Patch,no,no,<5,12+,>=7.5,Asy/Patchy,Lung,no,0-3_days,no,Rt_to_Lt,None,Abnormal,Normal,yes
4733,no,Equal,Moderate,Normal,Oligaemic,no,no,12+,5-12,<7.5,Normal,Fallot,no,0-3_days,no,Lt_to_Rt,Complete,Normal,Low,no
4734,no,Equal,Moderate,Low,Oligaemic,yes,yes,12+,5-12,<7.5,Oligaemic,TAPVD,yes,4-10_days,yes,None,Complete,Abnormal,High,yes
4735,yes,Equal,Moderate,High,Oligaemic,yes,yes,5-12,5-12,>=7.5,Oligaemic,Fallot,yes,11-30_days,yes,Lt_to_Rt,Complete,Abnormal,Low,no
4736,no,Equal,Moderate,High,Oligaemic,yes,no,5-12,<5,>=7.5,Oligaemic,TAPVD,yes,0-3_days,no,Rt_to_Lt,Complete,Abnormal,High,yes
4737,no,Equal,Severe,Normal,Normal,no,no,5-12,5-12,<7.5,Normal,TGA,no,0-3_days,no,None,Transp.,Normal,Normal,yes
4738,no,Equal,Moderate,Normal,Oligaemic,yes,no,5-12,<5,<7.5,Asy/Patchy,PAIVS,yes,0-3_days,yes,Lt_to_Rt,Complete,Abnormal,Low,yes
4739,no,Equal,Mild,Normal,Plethoric,no,no,12+,5-12,<7.5,Plethoric,TGA,no,0-3_days,no,None,None,Normal,High,no
4740,no,Equal,Severe,Normal,Normal,no,no,<5,5-12,<7.5,Normal,TGA,no,0-3_days,no,None,Transp.,Normal,Normal,no
4741,no,Equal,Moderate,Normal,Grd_Glass,no,no,5-12,5-12,<7.5,Grd_Glass,Lung,no,0-3_days,no,None,Mild,Congested,Normal,yes
4742,no,Equal,Mild,Normal,Normal,no,no,5-12,12+,<7.5,Normal,Lung,no,0-3_days,no,None,None,Normal,Normal,yes
4743,no,Equal,Mild,Normal,Oligaemic,no,yes,12+,12+,<7.5,Grd_Glass,PAIVS,no,0-3_days,yes,Lt_to_Rt,Complete,Normal,Low,yes
4744,no,Equal,Moderate,Normal,Oligaemic,no,no,5-12,12+,>=7.5,Oligaemic,Fallot,no,11-30_days,no,Lt_to_Rt,Complete,Normal,Low,no
4745,no,Unequal,Mild,Normal,Oligaemic,no,yes,<5,5-12,<7.5,Oligaemic,PAIVS,no,0-3_days,yes,Lt_to_Rt,Complete,Normal,Low,no
4746,no,Equal,Severe,Normal,Asy/Patch,no,no,<5,5-12,<7.5,Asy/Patchy,Fallot,no,0-3_days,no,Lt_to_Rt,Complete,Normal,Low,no
4747,no,Equal,Moderate,Normal,Normal,no,no,12+,5-12,<7.5,Normal,Fallot,no,4-10_days,no,Lt_to_Rt,Complete,Normal,Low,no
4748,no,Equal,Severe,High,Normal,no,no,5-12,<5,>=7.5,Normal,Fallot,no,11-30_days,no,Lt_to_Rt,Complete,Normal,Normal,no
4749,no,Unequal,Mild,Normal,Asy/Patch,no,no,<5,12+,<7.5,Plethoric,Lung,no,0-3_days,no,Rt_to_Lt,None,Abnormal,Normal,yes
4750,yes,Equal,Severe,Normal,Oligaemic,no,no,<5,<5,<7.5,Oligaemic,Fallot,no,11-30_days,no,None,Complete,Normal,Low,no
4751,no,Equal,Moderate,Normal,Oligaemic,no,yes,<5,5-12,<7.5,Plethoric,PAIVS,yes,0-3_days,yes,Lt_to_Rt,Complete,Normal,Low,no
4752,no,Equal,Mild,High,Oligaemic,no,no,12+,12+,<7.5,Oligaemic,Fallot,no,0-3_days,no,Lt_to_Rt,Complete,Normal,Low,no
4753,yes,Equal,Severe,Normal,Normal,yes,no,<5,5-12,<7.5,Normal,TGA,no,4-10_days,no,None,Transp.,Abnormal,High,no
4754,no,Equal,Mild,Normal,Oligaemic,no,no,12+,12+,>=7.5,Oligaemic,Fallot,no,11-30_days,no,Lt_to_Rt,Complete,Normal,Low,no
4755,no,Equal,Severe,Normal,Grd_Glass,no,no,<5,<5,<7.5,Grd_Glass,TAPVD,yes,0-3_days,no,Lt_to_Rt,Complete,Congested,Normal,yes
4756,no,Equal,Moderate,Low,Oligaemic,yes,no,5-12,<5,<7.5,Oligaemic,Fallot,yes,0-3_days,no,Lt_to_Rt,Complete,Normal,Low,no
4757,no,Unequal,Mild,Normal,Oligaemic,no,no,5-12,5-12,<7.5,Oligaemic,PFC,no,0-3_days,no,Rt_to_Lt,None,Normal,Low,yes
4758,no,Equal,Severe,Normal,Plethoric,no,no,<5,<5,<7.5,Normal,TGA,no,0-3_days,no,None,Transp.,Normal,High,yes
4759,no,Unequal,Mild,Normal,Plethoric,no,no,<5,5-12,<7.5,Plethoric,TGA,no,0-3_days,no,Rt_to_Lt,Mild,Normal,High,no
4760,no,Equal,Moderate,Normal,Oligaemic,no,no,5-12,5-12,<7.5,Oligaemic,Fallot,no,0-3_days,yes,Lt_to_Rt,Complete,Normal,Low,no
4761,yes,Equal,Severe,Normal,Plethoric,no,no,12+,12+,>=7.5,Plethoric,TGA,no,0-3_days,no,None,Transp.,Normal,High,yes
4762,no,Equal,Moderate,Normal,Oligaemic,no,no,5-12,<5,<7.5,Oligaemic,Fallot,no,4-10_days,no,Lt_to_Rt,Complete,Normal,Low,no
4763,no,Equal,Severe,Low,Plethoric,no,no,<5,<5,<7.5,Normal,TGA,no,0-3_days,no,Lt_to_Rt,Transp.,Normal,High,yes
4764,no,Equal,Moderate,Normal,Oligaemic,yes,no,5-12,5-12,<7.5,Grd_Glass,Fallot,yes,4-10_days,no,Lt_to_Rt,Complete,Normal,Low,no
4765,no,Equal,Moderate,Normal,Grd_Glass,yes,no,5-12,5-12,<7.5,Grd_Glass,TGA,yes,0-3_days,no,Lt_to_Rt,Transp.,Abnormal,High,no
4766,no,Unequal,Moderate,High,Grd_Glass,no,no,12+,5-12,>=7.5,Plethoric,Fallot,no,11-30_days,no,Lt_to_Rt,Mild,Congested,Low,no
4767,no,Unequal,Severe,Normal,Grd_Glass,yes,no,5-12,5-12,<7.5,Asy/Patchy,Lung,yes,4-10_days,no,Rt_to_Lt,Mild,Abnormal,High,yes
4768,no,Equal,Mild,Normal,Normal,no,no,<5,<5,<7.5,Normal,TGA,no,0-3_days,no,Lt_to_Rt,Mild,Normal,High,no
4769,no,Equal,Severe,Low,Normal,no,no,<5,5-12,<7.5,Normal,TGA,no,0-3_days,no,None,Transp.,Normal,High,no
4770,no,Equal,Moderate,Low,Oligaemic,no,yes,<5,<5,<7.5,Oligaemic,Fallot,no,0-3_days,yes,Lt_to_Rt,Complete,Normal,Low,no
4771,no,Equal,Moderate,Normal,Oligaemic,no,yes,<5,5-12,<7.5,Oligaemic,PAIVS,no,0-3_days,yes,Lt_to_Rt,Complete,Normal,Low,no
4772,no,Equal,Moderate,Normal,Asy/Patch,no,no,5-12,<5,<7.5,Plethoric,Fallot,no,4-10_days,no,None,Complete,Abnormal,Low,no
4773,no,Equal,Severe,Normal,Normal,no,no,12+,<5,<7.5,Normal,TGA,no,0-3_days,no,None,Transp.,Normal,Normal,no
4774,no,Equal,Moderate,High,Oligaemic,no,yes,<5,<5,>=7.5,Oligaemic,PAIVS,no,0-3_days,yes,Lt_to_Rt,Complete,Normal,Low,no
4775,no,Equal,Severe,High,Grd_Glass,yes,no,5-12,<5,>=7.5,Grd_Glass,TGA,yes,0-3_days,no,Lt_to_Rt,Transp.,Abnormal,High,no
4776,no,Equal,Moderate,Low,Plethoric,no,no,5-12,5-12,<7.5,Plethoric,TGA,no,0-3_days,no,None,Complete,Normal,High,no
4777,no,Equal,Severe,Normal,Plethoric,no,no,<5,<5,<7.5,Plethoric,TGA,no,0-3_days,no,None,Transp.,Normal,High,yes
4778,yes,Equal,Severe,Low,Oligaemic,no,yes,<5,5-12,<7.5,Plethoric,PAIVS,no,0-3_days,yes,Lt_to_Rt,Complete,Normal,Low,no
4779,no,Unequal,Mild,Normal,Plethoric,no,yes,5-12,12+,<7.5,Plethoric,PAIVS,no,4-10_days,yes,Lt_to_Rt,Complete,Congested,Low,no
4780,yes,Equal,Moderate,Normal,Oligaemic,no,yes,12+,5-12,>=7.5,Oligaemic,PAIVS,no,0-3_days,yes,Lt_to_Rt,Complete,Abnormal,Low,no
4781,no,Equal,Moderate,Low,Oligaemic,yes,yes,5-12,5-12,<7.5,Oligaemic,Fallot,no,0-3_days,yes,None,Complete,Normal,Low,yes
4782,no,Unequal,Moderate,Normal,Oligaemic,no,yes,5-12,5-12,<7.5,Normal,PAIVS,no,0-3_days,yes,Lt_to_Rt,Complete,Normal,Low,yes
4783,no,Equal,Severe,High,Oligaemic,yes,yes,5-12,<5,>=7.5,Asy/Patchy,PAIVS,yes,0-3_days,yes,Lt_to_Rt,Complete,Normal,Low,yes
4784,no,Equal,Moderate,High,Oligaemic,yes,no,5-12,<5,>=7.5,Oligaemic,TGA,yes,0-3_days,no,None,Transp.,Abnormal,High,yes
4785,no,Equal,Severe,Normal,Oligaemic,yes,yes,<5,<5,<7.5,Normal,PAIVS,yes,0-3_days,yes,Lt_to_Rt,Complete,Normal,Low,yes
4786,no,Equal,Moderate,Normal,Oligaemic,no,no,5-12,12+,>=7.5,Oligaemic,Fallot,no,0-3_days,no,Lt_to_Rt,Mild,Normal,Low,no
4787,no,Equal,Moderate,Normal,Plethoric,no,yes,<5,5-12,<7.5,Plethoric,Fallot,no,4-10_days,yes,Lt_to_Rt,Complete,Normal,Low,no
4788,no,Equal,Mild,Normal,Normal,no,no,12+,5-12,<7.5,Normal,Fallot,no,11-30_days,no,Lt_to_Rt,Mild,Normal,Normal,no
4789,no,Equal,Severe,Normal,Normal,no,no,<5,5-12,<7.5,Normal,TGA,no,0-3_days,no,None,Transp.,Normal,Normal,no
4790,no,Equal,Moderate,Normal,Plethoric,no,no,<5,5-12,<7.5,Asy/Patchy,Fallot,no,0-3_days,no,Lt_to_Rt,Complete,Normal,High,yes
4791,no,Unequal,Moderate,Low,Oligaemic,no,no,5-12,<5,<7.5,Oligaemic,Fallot,no,0-3_days,no,None,Complete,Normal,Low,no
4792,no,Equal,Severe,Normal,Plethoric,yes,no,5-12,<5,<7.5,Normal,PAIVS,yes,0-3_days,no,Lt_to_Rt,Complete,Abnormal,Low,no
4793,no,Equal,Mild,Normal,Normal,no,yes,5-12,<5,<7.5,Normal,TGA,yes,0-3_days,no,None,Transp.,Normal,Normal,no
4794,no,Equal,Moderate,Normal,Oligaemic,no,no,5-12,5-12,<7.5,Oligaemic,PAIVS,no,0-3_days,no,Lt_to_Rt,Complete,Normal,Low,no
4795,no,Equal,Moderate,Normal,Plethoric,no,no,5-12,12+,<7.5,Plethoric,TGA,no,4-10_days,no,None,Mild,Normal,High,no
4796,no,Equal,Moderate,Normal,Oligaemic,no,yes,5-12,5-12,<7.5,Oligaemic,Fallot,no,11-30_days,no,Lt_to_Rt,Complete,Normal,Low,no
4797,no,Equal,Moderate,Normal,Oligaemic,yes,yes,5-12,<5,<7.5,Oligaemic,PAIVS,yes,0-3_days,yes,Lt_to_Rt,Complete,Normal,Low,yes
4798,no,Unequal,Moderate,Normal,Plethoric,no,no,<5,<5,<7.5,Asy/Patchy,TAPVD,no,0-3_days,no,None,Complete,Normal,High,yes
4799,no,Equal,Severe,Normal,Plethoric,no,no,5-12,<5,>=7.5,Plethoric,TGA,no,4-10_days,no,None,Transp.,Normal,High,no
4800,no,Equal,Moderate,Normal,Normal,no,yes,<5,<5,<7.5,Normal,PAIVS,no,4-10_days,yes,Lt_to_Rt,Complete,Normal,Low,yes
4801,no,Equal,Moderate,Normal,Normal,no,no,5-12,5-12,<7.5,Normal,Fallot,no,4-10_days,no,Lt_to_Rt,Complete,Normal,Normal,no
4802,no,Equal,Moderate,Normal,Grd_Glass,no,no,<5,<5,>=7.5,Grd_Glass,PAIVS,no,0-3_days,yes,Lt_to_Rt,Complete,Congested,Low,no
4803,no,Equal,Mild,Low,Normal,yes,no,5-12,12+,<7.5,Asy/Patchy,Lung,no,0-3_days,no,None,None,Abnormal,High,yes
4804,no,Equal,Moderate,Normal,Plethoric,no,no,5-12,5-12,<7.5,Plethoric,Fallot,yes,4-10_days,no,Lt_to_Rt,Complete,Normal,High,no
4805,no,Equal,Moderate,Normal,Oligaemic,no,no,12+,5-12,<7.5,Oligaemic,Fallot,no,0-3_days,no,Lt_to_Rt,Complete,Normal,Low,yes
4806,no,Equal,Moderate,Normal,Plethoric,no,no,<5,<5,<7.5,Plethoric,TGA,no,0-3_days,no,None,Complete,Normal,High,yes
4807,no,Equal,Severe,Normal,Normal,no,no,5-12,12+,>=7.5,Plethoric,Fallot,no,11-30_days,no,None,Complete,Abnormal,Normal,no
4808,no,Equal,Moderate,Low,Oligaemic,no,no,<5,<5,<7.5,Asy/Patchy,PAIVS,no,0-3_days,no,Lt_to_Rt,Complete,Normal,Normal,no
4809,no,Unequal,Severe,Normal,Grd_Glass,no,no,<5,<5,<7.5,Grd_Glass,TGA,no,4-10_days,no,Rt_to_Lt,Transp.,Normal,High,no
4810,no,Equal,Moderate,High,Asy/Patch,no,yes,5-12,5-12,>=7.5,Asy/Patchy,PAIVS,no,0-3_days,yes,Lt_to_Rt,Complete,Congested,Low,yes
4811,no,Equal,Moderate,High,Oligaemic,no,no,12+,<5,>=7.5,Oligaemic,Fallot,no,0-3_days,no,Lt_to_Rt,Complete,Normal,Low,no
4812,no,Equal,Moderate,Low,Normal,no,no,5-12,5-12,<7.5,Normal,PAIVS,no,0-3_days,no,Lt_to_Rt,Complete,Normal,Low,yes
4813,no,Equal,Mild,High,Grd_Glass,yes,no,12+,12+,>=7.5,Normal,TAPVD,yes,4-10_days,no,Lt_to_Rt,Complete,Abnormal,Normal,yes
4814,no,Equal,Severe,Low,Plethoric,no,no,<5,<5,<7.5,Oligaemic,TGA,no,0-3_days,no,None,Transp.,Normal,High,yes
4815,no,Equal,Mild,Normal,Plethoric,no,no,12+,12+,<7.5,Asy/Patchy,TGA,no,0-3_days,no,None,Mild,Normal,High,no
4816,no,Equal,Moderate,Normal,Oligaemic,no,no,5-12,<5,<7.5,Oligaemic,Fallot,no,0-3_days,no,Lt_to_Rt,Complete,Normal,Low,yes
4817,no,Equal,Moderate,Normal,Oligaemic,no,yes,5-12,5-12,>=7.5,Oligaemic,PAIVS,no,0-3_days,yes,Lt_to_Rt,Complete,Normal,Low,no
4818,no,Equal,Severe,High,Oligaemic,yes,yes,5-12,12+,>=7.5,Oligaemic,TAPVD,yes,0-3_days,no,None,Complete,Abnormal,High,yes
4819,no,Equal,Severe,High,Asy/Patch,no,no,12+,<5,>=7.5,Asy/Patchy,Lung,no,0-3_days,no,Lt_to_Rt,Mild,Abnormal,Normal,yes
4820,no,Equal,Moderate,High,Grd_Glass,no,no,12+,<5,>=7.5,Grd_Glass,TGA,no,11-30_days,no,Lt_to_Rt,Transp.,Congested,High,no
4821,no,Equal,Moderate,Normal,Plethoric,yes,no,5-12,5-12,<7.5,Plethoric,TGA,no,0-3_days,no,None,Complete,Normal,High,no
4822,no,Equal,Severe,High,Asy/Patch,no,yes,5-12,<5,>=7.5,Asy/Patchy,Fallot,no,0-3_days,yes,Lt_to_Rt,Complete,Abnormal,Low,yes
4823,no,Equal,Severe,Normal,Plethoric,no,no,<5,<5,<7.5,Plethoric,TGA,no,0-3_days,no,None,Transp.,Normal,High,no
4824,no,Equal,Severe,High,Normal,yes,yes,<5,<5,>=7.5,Normal,TGA,yes,0-3_days,no,None,Transp.,Normal,High,yes
4825,no,Equal,Mild,Normal,Plethoric,no,no,12+,5-12,<7.5,Plethoric,Fallot,no,11-30_days,no,None,Complete,Normal,Normal,no
4826,no,Equal,Moderate,Normal,Oligaemic,no,no,5-12,5-12,<7.5,Oligaemic,Fallot,no,4-10_days,no,Lt_to_Rt,Complete,Normal,Low,no
4827,no,Equal,Severe,Normal,Plethoric,no,no,5-12,<5,<7.5,Plethoric,TGA,no,0-3_days,no,None,Transp.,Normal,High,no
4828,no,Equal,Moderate,Normal,Normal,no,no,5-12,12+,<7.5,Normal,Fallot,no,11-30_days,no,Lt_to_Rt,Complete,Normal,Low,no
4829,no,Equal,Moderate,Normal,Oligaemic,yes,yes,<5,12+,<7.5,Oligaemic,TAPVD,yes,4-10_days,yes,None,Complete,Congested,Normal,no
4830,no,Equal,Severe,Normal,Normal,no,no,12+,<5,<7.5,Normal,PAIVS,no,0-3_days,no,Lt_to_Rt,Complete,Normal,Normal,no
4831,no,Equal,Moderate,Normal,Plethoric,no,no,5-12,<5,<7.5,Normal,TGA,no,11-30_days,no,None,Transp.,Normal,High,no
4832,no,Equal,Moderate,Normal,Oligaemic,yes,no,5-12,5-12,<7.5,Asy/Patchy,Fallot,yes,4-10_days,no,Lt_to_Rt,Complete,Normal,Low,yes
4833,no,Equal,Moderate,Normal,Oligaemic,no,yes,5-12,5-12,<7.5,Oligaemic,PAIVS,no,11-30_days,yes,Lt_to_Rt,Complete,Normal,Low,no
4834,no,Unequal,Severe,Normal,Plethoric,no,no,<5,5-12,<7.5,Plethoric,TGA,no,0-3_days,no,None,Transp.,Normal,High,no
4835,no,Equal,Mild,Normal,Oligaemic,no,no,12+,<5,<7.5,Oligaemic,Fallot,no,4-10_days,no,Lt_to_Rt,None,Normal,Low,no
4836,no,Equal,Moderate,Normal,Normal,no,no,5-12,5-12,>=7.5,Normal,Fallot,no,0-3_days,no,Lt_to_Rt,Complete,Normal,Low,yes
4837,no,Unequal,Mild,Normal,Oligaemic,no,no,5-12,<5,>=7.5,Plethoric,Fallot,no,11-30_days,no,Lt_to_Rt,Complete,Normal,Low,no
4838,no,Equal,Mild,Normal,Normal,no,yes,5-12,5-12,<7.5,Oligaemic,PAIVS,no,0-3_days,yes,Lt_to_Rt,Complete,Normal,Low,no
4839,no,Equal,Severe,High,Plethoric,no,yes,12+,<5,>=7.5,Plethoric,TGA,no,4-10_days,yes,Lt_to_Rt,Transp.,Normal,High,yes
4840,no,Equal,Severe,High,Plethoric,no,no,5-12,<5,>=7.5,Plethoric,Fallot,no,4-10_days,no,Lt_to_Rt,Complete,Congested,Low,no
4841,no,Equal,Mild,Normal,Plethoric,no,no,12+,12+,<7.5,Plethoric,Fallot,no,4-10_days,no,Lt_to_Rt,Complete,Normal,High,no
4842,yes,Equal,Severe,High,Asy/Patch,yes,no,<5,5-12,>=7.5,Asy/Patchy,PAIVS,yes,0-3_days,no,Lt_to_Rt,Complete,Abnormal,Normal,yes
4843,no,Equal,Severe,Normal,Normal,no,no,<5,<5,<7.5,Normal,TGA,no,0-3_days,no,None,Transp.,Normal,Normal,no
4844,no,Equal,Severe,Low,Grd_Glass,no,no,<5,<5,>=7.5,Normal,Fallot,no,11-30_days,no,Lt_to_Rt,Complete,Congested,Low,no
4845,no,Equal,Moderate,Normal,Oligaemic,no,no,5-12,5-12,<7.5,Asy/Patchy,Fallot,no,11-30_days,no,Lt_to_Rt,Complete,Normal,Low,no
4846,no,Equal,Moderate,Low,Oligaemic,no,no,<5,5-12,<7.5,Oligaemic,Fallot,no,4-10_days,no,Lt_to_Rt,Mild,Normal,Low,no
4847,no,Equal,Severe,Normal,Plethoric,no,no,<5,12+,<7.5,Plethoric,TGA,no,0-3_days,no,None,Transp.,Normal,High,no
4848,no,Unequal,Severe,Normal,Plethoric,yes,no,5-12,5-12,<7.5,Asy/Patchy,TGA,yes,0-3_days,no,Rt_to_Lt,Transp.,Normal,High,yes
4849,no,Equal,Moderate,Normal,Oligaemic,no,yes,5-12,12+,<7.5,Oligaemic,Fallot,no,11-30_days,no,Lt_to_Rt,Complete,Normal,Low,no
4850,no,Unequal,Mild,Normal,Oligaemic,no,no,5-12,12+,<7.5,Oligaemic,PFC,no,0-3_days,no,Rt_to_Lt,None,Normal,Low,yes
4851,no,Equal,Moderate,Normal,Oligaemic,no,yes,<5,5-12,<7.5,Oligaemic,PAIVS,no,0-3_days,yes,Lt_to_Rt,Complete,Normal,Low,no
4852,yes,Equal,Moderate,Normal,Plethoric,no,no,5-12,5-12,<7.5,Plethoric,TGA,no,4-10_days,no,None,Complete,Normal,High,no
4853,no,Equal,Moderate,High,Asy/Patch,yes,yes,<5,12+,>=7.5,Asy/Patchy,PAIVS,no,0-3_days,yes,Lt_to_Rt,Complete,Abnormal,Low,no
4854,no,Equal,Mild,Normal,Oligaemic,yes,yes,12+,12+,>=7.5,Oligaemic,PFC,no,0-3_days,no,Lt_to_Rt,None,Abnormal,Low,yes
4855,no,Equal,Severe,Normal,Oligaemic,no,yes,<5,5-12,<7.5,Oligaemic,PAIVS,no,4-10_days,yes,Lt_to_Rt,Complete,Normal,Low,no
4856,no,Equal,Moderate,Normal,Normal,no,yes,<5,5-12,<7.5,Normal,Fallot,no,0-3_days,yes,Lt_to_Rt,Complete,Normal,Normal,no
4857,no,Equal,Mild,Normal,Oligaemic,no,no,5-12,12+,<7.5,Oligaemic,PAIVS,no,0-3_days,yes,Lt_to_Rt,Complete,Normal,Low,no
4858,yes,Equal,Severe,Normal,Normal,no,no,5-12,5-12,>=7.5,Normal,TGA,yes,0-3_days,no,None,Transp.,Normal,High,no
4859,no,Equal,Moderate,Normal,Normal,no,no,<5,5-12,<7.5,Normal,Fallot,no,11-30_days,no,Lt_to_Rt,Complete,Normal,Normal,no
4860,no,Equal,Severe,Normal,Normal,no,no,<5,5-12,<7.5,Plethoric,TGA,no,11-30_days,no,None,Transp.,Normal,High,no
4861,yes,Equal,Moderate,Normal,Grd_Glass,yes,yes,5-12,5-12,<7.5,Normal,Fallot,no,11-30_days,yes,Lt_to_Rt,Complete,Abnormal,High,no
4862,no,Equal,Moderate,Normal,Normal,no,yes,5-12,12+,<7.5,Normal,TGA,no,4-10_days,no,None,Transp.,Normal,Normal,no
4863,no,Equal,Mild,Normal,Oligaemic,no,no,12+,5-12,<7.5,Oligaemic,Fallot,yes,4-10_days,no,None,Mild,Normal,Low,no
4864,yes,Equal,Severe,Normal,Oligaemic,no,no,<5,5-12,<7.5,Oligaemic,TGA,no,4-10_days,no,None,Transp.,Normal,Low,no
4865,no,Equal,Severe,Normal,Oligaemic,yes,no,5-12,5-12,<7.5,Oligaemic,TGA,yes,0-3_days,yes,None,Transp.,Normal,Low,no
4866,yes,Equal,Moderate,Normal,Oligaemic,no,no,5-12,<5,<7.5,Oligaemic,Fallot,no,11-30_days,no,None,Transp.,Normal,Low,yes
4867,no,Equal,Mild,Normal,Oligaemic,no,yes,12+,5-12,<7.5,Oligaemic,PAIVS,no,4-10_days,yes,Lt_to_Rt,Complete,Normal,Low,no
4868,no,Equal,Moderate,Normal,Oligaemic,no,yes,5-12,<5,<7.5,Oligaemic,PAIVS,no,0-3_days,yes,Lt_to_Rt,Complete,Normal,Low,no
4869,no,Unequal,Mild,Normal,Normal,no,no,5-12,12+,<7.5,Normal,PFC,no,0-3_days,no,Rt_to_Lt,None,Normal,Normal,no
4870,no,Equal,Severe,High,Normal,no,no,<5,5-12,>=7.5,Normal,TGA,no,0-3_days,no,None,Transp.,Normal,High,yes
4871,no,Equal,Moderate,Normal,Plethoric,no,yes,5-12,<5,<7.5,Plethoric,PAIVS,no,0-3_days,yes,Lt_to_Rt,Complete,Normal,High,no
4872,no,Equal,Moderate,Normal,Oligaemic,no,no,5-12,5-12,<7.5,Oligaemic,PAIVS,no,0-3_days,no,Lt_to_Rt,Mild,Normal,Low,no
4873,yes,Equal,Mild,Normal,Asy/Patch,yes,no,5-12,5-12,<7.5,Plethoric,Lung,yes,0-3_days,no,None,None,Abnormal,Normal,yes
4874,no,Equal,Moderate,Normal,Plethoric,no,no,<5,5-12,<7.5,Plethoric,TGA,no,0-3_days,no,None,Complete,Normal,High,no
4875,yes,Unequal,Moderate,High,Asy/Patch,yes,no,<5,<5,>=7.5,Grd_Glass,PFC,yes,0-3_days,no,Rt_to_Lt,None,Abnormal,Normal,no
4876,no,Equal,Severe,Normal,Normal,no,yes,<5,5-12,<7.5,Normal,TGA,no,0-3_days,yes,None,Transp.,Normal,High,yes
4877,no,Equal,Severe,Normal,Plethoric,no,yes,5-12,<5,<7.5,Asy/Patchy,TGA,no,0-3_days,yes,None,Transp.,Normal,High,no
4878,no,Equal,Severe,Normal,Plethoric,no,no,5-12,5-12,<7.5,Plethoric,TGA,no,0-3_days,no,None,Transp.,Normal,High,yes
4879,no,Equal,Severe,Normal,Normal,no,yes,5-12,<5,<7.5,Normal,Fallot,no,0-3_days,yes,Lt_to_Rt,Complete,Normal,Low,yes
4880,yes,Equal,Mild,High,Grd_Glass,yes,no,5-12,12+,>=7.5,Grd_Glass,TAPVD,yes,4-10_days,no,Lt_to_Rt,None,Abnormal,High,yes
4881,no,Equal,Severe,High,Grd_Glass,no,no,<5,<5,>=7.5,Grd_Glass,TAPVD,no,4-10_days,no,Lt_to_Rt,Complete,Congested,High,no
4882,no,Equal,Moderate,Low,Grd_Glass,no,no,<5,<5,<7.5,Asy/Patchy,Fallot,no,0-3_days,no,Lt_to_Rt,Complete,Congested,Low,no
4883,no,Unequal,Severe,Normal,Plethoric,yes,no,5-12,<5,<7.5,Plethoric,TGA,yes,4-10_days,no,Rt_to_Lt,Transp.,Normal,High,yes
4884,yes,Equal,Severe,High,Asy/Patch,yes,yes,5-12,<5,>=7.5,Asy/Patchy,Lung,yes,4-10_days,yes,None,Complete,Abnormal,Normal,no
4885,no,Unequal,Moderate,High,Asy/Patch,no,yes,5-12,5-12,>=7.5,Asy/Patchy,PAIVS,no,0-3_days,yes,Lt_to_Rt,Complete,Abnormal,Low,no
4886,no,Equal,Severe,Low,Oligaemic,no,no,5-12,12+,<7.5,Oligaemic,Fallot,yes,11-30_days,no,Lt_to_Rt,Complete,Normal,Low,yes
4887,no,Equal,Moderate,Normal,Oligaemic,no,yes,5-12,<5,<7.5,Oligaemic,PAIVS,no,0-3_days,yes,Lt_to_Rt,Complete,Normal,Low,no
4888,no,Equal,Moderate,Normal,Oligaemic,no,yes,5-12,<5,<7.5,Oligaemic,Fallot,no,11-30_days,no,Lt_to_Rt,Complete,Normal,Low,no
4889,no,Equal,Severe,Normal,Oligaemic,no,yes,5-12,5-12,>=7.5,Grd_Glass,PAIVS,no,0-3_days,yes,Lt_to_Rt,Complete,Normal,Low,no
4890,no,Equal,Moderate,High,Asy/Patch,no,yes,5-12,12+,>=7.5,Grd_Glass,PAIVS,no,0-3_days,yes,Lt_to_Rt,Complete,Abnormal,Low,no
4891,no,Equal,Moderate,Normal,Oligaemic,no,no,<5,12+,<7.5,Oligaemic,Fallot,no,11-30_days,no,None,Complete,Normal,Low,no
4892,no,Equal,Mild,High,Normal,no,yes,5-12,12+,>=7.5,Asy/Patchy,Fallot,no,11-30_days,yes,Lt_to_Rt,Mild,Normal,Normal,no
4893,no,Equal,Severe,High,Asy/Patch,no,no,<5,<5,>=7.5,Asy/Patchy,Fallot,no,11-30_days,no,Lt_to_Rt,Complete,Abnormal,Low,no
4894,no,Equal,Severe,Normal,Grd_Glass,yes,yes,<5,5-12,<7.5,Grd_Glass,PAIVS,yes,0-3_days,yes,Lt_to_Rt,Complete,Congested,Low,yes
4895,no,Equal,Moderate,Low,Normal,no,yes,5-12,12+,<7.5,Normal,PAIVS,no,4-10_days,yes,Lt_to_Rt,Complete,Normal,Low,no
4896,no,Equal,Moderate,Normal,Plethoric,no,yes,5-12,5-12,<7.5,Normal,Fallot,no,0-3_days,no,Lt_to_Rt,Complete,Normal,High,no
4897,no,Unequal,Moderate,Normal,Oligaemic,no,no,5-12,5-12,<7.5,Plethoric,PFC,no,0-3_days,no,Rt_to_Lt,Mild,Normal,Low,no
4898,no,Equal,Moderate,Normal,Oligaemic,no,no,<5,<5,<7.5,Oligaemic,Fallot,no,4-10_days,no,Lt_to_Rt,Complete,Normal,Normal,no
4899,no,Equal,Mild,Normal,Asy/Patch,yes,yes,12+,12+,<7.5,Asy/Patchy,Fallot,yes,11-30_days,yes,Lt_to_Rt,Complete,Abnormal,Low,no
4900,no,Equal,Severe,Low,Oligaemic,no,no,5-12,5-12,<7.5,Asy/Patchy,Fallot,yes,11-30_days,no,Lt_to_Rt,Complete,Normal,Low,no
4901,no,Equal,Moderate,Normal,Oligaemic,no,yes,5-12,5-12,<7.5,Oligaemic,PAIVS,no,0-3_days,yes,Lt_to_Rt,Complete,Normal,Low,no
4902,no,Equal,Moderate,Normal,Plethoric,no,no,<5,<5,<7.5,Plethoric,TGA,no,0-3_days,no,None,Transp.,Congested,High,no
4903,no,Equal,Severe,High,Plethoric,no,no,<5,<5,>=7.5,Plethoric,TGA,no,0-3_days,no,None,Transp.,Normal,High,yes
4904,no,Unequal,Severe,High,Oligaemic,yes,no,5-12,5-12,>=7.5,Oligaemic,Fallot,yes,4-10_days,no,Lt_to_Rt,Complete,Normal,Low,no
4905,no,Equal,Severe,Normal,Oligaemic,no,no,<5,<5,>=7.5,Oligaemic,Fallot,no,0-3_days,no,Lt_to_Rt,Complete,Normal,Low,no
4906,no,Equal,Mild,Normal,Asy/Patch,no,no,5-12,5-12,<7.5,Plethoric,Fallot,no,11-30_days,no,Lt_to_Rt,Complete,Abnormal,Normal,no
4907,no,Equal,Moderate,Normal,Oligaemic,no,yes,5-12,<5,<7.5,Oligaemic,PAIVS,no,0-3_days,yes,Lt_to_Rt,Complete,Normal,Low,no
4908,no,Equal,Moderate,Normal,Oligaemic,yes,no,5-12,<5,<7.5,Normal,Fallot,yes,0-3_days,no,Lt_to_Rt,Mild,Normal,Low,no
4909,no,Equal,Moderate,Normal,Normal,no,yes,5-12,<5,<7.5,Normal,TAPVD,no,4-10_days,yes,None,Complete,Normal,Normal,no
4910,no,Equal,Moderate,Normal,Plethoric,no,no,5-12,5-12,<7.5,Plethoric,TGA,no,0-3_days,no,Lt_to_Rt,Transp.,Normal,High,no
4911,yes,Equal,Severe,Normal,Plethoric,no,yes,5-12,<5,>=7.5,Plethoric,TGA,no,0-3_days,yes,None,Transp.,Normal,High,no
4912,no,Equal,Mild,High,Asy/Patch,yes,no,12+,12+,>=7.5,Asy/Patchy,Fallot,yes,11-30_days,no,Lt_to_Rt,Complete,Abnormal,High,no
4913,no,Equal,Severe,Normal,Oligaemic,no,yes,5-12,5-12,<7.5,Asy/Patchy,PAIVS,no,11-30_days,yes,Lt_to_Rt,Complete,Normal,Low,no
4914,no,Equal,Severe,Low,Oligaemic,no,no,5-12,<5,<7.5,Oligaemic,Fallot,no,11-30_days,no,Lt_to_Rt,Complete,Normal,Low,no
4915,no,Equal,Moderate,Normal,Plethoric,no,no,5-12,<5,<7.5,Plethoric,TGA,no,0-3_days,no,None,Transp.,Normal,High,no
4916,no,Equal,Severe,Normal,Plethoric,no,no,<5,<5,<7.5,Plethoric,TGA,no,4-10_days,no,None,Transp.,Normal,High,yes
4917,no,Equal,Moderate,Normal,Plethoric,no,no,<5,5-12,<7.5,Plethoric,TGA,no,0-3_days,no,None,Transp.,Normal,High,yes
4918,no,Equal,Moderate,Normal,Oligaemic,no,no,5-12,<5,<7.5,Oligaemic,Fallot,no,0-3_days,no,None,Complete,Normal,Low,no
4919,no,Equal,Severe,Normal,Oligaemic,no,no,<5,5-12,<7.5,Oligaemic,PAIVS,no,0-3_days,no,Lt_to_Rt,Transp.,Congested,Low,no
4920,no,Equal,Moderate,High,Plethoric,no,no,12+,12+,<7.5,Plethoric,TAPVD,no,0-3_days,no,None,Complete,Congested,High,no
4921,no,Equal,Moderate,Normal,Oligaemic,no,no,12+,5-12,>=7.5,Normal,Fallot,no,0-3_days,no,Lt_to_Rt,Complete,Normal,Low,yes
4922,no,Equal,Severe,Low,Oligaemic,no,no,<5,<5,<7.5,Oligaemic,Fallot,no,4-10_days,no,Lt_to_Rt,Mild,Normal,Low,no
4923,no,Equal,Moderate,Normal,Oligaemic,no,no,5-12,5-12,<7.5,Oligaemic,Fallot,no,11-30_days,no,Lt_to_Rt,Mild,Normal,Low,no
4924,no,Unequal,Severe,Normal,Normal,no,yes,<5,5-12,<7.5,Normal,TGA,no,0-3_days,yes,None,Transp.,Normal,Normal,no
4925,no,Equal,Moderate,Normal,Oligaemic,no,no,5-12,5-12,<7.5,Oligaemic,Fallot,no,11-30_days,no,Lt_to_Rt,Complete,Normal,Low,no
4926,no,Equal,Severe,Normal,Plethoric,no,no,5-12,5-12,<7.5,Plethoric,TGA,no,0-3_days,no,None,Transp.,Normal,High,no
4927,no,Equal,Moderate,Normal,Oligaemic,no,no,<5,12+,<7.5,Oligaemic,TGA,no,0-3_days,no,None,Complete,Normal,Low,no
4928,no,Equal,Moderate,Normal,Oligaemic,no,yes,5-12,12+,<7.5,Oligaemic,PAIVS,no,4-10_days,yes,Lt_to_Rt,Complete,Normal,Low,no
4929,yes,Equal,Severe,Normal,Grd_Glass,yes,no,5-12,<5,<7.5,Grd_Glass,TGA,yes,0-3_days,no,Rt_to_Lt,Transp.,Abnormal,High,no
4930,no,Equal,Moderate,Normal,Plethoric,no,no,5-12,12+,<7.5,Normal,TGA,no,0-3_days,no,Lt_to_Rt,Transp.,Normal,High,no
4931,no,Unequal,Moderate,High,Normal,no,yes,5-12,5-12,>=7.5,Normal,TGA,no,11-30_days,yes,None,Complete,Normal,Normal,yes
4932,no,Equal,Moderate,High,Grd_Glass,no,no,5-12,<5,>=7.5,Plethoric,PFC,no,0-3_days,no,Lt_to_Rt,Mild,Normal,High,yes
4933,yes,Equal,Severe,Low,Normal,no,no,5-12,5-12,<7.5,Normal,TGA,no,11-30_days,no,None,Transp.,Normal,High,no
4934,no,Equal,Severe,High,Asy/Patch,yes,no,<5,<5,>=7.5,Asy/Patchy,TGA,no,0-3_days,no,None,Transp.,Abnormal,Normal,yes
4935,no,Unequal,Severe,Normal,Asy/Patch,yes,yes,<5,<5,<7.5,Asy/Patchy,TGA,yes,4-10_days,no,None,Transp.,Abnormal,High,yes
4936,no,Equal,Severe,Normal,Asy/Patch,no,no,5-12,12+,<7.5,Asy/Patchy,TGA,no,0-3_days,no,None,Transp.,Abnormal,Low,no
4937,no,Equal,Moderate,High,Asy/Patch,yes,no,5-12,5-12,>=7.5,Oligaemic,Fallot,yes,4-10_days,no,Lt_to_Rt,Complete,Abnormal,Normal,yes
4938,yes,Unequal,Severe,Normal,Grd_Glass,no,no,<5,<5,<7.5,Asy/Patchy,PFC,no,0-3_days,no,Rt_to_Lt,Mild,Congested,Low,yes
4939,no,Equal,Moderate,High,Asy/Patch,yes,yes,5-12,5-12,>=7.5,Grd_Glass,Fallot,no,11-30_days,no,Lt_to_Rt,Complete,Abnormal,Low,no
4940,no,Equal,Moderate,Normal,Oligaemic,no,no,5-12,<5,<7.5,Oligaemic,Fallot,no,4-10_days,no,None,Mild,Normal,Low,no
4941,no,Equal,Moderate,Low,Oligaemic,no,no,<5,5-12,<7.5,Oligaemic,TGA,no,0-3_days,no,None,Transp.,Normal,Low,no
4942,yes,Equal,Severe,High,Grd_Glass,yes,no,<5,5-12,>=7.5,Grd_Glass,TGA,yes,0-3_days,no,None,Mild,Abnormal,High,yes
4943,no,Equal,Severe,Low,Normal,no,no,<5,<5,<7.5,Normal,Fallot,no,11-30_days,no,None,Transp.,Normal,Normal,no
4944,no,Equal,Severe,Normal,Oligaemic,no,no,5-12,<5,<7.5,Oligaemic,Fallot,no,11-30_days,no,Lt_to_Rt,Complete,Normal,Low,no
4945,no,Equal,Severe,High,Grd_Glass,no,no,5-12,<5,>=7.5,Asy/Patchy,TAPVD,no,0-3_days,no,None,Complete,Congested,Normal,yes
4946,no,Equal,Severe,Normal,Plethoric,no,no,5-12,<5,<7.5,Plethoric,TGA,no,0-3_days,no,Lt_to_Rt,Transp.,Normal,High,yes
4947,no,Equal,Moderate,Normal,Oligaemic,no,no,5-12,<5,<7.5,Normal,Fallot,yes,11-30_days,no,Lt_to_Rt,Complete,Normal,Low,no
4948,no,Equal,Severe,Low,Oligaemic,no,yes,<5,<5,<7.5,Oligaemic,PAIVS,no,0-3_days,yes,Lt_to_Rt,Complete,Normal,Low,no
4949,no,Equal,Severe,Normal,Asy/Patch,no,yes,<5,<5,<7.5,Asy/Patchy,PAIVS,no,0-3_days,yes,Lt_to_Rt,Complete,Congested,Low,no
4950,no,Equal,Moderate,High,Asy/Patch,yes,no,12+,5-12,<7.5,Asy/Patchy,TAPVD,yes,0-3_days,no,Lt_to_Rt,Complete,Abnormal,Normal,yes
4951,no,Equal,Moderate,Low,Oligaemic,no,yes,<5,5-12,<7.5,Oligaemic,PAIVS,no,0-3_days,yes,Lt_to_Rt,Complete,Normal,Low,no
4952,no,Unequal,Moderate,Normal,Oligaemic,no,no,12+,12+,<7.5,Oligaemic,Fallot,no,11-30_days,no,Lt_to_Rt,Mild,Normal,Low,no
4953,no,Equal,Moderate,Normal,Normal,no,no,5-12,12+,<7.5,Plethoric,Fallot,no,0-3_days,no,Lt_to_Rt,Complete,Normal,Normal,no
4954,yes,Equal,Moderate,High,Oligaemic,no,yes,5-12,5-12,>=7.5,Normal,PAIVS,no,0-3_days,yes,Lt_to_Rt,Complete,Normal,Low,no
4955,no,Unequal,Severe,Normal,Normal,no,no,<5,<5,<7.5,Normal,Fallot,no,4-10_days,no,Lt_to_Rt,Mild,Normal,Normal,no
4956,no,Equal,Moderate,Normal,Oligaemic,yes,no,<5,5-12,<7.5,Oligaemic,Fallot,yes,0-3_days,no,Lt_to_Rt,Complete,Normal,Low,yes
4957,no,Equal,Moderate,Normal,Normal,no,no,5-12,12+,>=7.5,Normal,Fallot,no,11-30_days,no,Lt_to_Rt,Mild,Normal,Low,no
4958,no,Equal,Severe,Normal,Asy/Patch,yes,no,5-12,5-12,<7.5,Asy/Patchy,Lung,no,0-3_days,no,Rt_to_Lt,Complete,Abnormal,Low,no
4959,yes,Equal,Severe,High,Normal,yes,no,<5,<5,>=7.5,Normal,TGA,yes,0-3_days,no,None,Transp.,Abnormal,High,no
4960,no,Equal,Moderate,Normal,Plethoric,no,yes,<5,5-12,<7.5,Plethoric,PAIVS,no,4-10_days,yes,Lt_to_Rt,Complete,Normal,Low,yes
4961,no,Equal,Severe,Normal,Grd_Glass,no,no,<5,<5,<7.5,Asy/Patchy,TGA,no,0-3_days,no,None,Transp.,Normal,High,yes
4962,no,Equal,Moderate,High,Oligaemic,no,no,5-12,5-12,>=7.5,Oligaemic,Fallot,no,0-3_days,no,Lt_to_Rt,Complete,Normal,Low,yes
4963,no,Equal,Severe,Low,Plethoric,yes,no,5-12,5-12,<7.5,Normal,TGA,yes,4-10_days,no,None,Transp.,Normal,High,yes
4964,no,Equal,Moderate,Normal,Normal,no,yes,5-12,5-12,<7.5,Plethoric,PAIVS,no,4-10_days,yes,Lt_to_Rt,Complete,Normal,Low,no
4965,no,Equal,Mild,Normal,Normal,no,no,12+,12+,<7.5,Asy/Patchy,TGA,no,11-30_days,no,None,Transp.,Normal,High,no
4966,no,Equal,Moderate,Normal,Normal,yes,no,<5,5-12,<7.5,Normal,Fallot,yes,11-30_days,no,Lt_to_Rt,Mild,Abnormal,Low,no
4967,no,Equal,Moderate,Normal,Plethoric,no,no,<5,5-12,<7.5,Normal,TGA,no,0-3_days,no,Lt_to_Rt,Complete,Normal,High,no
4968,yes,Unequal,Moderate,Low,Oligaemic,no,no,5-12,12+,<7.5,Normal,PFC,no,4-10_days,no,Rt_to_Lt,Mild,Normal,Low,yes
4969,no,Equal,Severe,Low,Asy/Patch,yes,yes,5-12,<5,<7.5,Asy/Patchy,Fallot,yes,11-30_days,no,Lt_to_Rt,Complete,Abnormal,Normal,no
4970,no,Unequal,Moderate,Normal,Grd_Glass,no,no,5-12,<5,>=7.5,Grd_Glass,Lung,no,0-3_days,no,Rt_to_Lt,Mild,Congested,Normal,no
4971,yes,Equal,Moderate,High,Asy/Patch,no,no,<5,5-12,>=7.5,Asy/Patchy,PFC,no,0-3_days,no,Lt_to_Rt,Mild,Abnormal,Normal,yes
4972,no,Equal,Severe,Normal,Oligaemic,no,no,<5,<5,<7.5,Oligaemic,Fallot,yes,11-30_days,no,Lt_to_Rt,Complete,Normal,Low,no
4973,yes,Equal,Severe,Normal,Plethoric,no,no,<5,<5,<7.5,Plethoric,TGA,no,0-3_days,no,None,Transp.,Normal,High,no
4974,no,Equal,Moderate,Normal,Oligaemic,no,no,5-12,12+,<7.5,Oligaemic,PAIVS,no,0-3_days,no,Lt_to_Rt,Complete,Normal,Low,yes
4975,no,Equal,Moderate,Normal,Oligaemic,no,no,5-12,5-12,>=7.5,Oligaemic,Fallot,no,4-10_days,no,Lt_to_Rt,Complete,Normal,Low,no
4976,no,Equal,Moderate,Normal,Plethoric,no,no,5-12,5-12,<7.5,Normal,TGA,no,4-10_days,no,None,Transp.,Normal,High,no
4977,no,Equal,Moderate,High,Asy/Patch,no,no,<5,<5,>=7.5,Asy/Patchy,Fallot,no,0-3_days,no,Lt_to_Rt,Complete,Congested,Low,yes
4978,no,Equal,Severe,High,Asy/Patch,no,no,5-12,5-12,<7.5,Asy/Patchy,PAIVS,no,0-3_days,yes,Lt_to_Rt,Complete,Abnormal,Low,yes
4979,no,Equal,Moderate,Normal,Plethoric,no,no,<5,<5,<7.5,Plethoric,Fallot,yes,11-30_days,no,Lt_to_Rt,Complete,Normal,Low,no
4980,no,Equal,Severe,Normal,Grd_Glass,yes,no,12+,<5,<7.5,Asy/Patchy,Fallot,yes,11-30_days,no,Lt_to_Rt,Complete,Congested,Low,yes
4981,no,Equal,Severe,Normal,Oligaemic,no,yes,<5,<5,<7.5,Oligaemic,PAIVS,no,0-3_days,yes,Lt_to_Rt,Complete,Abnormal,Low,no
4982,no,Equal,Severe,High,Asy/Patch,yes,no,12+,12+,>=7.5,Asy/Patchy,Lung,yes,0-3_days,no,Lt_to_Rt,None,Abnormal,Normal,yes
4983,no,Equal,Moderate,High,Asy/Patch,no,no,<5,5-12,>=7.5,Plethoric,Fallot,no,11-30_days,no,Lt_to_Rt,Complete,Abnormal,Normal,no
4984,no,Unequal,Severe,Normal,Normal,yes,yes,5-12,<5,<7.5,Normal,PAIVS,yes,0-3_days,yes,Lt_to_Rt,Complete,Normal,Low,no
4985,no,Equal,Mild,High,Asy/Patch,no,no,12+,12+,>=7.5,Normal,Lung,no,0-3_days,no,None,Mild,Abnormal,Normal,yes
4986,no,Equal,Mild,Normal,Oligaemic,no,no,12+,12+,<7.5,Oligaemic,Fallot,no,0-3_days,no,Lt_to_Rt,Mild,Normal,Low,no
4987,no,Equal,Moderate,Normal,Oligaemic,no,yes,<5,<5,<7.5,Oligaemic,PAIVS,no,0-3_days,yes,Lt_to_Rt,Complete,Normal,Low,no
4988,no,Unequal,Moderate,Normal,Oligaemic,no,no,<5,5-12,<7.5,Oligaemic,PFC,no,0-3_days,no,Rt_to_Lt,Mild,Normal,Low,yes
4989,no,Equal,Severe,Normal,Oligaemic,no,no,<5,5-12,>=7.5,Oligaemic,Fallot,no,11-30_days,no,Lt_to_Rt,Complete,Normal,Low,no
4990,no,Equal,Severe,Low,Normal,no,no,<5,<5,<7.5,Normal,TGA,no,0-3_days,no,None,Transp.,Normal,High,no
4991,no,Equal,Moderate,Normal,Plethoric,no,no,5-12,5-12,<7.5,Asy/Patchy,TGA,no,0-3_days,no,None,Transp.,Normal,High,no
4992,no,Equal,Moderate,High,Plethoric,yes,yes,<5,<5,>=7.5,Plethoric,PAIVS,no,0-3_days,yes,Lt_to_Rt,Complete,Abnormal,Low,no
4993,no,Equal,Severe,Normal,Oligaemic,no,no,12+,<5,<7.5,Oligaemic,TGA,no,0-3_days,no,None,Transp.,Normal,Low,no
4994,yes,Equal,Mild,Normal,Oligaemic,no,no,5-12,12+,<7.5,Asy/Patchy,PFC,no,0-3_days,no,Lt_to_Rt,None,Normal,Low,yes
4995,no,Equal,Severe,Normal,Normal,no,no,5-12,12+,<7.5,Normal,TGA,no,0-3_days,no,None,Transp.,Normal,High,yes
4996,no,Equal,Mild,Normal,Normal,no,yes,<5,<5,<7.5,Normal,PAIVS,no,4-10_days,yes,Lt_to_Rt,Complete,Normal,Normal,no
4997,no,Equal,Severe,Low,Plethoric,no,no,5-12,<5,<7.5,Plethoric,TGA,no,0-3_days,no,None,Transp.,Normal,High,no
4998,no,Equal,Moderate,Low,Oligaemic,no,yes,<5,5-12,<7.5,Oligaemic,PAIVS,no,0-3_days,yes,Lt_to_Rt,Complete,Normal,Normal,no
4999,no,Equal,Severe,Normal,Normal,yes,no,<5,12+,<7.5,Normal,TGA,no,0-3_days,no,Lt_to_Rt,Transp.,Normal,Normal,yes
